Product,Category,Sub-Category,Unit Size,Pack Size,Manufacturer,Manufacturer Code,Distributors,Distributor Code,EO32 Eligible ,Certifications,NY Grown & Certified Verification,Product Info,Product Formulation Statement OR NY Grown & Certified Certificate,Retail Size Packs Available,Vegan,Distribution Notes,Notes,Record Last Modified,Vendor Contact List copy,Vendor Contact List copy,Vendor Contact List copy,Vendor Contact List copy,Update/Add Vendor Profile copy,Update/Add Vendor Profile copy,Update/Add Vendor Profile copy,Update/Add Vendor Profile copy,Vendor Contact List
"Beef, Ground",Protein,Meat,5 lbs.,6/5lb/cs,Burly Brothers Country Butchery,,Burly Brothers Country Butchery,,Yes,NY Grown & Certified ,,,,,,,Additional cuts available: call Burly Bros. to discuss,4/11/2024 3:23pm,,,,,,,,,
"Beef patty, 3 oz.",Protein,Meat,3 oz. patty,150/cs; approx. 30 lb.,Burly Brothers Country Butchery,,Burly Brothers Country Butchery,,Yes,NY Grown & Certified ,,,,,,,Additional cuts available: call Burly Bros. to discuss,6/12/2024 10:36am,,,,,,,,,
"Beef, ground, bulk",Protein,Meat,10 lb.,30 lbs/cs.,Happy Valley Meat Co.,,,,Still Under Review,,,,,,,,PFS available upon request,2/27/2025 9:43am,,,,,,,,,
"Beef patty, 1/3 lb.",Protein,Meat,1/3 lb. patty,5 lb. packs; 20 lbs/cs. (4 packs),Happy Valley Meat Co.,,,,Still Under Review,,,,,,,,PFS available upon request,2/21/2024 8:03am,,,,,,,,,
Ground Beef,Protein,Meat,10#,30 lbs/cs,Happy Valley Meat Co.,119,"Ginsberg's Foods,Happy Valley Meat Co.",,Yes,,,"HVM_About_Us_Product_List.pdf (https://v5.airtableusercontent.com/v3/u/42/42/1749600000000/1i-cvxMzdAFyCflw9kTiOQ/k9KEW9NJDFY154u8XeaFJpsOWqAaG_nP5y6Lsd58ItT4ZLUa5GT15DYVoqUk91AHNdByewaIKrX-bizLzM9yfM8OGULLISi9oKEJZ7QSHx7sIdTuyC0yyHiefa09kj8RSiyCLNbVFVgtKK3dEmkbuIlOlu-sb2fpOyu5XgX1hVI7l4u1abO5loQMpitrivFn/AUya4V-_ni-BYy_d53bg5_ZJN4rv417IK8TGgVBD_Fk),HVM_Product_Spec_Sheets.pdf (https://v5.airtableusercontent.com/v3/u/42/42/1749600000000/xVKNFSWrv8qK2USgN4lCyw/fEhbw7HYzVwF4vHEgAdWK7fybFmjD8Ekpi_1girnPwhhHLZzQhwK1LVCXvUB_ltLgNWJkgNR3gIeF2qUOLE7vB_SXLarkOMkX02-jSIGkcLDj9dM-EtNJmsoA4_JVK_p_zCOw09unc5L10NHGGYHHtFmLfPmM2DZtvM_86WEshRPH3QInTdbPwiuvpRD_THc/DVlFo54nQzEMBX_x1gWYm4zf10HzagjVx5UCLKTmsSo)",,,,,PFS available for each lot,6/10/2025 10:57am,,,,,,,,,
Beef- Short Ribs Halal Processed ,Protein,Meat,"3lb or 5lb, average size",35lb,Mulligan Creek Acres  ,,Mulligan Creek Acres  ,,Yes,Halal,,,,checked,,,PFS available upon request. ,2/28/2025 10:27am,,,,,,,,,
Beef- patty Halal Processed ,Protein,Meat,"3lb or 5lb, average size",35lb,Mulligan Creek Acres  ,,Mulligan Creek Acres  ,,Yes,Halal,,,,checked,,,PFS available upon request. ,2/28/2025 10:27am,,,,,,,,,
Beef- porterhouse Halal Processed ,Protein,Meat,"3lb or 5lb, average size",35lb,Mulligan Creek Acres  ,,Mulligan Creek Acres  ,,Yes,Halal,,,,checked,,,PFS available upon request. ,2/28/2025 10:23am,,,,,,,,,
Beef - Ground Halal Processed ,Protein,Meat,"3lb or 5lb, average size",35lb,Mulligan Creek Acres  ,,Mulligan Creek Acres  ,,Yes,Halal,,,,checked,,,PFS available upon request. ,2/28/2025 10:27am,,,,,,,,,
Beef - ribeye Halal Processed ,Protein,Meat,"3lb or 5lb, average size",35lb,Mulligan Creek Acres  ,,Mulligan Creek Acres  ,,Yes,Halal,,,,checked,,,PFS available upon request. ,2/28/2025 10:23am,,,,,,,,,
Beef- chuck Halal Processed ,Protein,Meat,"3lb or 5lb, average size",35lb,Mulligan Creek Acres  ,,Mulligan Creek Acres  ,,Yes,Halal,,,,checked,,,PFS available upon request. ,2/28/2025 10:23am,,,,,,,,,
"Hotdog, beef 8:1",Protein,Meat,2 oz,96/case/4/3#,Sabrett,438,"Ginsberg's Foods,Sabrett",54877,Yes,,,"Sabretts spec sheet with Ginsberg product code.pdf (https://v5.airtableusercontent.com/v3/u/42/42/1749600000000/qDFN5a8XPsnnzsSILLd2Ww/Xq0gTD8u6h_hZuk_v74H_GpC5ZZYPmhiayjwKRqfmBq6wJ07zTLQioWwVn9bGfg7ydC53SXsxjMpA6UIxU2VtfxcVTuZwQSfvhHSCMC_sPm5ESFji3cCe0Ihd2oYvk4gb5s7FnBm3un1SP0eN1GdHV8ujWQIAyAlO8lxhTkyY2QpSXzeS3ftScd2ZL7WK6mMAk7VYzNHerFhWLTJd2vxNw/GfkosxkApBRc1m3_Tz-99MI77qxEF-WokSxST8Vc53A),Sabrett sell sheet.pdf (https://v5.airtableusercontent.com/v3/u/42/42/1749600000000/AaX_kDzJ5Kniur9swyDGqA/77_9dkPq7QhgthRAmW00FdGE-9PG9ITkxlipkW8HYPT2mjUrdpOmJIiWnjf6Z6G22RH34smzt4PO0uqqr0hrQWxrSINrTXy4pAp6jRyxgoOSMvpx4Hh-gNyjTihFFBjN4u8JXHHZJc8EGWTx9HU7WeLU8RN6jkmmRgYxlsIRikI/BqG6y_Nzq-1n8yoZ4rfwvfhLJlzCZbQ8N-FvMuo9khg)",,,,,,11/15/2024 11:59am,,,,,,,,,
"Hotdog, beef, 8:1",Protein,Meat,2 oz.,180/cs (30#/cs; 8/#),Slate Foods,SF1920-8-2,Slate Foods,,No,"NY Grown & Certified ,M/WBE",NY Grown and Certified Certificate Slate Foods.pdf (https://v5.airtableusercontent.com/v3/u/42/42/1749600000000/N2_U1HSyrnurqxB3Ds2r6g/ZHZXXS9NC9a9I958fMezcA4WWabB-HtgVVh0F5ciDk8D1rR6LBOEe0CZC6RVxCr0UNxEZuGQ9bbi-Eq362pddkIOgAqKblfzh7Kl9MkKtscpq3VSNx1yEOqPuuQODdlelbYlYAaPRHn-WFVzvuJmk0pt0yuXdgm8I1CeTOCibgEBgCzDuReioBgaPgki70m5/ZpubNHv_iuA33_ghc3OOVFz1gvJ2BphrSttGi7FzjZY),"Slate Foods Product List and All Product Nutritionals.pdf (https://v5.airtableusercontent.com/v3/u/42/42/1749600000000/cIHdYnC_EUaUi2WyEIe7Dw/3Bv7jd0UdjvPiapmbu47StMu2p1MQdIltl6BRrcMTFicFhXIGAJL2nv3zuz1gC4ERc69pwhZuChBgP62n8wJgVwsQIdnZjWWaFKMooI1NjI98Aal5E9Levb-0419NvEMBPSPsZtDsKIHB7UPc81uwB-7Lmky5sF8irGywq6De6otN5stJjaU_LyDQSEXGdWy/VrUhHCc1fO73LVAy-mYWib0TTpJzbuwmXmqDF_Wm5-Q),Slate Products with Detailed Specs.pdf (https://v5.airtableusercontent.com/v3/u/42/42/1749600000000/SF6W-kCGLpjdJsdi9cxCdw/AkF8AhjQpzUq_de3bk1F4KUIOZQ55SqqKgECpMPXShD1vlRDGvU2MvYBqam8NPlBfOOx4OIEuAMpDhHslu4zx_2t5dztAfK0V8sW96xiIGdpVWuU2gKbI2CXgbmg_gNE_8RR16ZaFEGUfx3DLh5ONhH5maz7u-ob3droBZVNh2c/e9CVdBH-1c5vZan78HaYONZPCR7Eh6jH2xYIywNuvkc)",,checked,,,,8/16/2024 1:38pm,,,Slate Foods,"""OGS, Downstate Distribution Center"", Behlog & Sons Produce, Big Apple Deli Products, Dagele Brothers Produce, Latina Boulevard, Renzi Foodservice, Sysco Albany, Victory Foods",,,,,
"Beef patty, 4 oz. ",Protein,Meat,4 oz.,120/cs (3/10#),Slate Foods,SF114,Slate Foods,,Can be upon request ,"NY Grown & Certified ,M/WBE",NY Grown and Certified Certificate Slate Foods.pdf (https://v5.airtableusercontent.com/v3/u/42/42/1749600000000/N2_U1HSyrnurqxB3Ds2r6g/ZHZXXS9NC9a9I958fMezcA4WWabB-HtgVVh0F5ciDk8D1rR6LBOEe0CZC6RVxCr0UNxEZuGQ9bbi-Eq362pddkIOgAqKblfzh7Kl9MkKtscpq3VSNx1yEOqPuuQODdlelbYlYAaPRHn-WFVzvuJmk0pt0yuXdgm8I1CeTOCibgEBgCzDuReioBgaPgki70m5/ZpubNHv_iuA33_ghc3OOVFz1gvJ2BphrSttGi7FzjZY),"Slate Foods Product List and All Product Nutritionals.pdf (https://v5.airtableusercontent.com/v3/u/42/42/1749600000000/cIHdYnC_EUaUi2WyEIe7Dw/3Bv7jd0UdjvPiapmbu47StMu2p1MQdIltl6BRrcMTFicFhXIGAJL2nv3zuz1gC4ERc69pwhZuChBgP62n8wJgVwsQIdnZjWWaFKMooI1NjI98Aal5E9Levb-0419NvEMBPSPsZtDsKIHB7UPc81uwB-7Lmky5sF8irGywq6De6otN5stJjaU_LyDQSEXGdWy/VrUhHCc1fO73LVAy-mYWib0TTpJzbuwmXmqDF_Wm5-Q),Slate Products with Detailed Specs.pdf (https://v5.airtableusercontent.com/v3/u/42/42/1749600000000/SF6W-kCGLpjdJsdi9cxCdw/AkF8AhjQpzUq_de3bk1F4KUIOZQ55SqqKgECpMPXShD1vlRDGvU2MvYBqam8NPlBfOOx4OIEuAMpDhHslu4zx_2t5dztAfK0V8sW96xiIGdpVWuU2gKbI2CXgbmg_gNE_8RR16ZaFEGUfx3DLh5ONhH5maz7u-ob3droBZVNh2c/e9CVdBH-1c5vZan78HaYONZPCR7Eh6jH2xYIywNuvkc)",,checked,,,,8/16/2024 1:38pm,,,Slate Foods,"""OGS, Downstate Distribution Center"", Behlog & Sons Produce, Big Apple Deli Products, Dagele Brothers Produce, Latina Boulevard, Renzi Foodservice, Sysco Albany, Victory Foods",,,,,
"Hotdog, beef, 6:1",Protein,Meat,2.68 oz.,240/cs (30#/cs; 6/#),Slate Foods,SF1920-6,Slate Foods,,No,"NY Grown & Certified ,M/WBE",NY Grown and Certified Certificate Slate Foods.pdf (https://v5.airtableusercontent.com/v3/u/42/42/1749600000000/N2_U1HSyrnurqxB3Ds2r6g/ZHZXXS9NC9a9I958fMezcA4WWabB-HtgVVh0F5ciDk8D1rR6LBOEe0CZC6RVxCr0UNxEZuGQ9bbi-Eq362pddkIOgAqKblfzh7Kl9MkKtscpq3VSNx1yEOqPuuQODdlelbYlYAaPRHn-WFVzvuJmk0pt0yuXdgm8I1CeTOCibgEBgCzDuReioBgaPgki70m5/ZpubNHv_iuA33_ghc3OOVFz1gvJ2BphrSttGi7FzjZY),"Slate Foods Product List and All Product Nutritionals.pdf (https://v5.airtableusercontent.com/v3/u/42/42/1749600000000/cIHdYnC_EUaUi2WyEIe7Dw/3Bv7jd0UdjvPiapmbu47StMu2p1MQdIltl6BRrcMTFicFhXIGAJL2nv3zuz1gC4ERc69pwhZuChBgP62n8wJgVwsQIdnZjWWaFKMooI1NjI98Aal5E9Levb-0419NvEMBPSPsZtDsKIHB7UPc81uwB-7Lmky5sF8irGywq6De6otN5stJjaU_LyDQSEXGdWy/VrUhHCc1fO73LVAy-mYWib0TTpJzbuwmXmqDF_Wm5-Q),Slate Products with Detailed Specs.pdf (https://v5.airtableusercontent.com/v3/u/42/42/1749600000000/SF6W-kCGLpjdJsdi9cxCdw/AkF8AhjQpzUq_de3bk1F4KUIOZQ55SqqKgECpMPXShD1vlRDGvU2MvYBqam8NPlBfOOx4OIEuAMpDhHslu4zx_2t5dztAfK0V8sW96xiIGdpVWuU2gKbI2CXgbmg_gNE_8RR16ZaFEGUfx3DLh5ONhH5maz7u-ob3droBZVNh2c/e9CVdBH-1c5vZan78HaYONZPCR7Eh6jH2xYIywNuvkc)",,,,,,8/16/2024 1:38pm,,,Slate Foods,"""OGS, Downstate Distribution Center"", Behlog & Sons Produce, Big Apple Deli Products, Dagele Brothers Produce, Latina Boulevard, Renzi Foodservice, Sysco Albany, Victory Foods",,,,,
"Beef, ground, bulk",Protein,Meat,5 lb.,30 lb. cs (6/5 lb.),Slate Foods,SF115,Slate Foods,,Can be upon request ,"NY Grown & Certified ,M/WBE",NY Grown and Certified Certificate Slate Foods.pdf (https://v5.airtableusercontent.com/v3/u/42/42/1749600000000/N2_U1HSyrnurqxB3Ds2r6g/ZHZXXS9NC9a9I958fMezcA4WWabB-HtgVVh0F5ciDk8D1rR6LBOEe0CZC6RVxCr0UNxEZuGQ9bbi-Eq362pddkIOgAqKblfzh7Kl9MkKtscpq3VSNx1yEOqPuuQODdlelbYlYAaPRHn-WFVzvuJmk0pt0yuXdgm8I1CeTOCibgEBgCzDuReioBgaPgki70m5/ZpubNHv_iuA33_ghc3OOVFz1gvJ2BphrSttGi7FzjZY),"Slate Foods Product List and All Product Nutritionals.pdf (https://v5.airtableusercontent.com/v3/u/42/42/1749600000000/cIHdYnC_EUaUi2WyEIe7Dw/3Bv7jd0UdjvPiapmbu47StMu2p1MQdIltl6BRrcMTFicFhXIGAJL2nv3zuz1gC4ERc69pwhZuChBgP62n8wJgVwsQIdnZjWWaFKMooI1NjI98Aal5E9Levb-0419NvEMBPSPsZtDsKIHB7UPc81uwB-7Lmky5sF8irGywq6De6otN5stJjaU_LyDQSEXGdWy/VrUhHCc1fO73LVAy-mYWib0TTpJzbuwmXmqDF_Wm5-Q),Slate Products with Detailed Specs.pdf (https://v5.airtableusercontent.com/v3/u/42/42/1749600000000/SF6W-kCGLpjdJsdi9cxCdw/AkF8AhjQpzUq_de3bk1F4KUIOZQ55SqqKgECpMPXShD1vlRDGvU2MvYBqam8NPlBfOOx4OIEuAMpDhHslu4zx_2t5dztAfK0V8sW96xiIGdpVWuU2gKbI2CXgbmg_gNE_8RR16ZaFEGUfx3DLh5ONhH5maz7u-ob3droBZVNh2c/e9CVdBH-1c5vZan78HaYONZPCR7Eh6jH2xYIywNuvkc)",,checked,,,,8/16/2024 1:38pm,,,Slate Foods,"""OGS, Downstate Distribution Center"", Behlog & Sons Produce, Big Apple Deli Products, Dagele Brothers Produce, Latina Boulevard, Renzi Foodservice, Sysco Albany, Victory Foods",,,,,
"Beef patty, 2.66 oz. ",Protein,Meat,2.66 oz.,180/cs (3/10#),Slate Foods,SF116,Slate Foods,,Can be upon request ,"NY Grown & Certified ,M/WBE",NY Grown and Certified Certificate Slate Foods.pdf (https://v5.airtableusercontent.com/v3/u/42/42/1749600000000/N2_U1HSyrnurqxB3Ds2r6g/ZHZXXS9NC9a9I958fMezcA4WWabB-HtgVVh0F5ciDk8D1rR6LBOEe0CZC6RVxCr0UNxEZuGQ9bbi-Eq362pddkIOgAqKblfzh7Kl9MkKtscpq3VSNx1yEOqPuuQODdlelbYlYAaPRHn-WFVzvuJmk0pt0yuXdgm8I1CeTOCibgEBgCzDuReioBgaPgki70m5/ZpubNHv_iuA33_ghc3OOVFz1gvJ2BphrSttGi7FzjZY),"Slate Foods Product List and All Product Nutritionals.pdf (https://v5.airtableusercontent.com/v3/u/42/42/1749600000000/cIHdYnC_EUaUi2WyEIe7Dw/3Bv7jd0UdjvPiapmbu47StMu2p1MQdIltl6BRrcMTFicFhXIGAJL2nv3zuz1gC4ERc69pwhZuChBgP62n8wJgVwsQIdnZjWWaFKMooI1NjI98Aal5E9Levb-0419NvEMBPSPsZtDsKIHB7UPc81uwB-7Lmky5sF8irGywq6De6otN5stJjaU_LyDQSEXGdWy/VrUhHCc1fO73LVAy-mYWib0TTpJzbuwmXmqDF_Wm5-Q),Slate Products with Detailed Specs.pdf (https://v5.airtableusercontent.com/v3/u/42/42/1749600000000/SF6W-kCGLpjdJsdi9cxCdw/AkF8AhjQpzUq_de3bk1F4KUIOZQ55SqqKgECpMPXShD1vlRDGvU2MvYBqam8NPlBfOOx4OIEuAMpDhHslu4zx_2t5dztAfK0V8sW96xiIGdpVWuU2gKbI2CXgbmg_gNE_8RR16ZaFEGUfx3DLh5ONhH5maz7u-ob3droBZVNh2c/e9CVdBH-1c5vZan78HaYONZPCR7Eh6jH2xYIywNuvkc)",,,,,,8/16/2024 1:38pm,,,Slate Foods,"""OGS, Downstate Distribution Center"", Behlog & Sons Produce, Big Apple Deli Products, Dagele Brothers Produce, Latina Boulevard, Renzi Foodservice, Sysco Albany, Victory Foods",,,,,
"Beef patty, 3 oz. ",Protein,Meat,3 oz.,150/cs (3/10#),Slate Foods,SF113,Slate Foods,,Can be upon request ,"NY Grown & Certified ,M/WBE",NY Grown and Certified Certificate Slate Foods.pdf (https://v5.airtableusercontent.com/v3/u/42/42/1749600000000/N2_U1HSyrnurqxB3Ds2r6g/ZHZXXS9NC9a9I958fMezcA4WWabB-HtgVVh0F5ciDk8D1rR6LBOEe0CZC6RVxCr0UNxEZuGQ9bbi-Eq362pddkIOgAqKblfzh7Kl9MkKtscpq3VSNx1yEOqPuuQODdlelbYlYAaPRHn-WFVzvuJmk0pt0yuXdgm8I1CeTOCibgEBgCzDuReioBgaPgki70m5/ZpubNHv_iuA33_ghc3OOVFz1gvJ2BphrSttGi7FzjZY),"Slate Foods Product List and All Product Nutritionals.pdf (https://v5.airtableusercontent.com/v3/u/42/42/1749600000000/cIHdYnC_EUaUi2WyEIe7Dw/3Bv7jd0UdjvPiapmbu47StMu2p1MQdIltl6BRrcMTFicFhXIGAJL2nv3zuz1gC4ERc69pwhZuChBgP62n8wJgVwsQIdnZjWWaFKMooI1NjI98Aal5E9Levb-0419NvEMBPSPsZtDsKIHB7UPc81uwB-7Lmky5sF8irGywq6De6otN5stJjaU_LyDQSEXGdWy/VrUhHCc1fO73LVAy-mYWib0TTpJzbuwmXmqDF_Wm5-Q),Slate Products with Detailed Specs.pdf (https://v5.airtableusercontent.com/v3/u/42/42/1749600000000/SF6W-kCGLpjdJsdi9cxCdw/AkF8AhjQpzUq_de3bk1F4KUIOZQ55SqqKgECpMPXShD1vlRDGvU2MvYBqam8NPlBfOOx4OIEuAMpDhHslu4zx_2t5dztAfK0V8sW96xiIGdpVWuU2gKbI2CXgbmg_gNE_8RR16ZaFEGUfx3DLh5ONhH5maz7u-ob3droBZVNh2c/e9CVdBH-1c5vZan78HaYONZPCR7Eh6jH2xYIywNuvkc)",,,,,,8/16/2024 1:38pm,,,Slate Foods,"""OGS, Downstate Distribution Center"", Behlog & Sons Produce, Big Apple Deli Products, Dagele Brothers Produce, Latina Boulevard, Renzi Foodservice, Sysco Albany, Victory Foods",,,,,
"Beef, tenderloin",Protein,Meat,2-2.5 lb.,Mixed case sizes,Slate Foods,SF118,Slate Foods,,Can be upon request ,"NY Grown & Certified ,M/WBE",NY Grown and Certified Certificate Slate Foods.pdf (https://v5.airtableusercontent.com/v3/u/42/42/1749600000000/N2_U1HSyrnurqxB3Ds2r6g/ZHZXXS9NC9a9I958fMezcA4WWabB-HtgVVh0F5ciDk8D1rR6LBOEe0CZC6RVxCr0UNxEZuGQ9bbi-Eq362pddkIOgAqKblfzh7Kl9MkKtscpq3VSNx1yEOqPuuQODdlelbYlYAaPRHn-WFVzvuJmk0pt0yuXdgm8I1CeTOCibgEBgCzDuReioBgaPgki70m5/ZpubNHv_iuA33_ghc3OOVFz1gvJ2BphrSttGi7FzjZY),"Slate Foods Product List and All Product Nutritionals.pdf (https://v5.airtableusercontent.com/v3/u/42/42/1749600000000/cIHdYnC_EUaUi2WyEIe7Dw/3Bv7jd0UdjvPiapmbu47StMu2p1MQdIltl6BRrcMTFicFhXIGAJL2nv3zuz1gC4ERc69pwhZuChBgP62n8wJgVwsQIdnZjWWaFKMooI1NjI98Aal5E9Levb-0419NvEMBPSPsZtDsKIHB7UPc81uwB-7Lmky5sF8irGywq6De6otN5stJjaU_LyDQSEXGdWy/VrUhHCc1fO73LVAy-mYWib0TTpJzbuwmXmqDF_Wm5-Q),Slate Products with Detailed Specs.pdf (https://v5.airtableusercontent.com/v3/u/42/42/1749600000000/SF6W-kCGLpjdJsdi9cxCdw/AkF8AhjQpzUq_de3bk1F4KUIOZQ55SqqKgECpMPXShD1vlRDGvU2MvYBqam8NPlBfOOx4OIEuAMpDhHslu4zx_2t5dztAfK0V8sW96xiIGdpVWuU2gKbI2CXgbmg_gNE_8RR16ZaFEGUfx3DLh5ONhH5maz7u-ob3droBZVNh2c/e9CVdBH-1c5vZan78HaYONZPCR7Eh6jH2xYIywNuvkc)",,checked,,,,8/16/2024 1:38pm,,,Slate Foods,"""OGS, Downstate Distribution Center"", Behlog & Sons Produce, Big Apple Deli Products, Dagele Brothers Produce, Latina Boulevard, Renzi Foodservice, Sysco Albany, Victory Foods",,,,,
"Beef, stew meat ",Protein,Meat,5 lb.,8/5 lb.,Slate Foods,SF128,Slate Foods,,Can be upon request ,"NY Grown & Certified ,M/WBE",NY Grown and Certified Certificate Slate Foods.pdf (https://v5.airtableusercontent.com/v3/u/42/42/1749600000000/N2_U1HSyrnurqxB3Ds2r6g/ZHZXXS9NC9a9I958fMezcA4WWabB-HtgVVh0F5ciDk8D1rR6LBOEe0CZC6RVxCr0UNxEZuGQ9bbi-Eq362pddkIOgAqKblfzh7Kl9MkKtscpq3VSNx1yEOqPuuQODdlelbYlYAaPRHn-WFVzvuJmk0pt0yuXdgm8I1CeTOCibgEBgCzDuReioBgaPgki70m5/ZpubNHv_iuA33_ghc3OOVFz1gvJ2BphrSttGi7FzjZY),"Slate Foods Product List and All Product Nutritionals.pdf (https://v5.airtableusercontent.com/v3/u/42/42/1749600000000/cIHdYnC_EUaUi2WyEIe7Dw/3Bv7jd0UdjvPiapmbu47StMu2p1MQdIltl6BRrcMTFicFhXIGAJL2nv3zuz1gC4ERc69pwhZuChBgP62n8wJgVwsQIdnZjWWaFKMooI1NjI98Aal5E9Levb-0419NvEMBPSPsZtDsKIHB7UPc81uwB-7Lmky5sF8irGywq6De6otN5stJjaU_LyDQSEXGdWy/VrUhHCc1fO73LVAy-mYWib0TTpJzbuwmXmqDF_Wm5-Q),Slate Products with Detailed Specs.pdf (https://v5.airtableusercontent.com/v3/u/42/42/1749600000000/SF6W-kCGLpjdJsdi9cxCdw/AkF8AhjQpzUq_de3bk1F4KUIOZQ55SqqKgECpMPXShD1vlRDGvU2MvYBqam8NPlBfOOx4OIEuAMpDhHslu4zx_2t5dztAfK0V8sW96xiIGdpVWuU2gKbI2CXgbmg_gNE_8RR16ZaFEGUfx3DLh5ONhH5maz7u-ob3droBZVNh2c/e9CVdBH-1c5vZan78HaYONZPCR7Eh6jH2xYIywNuvkc)",,checked,,,,8/16/2024 1:38pm,,,Slate Foods,"""OGS, Downstate Distribution Center"", Behlog & Sons Produce, Big Apple Deli Products, Dagele Brothers Produce, Latina Boulevard, Renzi Foodservice, Sysco Albany, Victory Foods",,,,,
"Meatballs, beef, fully cooked",Protein,Meat,.675oz,30lbs./cs (6/5#),Slate Foods,SFNY125,Slate Foods,,No,"NY Grown & Certified ,M/WBE",NY Grown and Certified Certificate Slate Foods.pdf (https://v5.airtableusercontent.com/v3/u/42/42/1749600000000/N2_U1HSyrnurqxB3Ds2r6g/ZHZXXS9NC9a9I958fMezcA4WWabB-HtgVVh0F5ciDk8D1rR6LBOEe0CZC6RVxCr0UNxEZuGQ9bbi-Eq362pddkIOgAqKblfzh7Kl9MkKtscpq3VSNx1yEOqPuuQODdlelbYlYAaPRHn-WFVzvuJmk0pt0yuXdgm8I1CeTOCibgEBgCzDuReioBgaPgki70m5/ZpubNHv_iuA33_ghc3OOVFz1gvJ2BphrSttGi7FzjZY),"Slate Foods Product List and All Product Nutritionals.pdf (https://v5.airtableusercontent.com/v3/u/42/42/1749600000000/cIHdYnC_EUaUi2WyEIe7Dw/3Bv7jd0UdjvPiapmbu47StMu2p1MQdIltl6BRrcMTFicFhXIGAJL2nv3zuz1gC4ERc69pwhZuChBgP62n8wJgVwsQIdnZjWWaFKMooI1NjI98Aal5E9Levb-0419NvEMBPSPsZtDsKIHB7UPc81uwB-7Lmky5sF8irGywq6De6otN5stJjaU_LyDQSEXGdWy/VrUhHCc1fO73LVAy-mYWib0TTpJzbuwmXmqDF_Wm5-Q),Slate Products with Detailed Specs.pdf (https://v5.airtableusercontent.com/v3/u/42/42/1749600000000/SF6W-kCGLpjdJsdi9cxCdw/AkF8AhjQpzUq_de3bk1F4KUIOZQ55SqqKgECpMPXShD1vlRDGvU2MvYBqam8NPlBfOOx4OIEuAMpDhHslu4zx_2t5dztAfK0V8sW96xiIGdpVWuU2gKbI2CXgbmg_gNE_8RR16ZaFEGUfx3DLh5ONhH5maz7u-ob3droBZVNh2c/e9CVdBH-1c5vZan78HaYONZPCR7Eh6jH2xYIywNuvkc)",,checked,,,,8/16/2024 1:38pm,,,Slate Foods,"""OGS, Downstate Distribution Center"", Behlog & Sons Produce, Big Apple Deli Products, Dagele Brothers Produce, Latina Boulevard, Renzi Foodservice, Sysco Albany, Victory Foods",,,,,
"Roast beef, plain",Protein,Meat,8lb/avg piece,40 lb./cs (est. 8 x 5 lb. pcs),Slate Foods,SFRB101,Slate Foods,,No,"NY Grown & Certified ,M/WBE",NY Grown and Certified Certificate Slate Foods.pdf (https://v5.airtableusercontent.com/v3/u/42/42/1749600000000/N2_U1HSyrnurqxB3Ds2r6g/ZHZXXS9NC9a9I958fMezcA4WWabB-HtgVVh0F5ciDk8D1rR6LBOEe0CZC6RVxCr0UNxEZuGQ9bbi-Eq362pddkIOgAqKblfzh7Kl9MkKtscpq3VSNx1yEOqPuuQODdlelbYlYAaPRHn-WFVzvuJmk0pt0yuXdgm8I1CeTOCibgEBgCzDuReioBgaPgki70m5/ZpubNHv_iuA33_ghc3OOVFz1gvJ2BphrSttGi7FzjZY),"Slate Foods Product List and All Product Nutritionals.pdf (https://v5.airtableusercontent.com/v3/u/42/42/1749600000000/cIHdYnC_EUaUi2WyEIe7Dw/3Bv7jd0UdjvPiapmbu47StMu2p1MQdIltl6BRrcMTFicFhXIGAJL2nv3zuz1gC4ERc69pwhZuChBgP62n8wJgVwsQIdnZjWWaFKMooI1NjI98Aal5E9Levb-0419NvEMBPSPsZtDsKIHB7UPc81uwB-7Lmky5sF8irGywq6De6otN5stJjaU_LyDQSEXGdWy/VrUhHCc1fO73LVAy-mYWib0TTpJzbuwmXmqDF_Wm5-Q),Slate Products with Detailed Specs.pdf (https://v5.airtableusercontent.com/v3/u/42/42/1749600000000/SF6W-kCGLpjdJsdi9cxCdw/AkF8AhjQpzUq_de3bk1F4KUIOZQ55SqqKgECpMPXShD1vlRDGvU2MvYBqam8NPlBfOOx4OIEuAMpDhHslu4zx_2t5dztAfK0V8sW96xiIGdpVWuU2gKbI2CXgbmg_gNE_8RR16ZaFEGUfx3DLh5ONhH5maz7u-ob3droBZVNh2c/e9CVdBH-1c5vZan78HaYONZPCR7Eh6jH2xYIywNuvkc)",,checked,,,,8/16/2024 1:38pm,,,,,,,,,
"Roast beef, with rub",Protein,Meat,8lb/avg piece,40 lb./cs (est. 8 x 5 lb. pcs),Slate Foods,SFRB100,Slate Foods,,No,"NY Grown & Certified ,M/WBE",NY Grown and Certified Certificate Slate Foods.pdf (https://v5.airtableusercontent.com/v3/u/42/42/1749600000000/N2_U1HSyrnurqxB3Ds2r6g/ZHZXXS9NC9a9I958fMezcA4WWabB-HtgVVh0F5ciDk8D1rR6LBOEe0CZC6RVxCr0UNxEZuGQ9bbi-Eq362pddkIOgAqKblfzh7Kl9MkKtscpq3VSNx1yEOqPuuQODdlelbYlYAaPRHn-WFVzvuJmk0pt0yuXdgm8I1CeTOCibgEBgCzDuReioBgaPgki70m5/ZpubNHv_iuA33_ghc3OOVFz1gvJ2BphrSttGi7FzjZY),"Slate Foods Product List and All Product Nutritionals.pdf (https://v5.airtableusercontent.com/v3/u/42/42/1749600000000/cIHdYnC_EUaUi2WyEIe7Dw/3Bv7jd0UdjvPiapmbu47StMu2p1MQdIltl6BRrcMTFicFhXIGAJL2nv3zuz1gC4ERc69pwhZuChBgP62n8wJgVwsQIdnZjWWaFKMooI1NjI98Aal5E9Levb-0419NvEMBPSPsZtDsKIHB7UPc81uwB-7Lmky5sF8irGywq6De6otN5stJjaU_LyDQSEXGdWy/VrUhHCc1fO73LVAy-mYWib0TTpJzbuwmXmqDF_Wm5-Q),Slate Products with Detailed Specs.pdf (https://v5.airtableusercontent.com/v3/u/42/42/1749600000000/SF6W-kCGLpjdJsdi9cxCdw/AkF8AhjQpzUq_de3bk1F4KUIOZQ55SqqKgECpMPXShD1vlRDGvU2MvYBqam8NPlBfOOx4OIEuAMpDhHslu4zx_2t5dztAfK0V8sW96xiIGdpVWuU2gKbI2CXgbmg_gNE_8RR16ZaFEGUfx3DLh5ONhH5maz7u-ob3droBZVNh2c/e9CVdBH-1c5vZan78HaYONZPCR7Eh6jH2xYIywNuvkc)",,checked,,,,8/16/2024 1:38pm,,,,,,,,,
"Beef patty, 5 oz.",Protein,Meat,5 oz.,90/cs (3/10#),Slate Foods,SF 533,Slate Foods,,Can be upon request ,"NY Grown & Certified ,M/WBE",NY Grown and Certified Certificate Slate Foods.pdf (https://v5.airtableusercontent.com/v3/u/42/42/1749600000000/N2_U1HSyrnurqxB3Ds2r6g/ZHZXXS9NC9a9I958fMezcA4WWabB-HtgVVh0F5ciDk8D1rR6LBOEe0CZC6RVxCr0UNxEZuGQ9bbi-Eq362pddkIOgAqKblfzh7Kl9MkKtscpq3VSNx1yEOqPuuQODdlelbYlYAaPRHn-WFVzvuJmk0pt0yuXdgm8I1CeTOCibgEBgCzDuReioBgaPgki70m5/ZpubNHv_iuA33_ghc3OOVFz1gvJ2BphrSttGi7FzjZY),"Slate Foods Product List and All Product Nutritionals.pdf (https://v5.airtableusercontent.com/v3/u/42/42/1749600000000/cIHdYnC_EUaUi2WyEIe7Dw/3Bv7jd0UdjvPiapmbu47StMu2p1MQdIltl6BRrcMTFicFhXIGAJL2nv3zuz1gC4ERc69pwhZuChBgP62n8wJgVwsQIdnZjWWaFKMooI1NjI98Aal5E9Levb-0419NvEMBPSPsZtDsKIHB7UPc81uwB-7Lmky5sF8irGywq6De6otN5stJjaU_LyDQSEXGdWy/VrUhHCc1fO73LVAy-mYWib0TTpJzbuwmXmqDF_Wm5-Q),Slate Products with Detailed Specs.pdf (https://v5.airtableusercontent.com/v3/u/42/42/1749600000000/SF6W-kCGLpjdJsdi9cxCdw/AkF8AhjQpzUq_de3bk1F4KUIOZQ55SqqKgECpMPXShD1vlRDGvU2MvYBqam8NPlBfOOx4OIEuAMpDhHslu4zx_2t5dztAfK0V8sW96xiIGdpVWuU2gKbI2CXgbmg_gNE_8RR16ZaFEGUfx3DLh5ONhH5maz7u-ob3droBZVNh2c/e9CVdBH-1c5vZan78HaYONZPCR7Eh6jH2xYIywNuvkc)",,checked,,,,8/16/2024 1:38pm,,,,,,,,,
"Pork, ground",Protein,Meat,5 lb. pack,50 lb./cs (10/5#),Slate Foods,SF 1401,Slate Foods,,Yes,"NY Grown & Certified ,M/WBE",NY Grown and Certified Certificate Slate Foods.pdf (https://v5.airtableusercontent.com/v3/u/42/42/1749600000000/N2_U1HSyrnurqxB3Ds2r6g/ZHZXXS9NC9a9I958fMezcA4WWabB-HtgVVh0F5ciDk8D1rR6LBOEe0CZC6RVxCr0UNxEZuGQ9bbi-Eq362pddkIOgAqKblfzh7Kl9MkKtscpq3VSNx1yEOqPuuQODdlelbYlYAaPRHn-WFVzvuJmk0pt0yuXdgm8I1CeTOCibgEBgCzDuReioBgaPgki70m5/ZpubNHv_iuA33_ghc3OOVFz1gvJ2BphrSttGi7FzjZY),"Slate Foods Product List and All Product Nutritionals.pdf (https://v5.airtableusercontent.com/v3/u/42/42/1749600000000/cIHdYnC_EUaUi2WyEIe7Dw/3Bv7jd0UdjvPiapmbu47StMu2p1MQdIltl6BRrcMTFicFhXIGAJL2nv3zuz1gC4ERc69pwhZuChBgP62n8wJgVwsQIdnZjWWaFKMooI1NjI98Aal5E9Levb-0419NvEMBPSPsZtDsKIHB7UPc81uwB-7Lmky5sF8irGywq6De6otN5stJjaU_LyDQSEXGdWy/VrUhHCc1fO73LVAy-mYWib0TTpJzbuwmXmqDF_Wm5-Q),Slate Products with Detailed Specs.pdf (https://v5.airtableusercontent.com/v3/u/42/42/1749600000000/SF6W-kCGLpjdJsdi9cxCdw/AkF8AhjQpzUq_de3bk1F4KUIOZQ55SqqKgECpMPXShD1vlRDGvU2MvYBqam8NPlBfOOx4OIEuAMpDhHslu4zx_2t5dztAfK0V8sW96xiIGdpVWuU2gKbI2CXgbmg_gNE_8RR16ZaFEGUfx3DLh5ONhH5maz7u-ob3droBZVNh2c/e9CVdBH-1c5vZan78HaYONZPCR7Eh6jH2xYIywNuvkc)",,checked,,,,8/16/2024 1:38pm,,,,,,,,,
Pork shoulder/picnic,Protein,Meat,10 lb,40 lb./cs (8/5#),Slate Foods,SF 1403,Slate Foods,,Yes,"NY Grown & Certified ,M/WBE",NY Grown and Certified Certificate Slate Foods.pdf (https://v5.airtableusercontent.com/v3/u/42/42/1749600000000/N2_U1HSyrnurqxB3Ds2r6g/ZHZXXS9NC9a9I958fMezcA4WWabB-HtgVVh0F5ciDk8D1rR6LBOEe0CZC6RVxCr0UNxEZuGQ9bbi-Eq362pddkIOgAqKblfzh7Kl9MkKtscpq3VSNx1yEOqPuuQODdlelbYlYAaPRHn-WFVzvuJmk0pt0yuXdgm8I1CeTOCibgEBgCzDuReioBgaPgki70m5/ZpubNHv_iuA33_ghc3OOVFz1gvJ2BphrSttGi7FzjZY),"Slate Foods Product List and All Product Nutritionals.pdf (https://v5.airtableusercontent.com/v3/u/42/42/1749600000000/cIHdYnC_EUaUi2WyEIe7Dw/3Bv7jd0UdjvPiapmbu47StMu2p1MQdIltl6BRrcMTFicFhXIGAJL2nv3zuz1gC4ERc69pwhZuChBgP62n8wJgVwsQIdnZjWWaFKMooI1NjI98Aal5E9Levb-0419NvEMBPSPsZtDsKIHB7UPc81uwB-7Lmky5sF8irGywq6De6otN5stJjaU_LyDQSEXGdWy/VrUhHCc1fO73LVAy-mYWib0TTpJzbuwmXmqDF_Wm5-Q),Slate Products with Detailed Specs.pdf (https://v5.airtableusercontent.com/v3/u/42/42/1749600000000/SF6W-kCGLpjdJsdi9cxCdw/AkF8AhjQpzUq_de3bk1F4KUIOZQ55SqqKgECpMPXShD1vlRDGvU2MvYBqam8NPlBfOOx4OIEuAMpDhHslu4zx_2t5dztAfK0V8sW96xiIGdpVWuU2gKbI2CXgbmg_gNE_8RR16ZaFEGUfx3DLh5ONhH5maz7u-ob3droBZVNh2c/e9CVdBH-1c5vZan78HaYONZPCR7Eh6jH2xYIywNuvkc)",,,,,,8/16/2024 1:38pm,,,,,,,,,
Pork loin chops,Protein,Meat,8 oz.,"40 lb./cs, 120 pc",Slate Foods,SF 1404,Slate Foods,,Yes,"NY Grown & Certified ,M/WBE",NY Grown and Certified Certificate Slate Foods.pdf (https://v5.airtableusercontent.com/v3/u/42/42/1749600000000/N2_U1HSyrnurqxB3Ds2r6g/ZHZXXS9NC9a9I958fMezcA4WWabB-HtgVVh0F5ciDk8D1rR6LBOEe0CZC6RVxCr0UNxEZuGQ9bbi-Eq362pddkIOgAqKblfzh7Kl9MkKtscpq3VSNx1yEOqPuuQODdlelbYlYAaPRHn-WFVzvuJmk0pt0yuXdgm8I1CeTOCibgEBgCzDuReioBgaPgki70m5/ZpubNHv_iuA33_ghc3OOVFz1gvJ2BphrSttGi7FzjZY),"Slate Foods Product List and All Product Nutritionals.pdf (https://v5.airtableusercontent.com/v3/u/42/42/1749600000000/cIHdYnC_EUaUi2WyEIe7Dw/3Bv7jd0UdjvPiapmbu47StMu2p1MQdIltl6BRrcMTFicFhXIGAJL2nv3zuz1gC4ERc69pwhZuChBgP62n8wJgVwsQIdnZjWWaFKMooI1NjI98Aal5E9Levb-0419NvEMBPSPsZtDsKIHB7UPc81uwB-7Lmky5sF8irGywq6De6otN5stJjaU_LyDQSEXGdWy/VrUhHCc1fO73LVAy-mYWib0TTpJzbuwmXmqDF_Wm5-Q),Slate Products with Detailed Specs.pdf (https://v5.airtableusercontent.com/v3/u/42/42/1749600000000/SF6W-kCGLpjdJsdi9cxCdw/AkF8AhjQpzUq_de3bk1F4KUIOZQ55SqqKgECpMPXShD1vlRDGvU2MvYBqam8NPlBfOOx4OIEuAMpDhHslu4zx_2t5dztAfK0V8sW96xiIGdpVWuU2gKbI2CXgbmg_gNE_8RR16ZaFEGUfx3DLh5ONhH5maz7u-ob3droBZVNh2c/e9CVdBH-1c5vZan78HaYONZPCR7Eh6jH2xYIywNuvkc)",,checked,,,,8/16/2024 1:38pm,,,,,,,,,
"Roast beef, with rub, sliced",Protein,Meat,8lb/avg piece,6 x 5 lb. bags,Slate Foods,SFRB100-1,Slate Foods,,No,"NY Grown & Certified ,M/WBE",NY Grown and Certified Certificate Slate Foods.pdf (https://v5.airtableusercontent.com/v3/u/42/42/1749600000000/N2_U1HSyrnurqxB3Ds2r6g/ZHZXXS9NC9a9I958fMezcA4WWabB-HtgVVh0F5ciDk8D1rR6LBOEe0CZC6RVxCr0UNxEZuGQ9bbi-Eq362pddkIOgAqKblfzh7Kl9MkKtscpq3VSNx1yEOqPuuQODdlelbYlYAaPRHn-WFVzvuJmk0pt0yuXdgm8I1CeTOCibgEBgCzDuReioBgaPgki70m5/ZpubNHv_iuA33_ghc3OOVFz1gvJ2BphrSttGi7FzjZY),"Slate Foods Product List and All Product Nutritionals.pdf (https://v5.airtableusercontent.com/v3/u/42/42/1749600000000/cIHdYnC_EUaUi2WyEIe7Dw/3Bv7jd0UdjvPiapmbu47StMu2p1MQdIltl6BRrcMTFicFhXIGAJL2nv3zuz1gC4ERc69pwhZuChBgP62n8wJgVwsQIdnZjWWaFKMooI1NjI98Aal5E9Levb-0419NvEMBPSPsZtDsKIHB7UPc81uwB-7Lmky5sF8irGywq6De6otN5stJjaU_LyDQSEXGdWy/VrUhHCc1fO73LVAy-mYWib0TTpJzbuwmXmqDF_Wm5-Q),Slate Products with Detailed Specs.pdf (https://v5.airtableusercontent.com/v3/u/42/42/1749600000000/SF6W-kCGLpjdJsdi9cxCdw/AkF8AhjQpzUq_de3bk1F4KUIOZQ55SqqKgECpMPXShD1vlRDGvU2MvYBqam8NPlBfOOx4OIEuAMpDhHslu4zx_2t5dztAfK0V8sW96xiIGdpVWuU2gKbI2CXgbmg_gNE_8RR16ZaFEGUfx3DLh5ONhH5maz7u-ob3droBZVNh2c/e9CVdBH-1c5vZan78HaYONZPCR7Eh6jH2xYIywNuvkc)",,checked,,,,8/16/2024 1:38pm,,,,,,,,,
"Pork sausage, Italian, frozen",Protein,Meat,5 lb.,,Sugar Hill Farm,,"Hudson Harvest,Antonnuci Foods",,Still Under Review,NY Grown & Certified ,,,,,,,,5/29/2025 11:45am,,,,,,,,,
"Pork sausage, Hot Italian, frozen",Protein,Meat,5 lb.,,Sugar Hill Farm,,"Hudson Harvest,Antonnuci Foods",,Still Under Review,NY Grown & Certified ,,,,,,,,5/29/2025 11:45am,,,,,,,,,
"Pork sausage, breakfast, frozen",Protein,Meat,5 lb.,,Sugar Hill Farm,,"Hudson Harvest,Antonnuci Foods",,Still Under Review,NY Grown & Certified ,,,,,,,,5/29/2025 11:45am,,,,,,,,,
"Pork, ground, frozen",Protein,Meat,5 lb.,,Sugar Hill Farm,,Hudson Harvest,,Still Under Review,NY Grown & Certified ,,,,,,,,5/16/2024 3:23pm,,,,,,,,,
"Pork sausage, bratwurst, frozen",Protein,Meat,5 lb.,,Sugar Hill Farm,,"Hudson Harvest,Antonnuci Foods",,Still Under Review,NY Grown & Certified ,,,,,,,,5/29/2025 11:46am,,,,,,,,,
"Hotdog, beef, 7:1, fully cooked",Protein,Meat,2.3 oz.,30lbs./cs (6/5#),Wardynski & Sons Inc.,30611,"Wardynski & Sons Inc.,Renzi Foodservice,Latina Boulevard",,Yes,NY Grown & Certified ,,"Botaniline PPT.pdf (https://v5.airtableusercontent.com/v3/u/42/42/1749600000000/wG_QZPs-khzTuqmGeIDtJA/BD8yYxvfikCoqB3WsWbBp_6J6OuXRsxW94bt-MPnTfaGVEjA61F8kneamCe1eGNEENNbkziw88HkDb9FuR_N5haLhYSqEMRTX6Z5Dc7F3KL_E7WQQgsOgfl1toulAQgrimpx8PCz1ivYq5-J5q4j4Q/NJAzAe_SxC8Ifa6JFyygwHC2ckgMOG0e4df8w5tKZO8),51- Beef Hot dogs.pdf (https://v5.airtableusercontent.com/v3/u/42/42/1749600000000/R0lZV_XSg72ztmew7kXDrg/quqMr2ZpjY_vrwBwXwXosZe6Vvy0XeYTed2ftLoRZ9hg6O5oCtB9CNvhWxvL_7DEOgVev3MX-lnrDiipqBV2MBlgxl0YMqYkuJbZhPkLxqTmP_Er5lz3CdVI9SOfNP9IcWFUmnzzRlr6IhtK3N5gCQ/QH6MxqDcpDXKsGjrv2P-tNYj4Ltw87bIo2I7pPqczdA)",,checked,,,"1lb packages available
upon request
",8/5/2024 1:59pm,,,"""Wardynski & Sons, Inc.""",Self distribute,,,,,
"Hotdog, beef with jalapeno and cheese, 7:1, fully cooked",Protein,Meat,2.3 oz.,30lbs./cs (6/5#),Wardynski & Sons Inc.,30624,"Wardynski & Sons Inc.,Renzi Foodservice,Latina Boulevard",,Yes,NY Grown & Certified ,,"Botaniline PPT.pdf (https://v5.airtableusercontent.com/v3/u/42/42/1749600000000/wG_QZPs-khzTuqmGeIDtJA/BD8yYxvfikCoqB3WsWbBp_6J6OuXRsxW94bt-MPnTfaGVEjA61F8kneamCe1eGNEENNbkziw88HkDb9FuR_N5haLhYSqEMRTX6Z5Dc7F3KL_E7WQQgsOgfl1toulAQgrimpx8PCz1ivYq5-J5q4j4Q/NJAzAe_SxC8Ifa6JFyygwHC2ckgMOG0e4df8w5tKZO8),51- Jalapeno & Cheese Hot dog.pdf (https://v5.airtableusercontent.com/v3/u/42/42/1749600000000/WK-B6GIiiXq9_Gd8j_vn3A/6DDb9b_4ppdwZ2wwl57m5Tg8wM1sRqwW2Aw6m86WFnJ5_P0MZJDAzs1dKM83otT4rOSWSksAxGU9t4xVRIlIr4r77TdhXa6dTYNFyGOcpdxLZx94QKGdOvBbeGe9GrCWYvpbq3c6zNeF_SAcDs0iqMUqHSBTPgzIaZ6Udh2-x7s/700vVz4T0WpdCCpmDU4AFxlQkhxOW6blr8ogzGpcFlI)",,checked,,,"1lb packages available
upon request
",8/5/2024 1:59pm,,,,,,,,,
"Bologna, all beef",Protein,Meat,2.3 oz.,"5 pc per case, catch weight ",Wardynski & Sons Inc.,30617,"Wardynski & Sons Inc.,Renzi Foodservice,Latina Boulevard",,Yes,NY Grown & Certified ,,"Botaniline PPT.pdf (https://v5.airtableusercontent.com/v3/u/42/42/1749600000000/wG_QZPs-khzTuqmGeIDtJA/BD8yYxvfikCoqB3WsWbBp_6J6OuXRsxW94bt-MPnTfaGVEjA61F8kneamCe1eGNEENNbkziw88HkDb9FuR_N5haLhYSqEMRTX6Z5Dc7F3KL_E7WQQgsOgfl1toulAQgrimpx8PCz1ivYq5-J5q4j4Q/NJAzAe_SxC8Ifa6JFyygwHC2ckgMOG0e4df8w5tKZO8),51- beef bolo updated.pdf (https://v5.airtableusercontent.com/v3/u/42/42/1749600000000/zPt20z0Kn_y62q7WoCVx_Q/e8kWn-H3aiL0n2msiOtlhb4DE8yBgLc43KHVEZlWGHP6g1A2JJAtqCFJkRAsYGMPpTa6gbrij1XATIH86yMWSSPF4wkEDJQ_4q3Tud7LORLIzVTngQ2nI2MUsUwGBvBqarfO01UO6X1HpkP4J-PMkWVzAz4AWCjk0IUXcI4YpsI/ljmLjeHdkVMr9tOu29uOfXBpFiuOSkvlKxs_m0S8XWw)",,checked,,,"2lb packages available
upon request
",8/5/2024 1:59pm,,,,,,,,,
"Knockwurst, beef, 7:1",Protein,Meat,65 g.,30lbs./cs (6/5#),Wardynski & Sons Inc.,30021,"Wardynski & Sons Inc.,Renzi Foodservice,Latina Boulevard",,Yes,NY Grown & Certified ,,"Botaniline PPT.pdf (https://v5.airtableusercontent.com/v3/u/42/42/1749600000000/wG_QZPs-khzTuqmGeIDtJA/BD8yYxvfikCoqB3WsWbBp_6J6OuXRsxW94bt-MPnTfaGVEjA61F8kneamCe1eGNEENNbkziw88HkDb9FuR_N5haLhYSqEMRTX6Z5Dc7F3KL_E7WQQgsOgfl1toulAQgrimpx8PCz1ivYq5-J5q4j4Q/NJAzAe_SxC8Ifa6JFyygwHC2ckgMOG0e4df8w5tKZO8),51- Beef Knockwurst.pdf (https://v5.airtableusercontent.com/v3/u/42/42/1749600000000/2kTBWA2mPHyLcwvgcnZmyA/tAhqDdco2x20jKtsQ3qkzTEb_tPkFPY1dH2GAEyeB122NogJn5qT0293nOblfnpN86ChoNxnKmBzZVZYT-a00uyDt0sYFAK5aqXThVpofu34HMfXHMp3cCNkgIlsMLaexSVVZ9tF0YfhjR4bBm4L7kqc2P9diasdrUQvx92jzxo/nGtbTuqX_2gIg5Yn4QVM74th4RPsTZtBK59NQ78_iec)",,checked,,,"1lb packages available
upon request
",8/5/2024 1:59pm,,,,,,,,,
"Bratwurst, beef, 7:1",Protein,Meat,65 g.,30lbs./cs (6/5#),Wardynski & Sons Inc.,33018,"Wardynski & Sons Inc.,Renzi Foodservice,Latina Boulevard",,Yes,NY Grown & Certified ,,"Botaniline PPT.pdf (https://v5.airtableusercontent.com/v3/u/42/42/1749600000000/wG_QZPs-khzTuqmGeIDtJA/BD8yYxvfikCoqB3WsWbBp_6J6OuXRsxW94bt-MPnTfaGVEjA61F8kneamCe1eGNEENNbkziw88HkDb9FuR_N5haLhYSqEMRTX6Z5Dc7F3KL_E7WQQgsOgfl1toulAQgrimpx8PCz1ivYq5-J5q4j4Q/NJAzAe_SxC8Ifa6JFyygwHC2ckgMOG0e4df8w5tKZO8),51- Beef Brats.pdf (https://v5.airtableusercontent.com/v3/u/42/42/1749600000000/ZNKW3czJyr51g_sfB0ZY2w/kkhwE0-Rz4UkGjsXSRWSh4LMiyBQmNFOnxC8FzFFrEHP-STR5ic-qZfyVTNPXrIbkJ8tySgo2fghOCPFl09JuwFAv5HL3exTalKdOzMiZ1cBBKgJ4WMDv-BzcR_mNdRillAFOG9-KU9taiOlx3n-Sg/OmWw6r_zxNjLi0B078LLZwpdIIeL2hkhwdwjfN4iqJ4)",,checked,,,"1lb packages available
upon request
",8/5/2024 1:59pm,,,,,,,,,
"Polish sausage links, beef",Protein,Meat,65 g.,30lbs./cs (6/5#),Wardynski & Sons Inc.,33030,"Wardynski & Sons Inc.,Renzi Foodservice,Latina Boulevard",,Yes,NY Grown & Certified ,,"Botaniline PPT.pdf (https://v5.airtableusercontent.com/v3/u/42/42/1749600000000/wG_QZPs-khzTuqmGeIDtJA/BD8yYxvfikCoqB3WsWbBp_6J6OuXRsxW94bt-MPnTfaGVEjA61F8kneamCe1eGNEENNbkziw88HkDb9FuR_N5haLhYSqEMRTX6Z5Dc7F3KL_E7WQQgsOgfl1toulAQgrimpx8PCz1ivYq5-J5q4j4Q/NJAzAe_SxC8Ifa6JFyygwHC2ckgMOG0e4df8w5tKZO8),51- beef Polish Sausage.pdf (https://v5.airtableusercontent.com/v3/u/42/42/1749600000000/wfffntN7sjg8UplzvjHXSw/GJph1N3pGBsl5XlRAqsuhRB_yyVipHDdHmCnDXlY-3eUA4G7vEF_ZcdPxsM6WfLSHtCtxptJtojH9OrL619AvYUDNLV68q2IODq8pc1gIXTw261uN0fHXlhwhRmUUcfm3UIT5022C1mkWGoYoCiVCdLQ7m28-8egtc06R_EZwMg/jhvxAFOaayizidhYOTFJ8bdauix-dD9d06_ahx5oFkc)",,checked,,,"1lb packages available
upon request
",8/5/2024 1:59pm,,,,,,,,,
"Italian beef sausage, 7:1, fully cooked",Protein,Meat,2.3 oz.,30lbs./cs (6/5#),Wardynski & Sons Inc.,30620,"Wardynski & Sons Inc.,Renzi Foodservice,Latina Boulevard",,Yes,NY Grown & Certified ,,"Botaniline PPT.pdf (https://v5.airtableusercontent.com/v3/u/42/42/1749600000000/wG_QZPs-khzTuqmGeIDtJA/BD8yYxvfikCoqB3WsWbBp_6J6OuXRsxW94bt-MPnTfaGVEjA61F8kneamCe1eGNEENNbkziw88HkDb9FuR_N5haLhYSqEMRTX6Z5Dc7F3KL_E7WQQgsOgfl1toulAQgrimpx8PCz1ivYq5-J5q4j4Q/NJAzAe_SxC8Ifa6JFyygwHC2ckgMOG0e4df8w5tKZO8),51- Beef Italian Style Sausage.pdf (https://v5.airtableusercontent.com/v3/u/42/42/1749600000000/ymxTfbMGa_-znk2w3jYe-w/Szfa5gfZXQorxh9Jggc5Z_D6IRv7ImMil3bIv2DLxyWMyOibCOcmBcMLx3igOPHGQHpW27Wf1wTiBvQriOz6_HY-I_VrB-tNcLygMZCUUvP90j-KsfAtkM4j2uCD1TpCzYQcS6YcOiQ5LdfWdCe5BpexTBGJ0pTKeZB6n38Bu3s/zDP13C6ht8g5Je2oZOHjyUleYJhxl0mbdOzOS1t0p7o)",,checked,,,"1lb packages available
upon request
",8/5/2024 1:59pm,,,"""Wardynski & Sons, Inc.""",Self distribute,,,,,
"Hotdog, beef, all natural, 7:1, fully cooked",Protein,Meat,2.3 oz.,30lbs./cs (6/5#),Wardynski & Sons Inc.,30630,"Wardynski & Sons Inc.,Renzi Foodservice,Latina Boulevard",,Yes,NY Grown & Certified ,,ALL NATURAL 51% NY Beef Dog 7-1 SPEC SHEET.docx (https://v5.airtableusercontent.com/v3/u/42/42/1749600000000/XC4lKKHTRjunMLO47MgaJw/ASSKflJJrK9LX9G7Mr8npxKQQ5rlaD0KJB3u-NTBetgCXIhn_z-m8acqF-Ag2m-2BBK3_MCnEUNfhSpybcDYe_D9zKh-c70e7UQvNAsOWBy_v2Eo6OJLQEGbP3vzUgNOSoV3YXK9DzhBQ4_S-NTwUDzPfMrn7nHDhs_XT5hBeGxqFgGy2JydYbJAgX_teMFN/At1JrVPqmb-MJ_7mrvfCkGNdr92nw5HoYtCeWCpjjws),,checked,,,"1lb packages available
upon request
",8/5/2024 1:59pm,,,,,,,,,
Swedish Meatballs,Protein,Meat,40 lbs.,40 lbs.,WildKale,17 K Y D 62,"WildKale,Headwater Food Hub",,Yes,,,,"Dagele Farms Source Letter.pdf (https://v5.airtableusercontent.com/v3/u/42/42/1749600000000/_pM0i6WPl7Yg0rIK05V52g/qVtHIs-fbcZTwppKyOSGmsC3zsMgOeJ7erBey6xwBSFOIGpwHnrEUK3DPpT2aAYt07WN1OyUBCgKxzDhIklCrhO4qGXxXHzs1ZSX6tZH-mv1jljjjnOFY1r8gDxh66mjejKZzX1hrEUU7mwnzBrtkehUMbc6I9Q1RXLRJFiV2bKEp3K71DZcVP5LI9IQkiyc/Q7qfFfIh1vZbfzCLU44iWP3Fo3S8O5f9ajpshRixTSw),Swedish Meatball PFS.pdf (https://v5.airtableusercontent.com/v3/u/42/42/1749600000000/RjJ1-fLvdthL837XHkAfNw/qyLRm6CYP-aUoNBUKmoK3TAAeNEuxw-cZAI5AWlhHcPLcEIQ7xAXq9naF7ygtIPNDp9J-qFnovjsR7630lDbt7woqQIsDfWWKK8nfmdJhUP5OM5PUcDz6Fey6RnpTbmqE5EOxnFSY3RYo-dIcSBUW2coA_vOFGDAkQiBTgat1V0/d4HiVIgsDuNgscPmOUirZ_yzCB7NsnuBoH10mmYPlss)",checked,,,,6/4/2024 2:59pm,,,,,,,,,
Beef Ravioli,Protein,"Meat,Pasta",40 lbs.,40 lbs.,WildKale,17 F Y D 99,"WildKale,Headwater Food Hub",,Yes,,,,"Beef Ravioli PFS.pdf (https://v5.airtableusercontent.com/v3/u/42/42/1749600000000/FYYcEurw-ciyFMOsl7xw6g/F2HLZ167-RkGMEfOzGmkx01ZaP4HH2r-HcPPMmraTm_e1Zb0iIFjXSDhx99dZpDoojZPB4txvwmsYtTAsL8JynG49hWiPYztyVe20d8E-ZZXLqYx6ITroB4N-qQ4axGey0tyZQ4vPFQpMNJhfp1zBgvgoSbUuoc-SQzzlSLerxk/95jJotSO0sj0_tpc84SOG_JlZxwWysyYUgEnlijDn0c),Dagele Farms Source Letter.pdf (https://v5.airtableusercontent.com/v3/u/42/42/1749600000000/TxsyrC3cafgOj5VOYvcBoQ/U4OBEzoK6r6Fyt33j_Ip6VtuuAEigCxIui4RiUz0GgK35bxm0qUPo5GGI_tf8j36zEUmh4R1xs94io8J0Riydvup4hF_e5sjNz9FA8kYCNWbQAcZCm1DN1B61X59J0ymNKN6g9Relfc7EBDBBEt5oufx4Kt_ao-rmtl1m-yVAgsuyFFzcVKpZnfHUoU1GWMs/tXqaOV_s_NXkmEaPnVYbakjlpfUz2LVWw5y5pLFqgMM)",checked,,,,6/4/2024 2:59pm,,,,,,,,,
"Tofu, Extra Firm, Bulk Bucket",Protein,Plant-Based Protein,,24 lb. bucket,Ithaca Soy,,Regional Access,,Yes,,,,"Ithaca Soy tofu.pdf (https://v5.airtableusercontent.com/v3/u/42/42/1749600000000/sR7uEKQIuotY1YFfn_8TLg/TSYfM7QcjxJq9raly4O-w2JyCLpPfVNyCHAw5A7VYk9KP7sqUeNASJgd2g_rsKGhvTgw3KpN3LQPGDUClIQfkpQruqP63EPoZdgc9bA7AymuF38co0s-akewKET0yDUIse6u9NlsnJOkyZRW0zgTTg/84p5IQR9t_bPKoc2aODY1g7YZEqrB6G-P03vlcIxhJ4),2024-11-14_135728 Ithaca Soy Extra Firm Tofu - weight.pdf (https://v5.airtableusercontent.com/v3/u/42/42/1749600000000/79RI0mdEXwbSsTsA00tKhQ/BCoGq9KD6uBzyW8YRrq6n9ckD11QwnCxWLm3h0YH3uIDzBBg0-xgFAvttxNbvXURXp1skOec6AJLxDK3ceMlmsEalKRHqH0x5khzJ5r14zEYyYinRTzNk9Nqa1eN1UyYztmLM3xDyxaajkFQNbG21Hrvh2BbWIVmHF7GZyHxCGuNEU8pbigwPGn2ONtShMTd71Uyei42BipKyw4iQr1Z7w/KxEnBrSAq_PWZ0Zklr3yCLaZMLLw5m8aL0O36Y6Suc8)",,,,,12/17/2024 2:46pm,,,Ithaca Soy,Regional Access,,,,,
"Eggs, medium, white and brown",Protein,Eggs,Dozen,30 dozen/cs,Brey's Egg Farm,SF 130,Slate Foods,,Still Under Review,NY Grown & Certified ,NY Grown and Certified Certificate Slate Foods.pdf (https://v5.airtableusercontent.com/v3/u/42/42/1749600000000/N2_U1HSyrnurqxB3Ds2r6g/ZHZXXS9NC9a9I958fMezcA4WWabB-HtgVVh0F5ciDk8D1rR6LBOEe0CZC6RVxCr0UNxEZuGQ9bbi-Eq362pddkIOgAqKblfzh7Kl9MkKtscpq3VSNx1yEOqPuuQODdlelbYlYAaPRHn-WFVzvuJmk0pt0yuXdgm8I1CeTOCibgEBgCzDuReioBgaPgki70m5/ZpubNHv_iuA33_ghc3OOVFz1gvJ2BphrSttGi7FzjZY),Slate Products with Detailed Specs.pdf (https://v5.airtableusercontent.com/v3/u/42/42/1749600000000/E9fLu5NtuI9YlpZMS-VwnA/W9ITMuV4CStOioQTesMClelQehn11XdYkK72Y80bpBh1zzid1T-BEIwtGeulUo4B-h5pAwRuHD73rxN23H1RlcIrHoouInvtOHNrzHaoAYO56m9RHYhzkUVuYSAZe7VPUeHTUAD3l_bFKyptkJVvQKeV9Jd249kikZrQKMcxStI/xxuXkyqsO-obO8KlkKKZgsCKlcGL5xoBF9oSr43THzg),,,,,,8/16/2024 12:40pm,,,,,,,,,
"Omelet, Cheese",Protein,Eggs,2 oz,144/case,Kay Foods,SKU: CCO144NY / UPC: 658448234497,"US Foods Albany,Mivila Foods",US Foods: 1101661,Yes,"Kosher,Halal",,NY EO 32 Products Binder.pdf (https://v5.airtableusercontent.com/v3/u/42/42/1749600000000/W7fx5J6VQVg6U-HBl7wIbw/p6gPKYe_LeHOnmC4MjR31xj-0gRpKK-1LQv37djfSc6dYeRLQ-uuA281-jRnbrwPA3-dl1V76CEeb5KClbXPUvRxvdZomcjBw4tjMGBSKCZS_a-rRRhyCJ9bg_JCs0BywdeGrli5ycCmVreTKXFPu-HeIrokOeJ6SNZOPRYh2WQ/dyWHnILSQusoED63TzPgMoLDXofxPh0HZvFcEZIeUi0),,,,"Working on more distribution options

",The vendor has Product Formulation Statements on file with CCE Harvest NY. They are available upon request. ,7/29/2024 2:02pm,,,,,,,,,
Omelet ,Protein,Eggs,2 oz,144/case,Kay Foods,SKU: CO144NY / UPC 658448235289,"US Foods Albany,Mivila Foods",,Yes,"Kosher,Halal",,NY EO 32 Products Binder.pdf (https://v5.airtableusercontent.com/v3/u/42/42/1749600000000/W7fx5J6VQVg6U-HBl7wIbw/p6gPKYe_LeHOnmC4MjR31xj-0gRpKK-1LQv37djfSc6dYeRLQ-uuA281-jRnbrwPA3-dl1V76CEeb5KClbXPUvRxvdZomcjBw4tjMGBSKCZS_a-rRRhyCJ9bg_JCs0BywdeGrli5ycCmVreTKXFPu-HeIrokOeJ6SNZOPRYh2WQ/dyWHnILSQusoED63TzPgMoLDXofxPh0HZvFcEZIeUi0),,,,"Working on more distribution options

",The vendor has Product Formulation Statements on file with CCE Harvest NY. They are available upon request. ,7/29/2024 2:02pm,,,,,,,,,
Southwestern Frittata Patty ,Protein,Eggs,2 oz,72/case,Kay Foods,SKU: CSWFP72NY / UPC: 658448235296,"US Foods Albany,Mivila Foods",,Yes,"Kosher,Halal",,NY EO 32 Products Binder.pdf (https://v5.airtableusercontent.com/v3/u/42/42/1749600000000/W7fx5J6VQVg6U-HBl7wIbw/p6gPKYe_LeHOnmC4MjR31xj-0gRpKK-1LQv37djfSc6dYeRLQ-uuA281-jRnbrwPA3-dl1V76CEeb5KClbXPUvRxvdZomcjBw4tjMGBSKCZS_a-rRRhyCJ9bg_JCs0BywdeGrli5ycCmVreTKXFPu-HeIrokOeJ6SNZOPRYh2WQ/dyWHnILSQusoED63TzPgMoLDXofxPh0HZvFcEZIeUi0),,,,"Working on more distribution options

",The vendor has Product Formulation Statements on file with CCE Harvest NY. They are available upon request. ,7/29/2024 2:02pm,,,,,,,,,
Vegetable & Cheese Frittata,Protein,Eggs,3 oz,50/case,Kay Foods,SKU: CVCF50NY / UPC: 658448235302,"US Foods Albany,Mivila Foods",,Yes,"Kosher,Halal",,NY EO 32 Products Binder.pdf (https://v5.airtableusercontent.com/v3/u/42/42/1749600000000/W7fx5J6VQVg6U-HBl7wIbw/p6gPKYe_LeHOnmC4MjR31xj-0gRpKK-1LQv37djfSc6dYeRLQ-uuA281-jRnbrwPA3-dl1V76CEeb5KClbXPUvRxvdZomcjBw4tjMGBSKCZS_a-rRRhyCJ9bg_JCs0BywdeGrli5ycCmVreTKXFPu-HeIrokOeJ6SNZOPRYh2WQ/dyWHnILSQusoED63TzPgMoLDXofxPh0HZvFcEZIeUi0),,,,"Working on more distribution options

",The vendor has Product Formulation Statements on file with CCE Harvest NY. They are available upon request. ,7/29/2024 2:02pm,,,,,,,,,
Eggs,Protein,Eggs,15 dozen,,Latremore Pine Ridge Farm,,"Hudson Harvest,Latremore Pine Ridge Farm",,Still Under Review,NY Grown & Certified ,,,,checked,,,,5/1/2024 10:27pm,,,,,,,,,
"Chicken patty, breaded (WW), pre-cooked, 2.65 oz, frz",Protein,Poultry,2.65 oz. ,"240 patties/cs, 35 cs/pallet",Morning Star Poultry ,MSP088,"Headwater Food Hub,Morning Star Poultry ,Lucki7 Livestock Company,Hudson Harvest",,Yes,NY Grown & Certified ,,"patty pic.png (https://v5.airtableusercontent.com/v3/u/42/42/1749600000000/nH3NBG2g2SwZGiS1Wes7xw/9MAvSdJ79JxcivEsbepABWfDiJgMAUKoY3YuG4lJG0m-l3d_U0Q37gSbgxdWIb4ZHWEHcqxjxXPb5d3oeWr-hMre5jqH5mogR8KnAugsFwd0fJ4Ftv1TrENDAe-egu_sziBr0NqkucbU-n1GcxNdpA/pBcSzwmoJEM-LMkIJ6PksGp2i0ZO3nR3xagCie5f34M),NYS Breaded Chicken Patty 2.65 oz. MSP112.pdf (https://v5.airtableusercontent.com/v3/u/42/42/1749600000000/erkPwDB2-7o-ZaFSEIBwhA/JDqmAwxJ0-EkZSkK1rEkGv5f19jBDSfc1vJPHoPx0pnMyLtQOjw9M88o3w2BQN1iTIcnK4l1jHQcEaM251NpAn2tLMwVwUar_gChJcqoHZ0ol43kdoMm99GDElBBI4totRWdcdoQ6l2YppooRrP3gIyUrnwFL3l_N3ydkUnohCrZxuz6SMlSJrYxU4iqUVYr/gCzRETTjPX9f35UMkDQ6TxkJlTcU6ZeGUkFt9-0l8Ws)",,,,,"Gluten-free breading, delivered frozen

",6/4/2024 3:10pm,,,,,,,,,
"Chicken patty, breaded (WW), pre-cooked, 4 oz., frz",Protein,Poultry,4 oz. ,"120 patties/cs, 35 cases/pallet",Morning Star Poultry ,MSP089,"Headwater Food Hub,Morning Star Poultry ,Lucki7 Livestock Company,Hudson Harvest",,Yes,NY Grown & Certified ,,patty pic.png (https://v5.airtableusercontent.com/v3/u/42/42/1749600000000/nH3NBG2g2SwZGiS1Wes7xw/9MAvSdJ79JxcivEsbepABWfDiJgMAUKoY3YuG4lJG0m-l3d_U0Q37gSbgxdWIb4ZHWEHcqxjxXPb5d3oeWr-hMre5jqH5mogR8KnAugsFwd0fJ4Ftv1TrENDAe-egu_sziBr0NqkucbU-n1GcxNdpA/pBcSzwmoJEM-LMkIJ6PksGp2i0ZO3nR3xagCie5f34M),,,,,"Gluten-free breading, delivered frozen

",6/4/2024 3:10pm,,,,,,,,,
"Chicken, diced, cooked, white & dark meat, frz ",Protein,Poultry,0.5x0.5 dice,"6/5lb bags/cs, 35 cs/pallet",Morning Star Poultry ,MSP065,"Headwater Food Hub,Morning Star Poultry ,Lucki7 Livestock Company,Hudson Harvest",,Yes,NY Grown & Certified ,,"diced chix.png (https://v5.airtableusercontent.com/v3/u/42/42/1749600000000/qIrz-D3aFx6_VEgmMLVPew/FDEGOtPhJw_7yrvAC1CgM7GRIBRDlXVaxGsIQkCII2GjAsMfSIjafSrMwEAhpjNTTXJSRotqy5Ts26cqTvPpXQrIesuMWp4VgUCYc_RxWhXWSxbzOEJ7xYtcca37r1qQ6Kb3ynh6wicpvHjfA2LsCw/TI_o7Y-SaCdUudSHpBd_KAgBuyqWVfe6zxD2DdEikzM),NYS Cooked Diced Chicken MSP022.pdf (https://v5.airtableusercontent.com/v3/u/42/42/1749600000000/shJeHQRCwlmuMp9z__jNlQ/9uR4zPw0lfj9rEvi6gEIpRVQhPPQ2n3KOwMIppQczVc-_kv056o76MA3ZFDjiMUIwq5rHQhNNv3NK9UwY6v7eojMfo4My18iaEvpxjQah6KAyRvdouIql51KDRVdgS3Zm7srnglmFh5UMJ5TuVM0ShwF1PgG3WdUJB1u-KOaiHo/i1We4hKQqBGEOEQQKwPO-SPDA5HHFaqhPjmBXLfyogk)",,,,,"

",6/4/2024 3:10pm,,,,,,,,,
"Chicken, diced, raw, white & dark meat, frz",Protein,Poultry,0.5x0.5 dice,"6/5lb bags/cs, 35 cs/pallet",Morning Star Poultry ,MSP060,"Headwater Food Hub,Morning Star Poultry ,Lucki7 Livestock Company,Hudson Harvest",,Yes,NY Grown & Certified ,,"""diced chix, raw.png (https://v5.airtableusercontent.com/v3/u/42/42/1749600000000/5v9GOikOQHYhU7nHhYbt4A/7JFmva62s8f6BF_HmWqJ--zguDjvkR4F2isaIxLxp1pBRut7BfqiaXW4Mgr5bDOeI7pIoMv2WyBfRZaDqiN5GTbZ7_28PoRFtYpf8tw4PTl1t9qq377T8X14EyTzf78M9K-xKBp6vTvQO6l6jX79NA/hNQbmCA8GeyHv29rhZQy9k4X_sAj7L-Fetx33rSoc4M)"",NYS Diced Chicken MSP011.pdf (https://v5.airtableusercontent.com/v3/u/42/42/1749600000000/W6942puNTqYGnXc45pkoyg/lobOTm_k-hhHenyda4CrFSjs1tThQy6RtJqom5UYu921QD-VFWGW12VWamfsN1cQQD8pqc4xjY2Nn-91QrOxpVI5Awr5ZlGSrfC_1jExEYvPN5XWeRSCnyGwJjU7VRdPS-dsKla-IH_Ek3u409WpxkU3UF_qjd5UzUdHoYqMiA8/VtanEN8--v0VDup3RpHYEwtcY7dgujMxiTDpbcy-Igo)",,,,,"

",6/4/2024 3:10pm,,,,,,,,,
"Chicken, ground, 85:15, frz",Protein,Poultry,,"6/5lb bags/cs, 35 cs/pallet",Morning Star Poultry ,MSP017,"Headwater Food Hub,Morning Star Poultry ,Lucki7 Livestock Company,Hudson Harvest",,Yes,NY Grown & Certified ,,"chix ground.png (https://v5.airtableusercontent.com/v3/u/42/42/1749600000000/pm3LB2kxdvy61xkAEQQzPw/ucuQ0t07_utcMuPvu1_3KN1YTw9ZFBezILJl8V4oeYnMGz1V6SzN-IWC0FuhxGNFlqiKAd1iiz0qqWJHW2uP3YpzXLaNYNPflm0fiUW0MdBpyvkGKEWIwp0pe3rYVftrfCD-5MnSuAkqNgF-EzWzGA/1yxuH2zh24woUv0PsgRDMWW50zccRdcCoFZkPrCcYVc),NYS Ground Chicken MSP018.pdf (https://v5.airtableusercontent.com/v3/u/42/42/1749600000000/YSPITn-TwdtktxjlUfBSkQ/iyw78iRxQlez2RMnr5TfNF8l91Nu7WviVpfP8KxPjgftCxqtlRO6SeV6VHlm49TWVSa0e3EJsNXB9bBgBAdQcGiqluxuZHy0L2uBTGOmVQSKxLQW8Rq9dzA3g8MR8gpcGeyrX8pPOTJ9NXl8VMJeZbiAoU_TmW1qT1MxLdlbK1k/lkNuvKEHrWOy1be2tMjWzr2X_I_LkMBtd-BQqVE5JZ0)",,,,,"

",6/4/2024 3:10pm,,,,,,,,,
"Chicken, strips, raw",Protein,Poultry,0.5x0.5x3in strip,"6/5lb bags/cs, 35 cs/pallet",Morning Star Poultry ,MSP066,"Headwater Food Hub,Morning Star Poultry ,Lucki7 Livestock Company,Hudson Harvest",,Yes,NY Grown & Certified ,,"chix strips raw.png (https://v5.airtableusercontent.com/v3/u/42/42/1749600000000/xY7lcTsRt-vrq5hr0EGlgw/PEvB3bGhlzD7g3U63BmbzJaGf51AY0fGJTDQ0CkLbiZ02O4wJWkW4SwcZahMC1q6qlIQlAxdSE5G3KSw3NSSSajAKeUGDh3Dw1OH6-VnPm9MEd_pmZQCO4NRWLaIrOMrKFUbdGXnEWEhMplxUehHjw/eWv54Xt5gUCEKVwH8eOA6MmrkN3Qh8RU54l4LW4b9fg),NYS Chicken Strips MSP017.pdf (https://v5.airtableusercontent.com/v3/u/42/42/1749600000000/WPL4qRIUAsQJNSSZeklrEg/KEj-6zZBSebvDvjL8HAmf_mOh1hvfLsRCoZTT8mYwK_vU8hUf4mhhHUw76ardEjh_zz-b2dO64yNIFJhnSgWgjzMKlbMTviDERzW6WbUdpybcbVL33yIfSkqNQ-iIKvCJiQ0ycHXDqKE4KMH7DncNBBzDyF4Vc4haXdcJjetIwM/Jef-5C3tCtsU-XbQxQeO8QYQx2plOc06UPmweMP2DNk)",,,,,"

",6/4/2024 3:10pm,,,,,,,,,
"Chicken, 8 piece, frz",Protein,Poultry,Bulk,,Morning Star Poultry ,MSP028,"Headwater Food Hub,Morning Star Poultry ,Lucki7 Livestock Company,Hudson Harvest",,Yes,NY Grown & Certified ,,,,,,,,6/4/2024 3:10pm,,,,,,,,,
"Chicken, whole, frozen",Protein,Poultry,3.5 lbs./chix,"8 chix/cs, 35 cs/pallet",Morning Star Poultry ,MSP001,"Headwater Food Hub,Morning Star Poultry ,Lucki7 Livestock Company,Hudson Harvest",,Yes,NY Grown & Certified ,,,,,,,,6/4/2024 3:10pm,,,,,,,,,
"Chicken, half, frozen",Protein,Poultry,2 lbs./half,"15 half/cs, 35 cs/pallet",Morning Star Poultry ,MSP002,"Headwater Food Hub,Morning Star Poultry ,Lucki7 Livestock Company,Hudson Harvest",,Yes,NY Grown & Certified ,,,,,,,,6/4/2024 3:10pm,,,,,,,,,
"Chicken breast, sliced, frozen ",Protein,Poultry,5 lbs.,6/5lb/cs,Morning Star Poultry ,MSP062,"Headwater Food Hub,Morning Star Poultry ,Lucki7 Livestock Company,Hudson Harvest",,Yes,NY Grown & Certified ,,,,,,,,2/27/2025 9:41am,,,,,,,,,
"Chicken breast, frozen",Protein,Poultry,Bulk,,Morning Star Poultry ,MSP004,"Headwater Food Hub,Morning Star Poultry ,Lucki7 Livestock Company,Hudson Harvest",,Yes,NY Grown & Certified ,,,,,,,,6/4/2024 3:10pm,,,,,,,,,
"Chicken leg, quarter, frozen",Protein,Poultry,,,Morning Star Poultry ,MSP007,"Headwater Food Hub,Morning Star Poultry ,Lucki7 Livestock Company,Hudson Harvest",,Yes,NY Grown & Certified ,,,,,,,,6/4/2024 3:10pm,,,,,,,,,
"Chicken drumstick, frozen",Protein,Poultry,,,Morning Star Poultry ,MSP009,"Headwater Food Hub,Morning Star Poultry ,Lucki7 Livestock Company,Hudson Harvest",,Yes,NY Grown & Certified ,,,,,,,,6/4/2024 3:10pm,,,,,,,,,
"Chicken thighs, frozen",Protein,Poultry,,,Morning Star Poultry ,MSP0OS,"Headwater Food Hub,Morning Star Poultry ,Lucki7 Livestock Company,Hudson Harvest",,Yes,NY Grown & Certified ,,,,,,,,6/4/2024 3:10pm,,,,,,,,,
"Chicken nuggets, breaded (whole wheat), frozen",Protein,Poultry,32/1 lb.,6/5lb/cs,Morning Star Poultry ,MSP078,"Headwater Food Hub,Morning Star Poultry ,Lucki7 Livestock Company,Hudson Harvest",,Yes,NY Grown & Certified ,,,,,,,,6/4/2024 3:10pm,,,,,,,,,
"Chicken, party wings, frozen",Protein,Poultry,,,Morning Star Poultry ,MSP010,"Headwater Food Hub,Morning Star Poultry ,Lucki7 Livestock Company,Hudson Harvest",,Yes,NY Grown & Certified ,,,,,,,,6/4/2024 3:10pm,,,,,,,,,
"Chicken nuggets, breaded (gluten free), frozen",Protein,Poultry,32/1 lb.,6/5lb/cs,Morning Star Poultry ,MSP079,"Headwater Food Hub,Morning Star Poultry ,Lucki7 Livestock Company,Hudson Harvest",,Yes,NY Grown & Certified ,,,,,,,,6/4/2024 3:10pm,,,,,,,,,
Chicken - half,Protein,Poultry,"3lb or 5lb, average size",35lb,Mulligan Creek Acres  ,,Mulligan Creek Acres  ,,Yes,Halal,,,,checked,,,PFS available upon request. ,2/28/2025 10:28am,,,,,,,,,
Chicken - breast,Protein,Poultry,"3lb or 5lb, average size",35lb,Mulligan Creek Acres  ,,Mulligan Creek Acres  ,,Yes,Halal,,,,checked,,,PFS available upon request. ,2/28/2025 10:28am,,,,,,,,,
Chicken - wings ,Protein,Poultry,"3lb or 5lb, average size",35lb,Mulligan Creek Acres  ,,Mulligan Creek Acres  ,,Yes,Halal,,,,checked,,,PFS available upon request. ,2/28/2025 10:29am,,,,,,,,,
Chicken - whole,Protein,Poultry,"3lb or 5lb, average size",35lb,Mulligan Creek Acres  ,,Mulligan Creek Acres  ,,Yes,Halal,,,,checked,,,PFS available upon request. ,2/28/2025 10:28am,,,,,,,,,
Chicken - thighs ,Protein,Poultry,"3lb or 5lb, average size",35lb,Mulligan Creek Acres  ,,Mulligan Creek Acres  ,,Yes,Halal,,,,checked,,,PFS available upon request. ,2/28/2025 10:29am,,,,,,,,,
Chicken - ground ,Protein,Poultry,"3lb or 5lb, average size",35lb,Mulligan Creek Acres  ,,Mulligan Creek Acres  ,,Yes,Halal,,,,checked,,,PFS available upon request. ,2/28/2025 10:29am,,,,,,,,,
"Turkey, whole",Protein,Poultry,varies,35lb,Mulligan Creek Acres  ,,Mulligan Creek Acres  ,,Yes,Halal,,,,,,,PFS available upon request. ,2/28/2025 10:28am,,,,,,,,,
Cheese & Chicken Meatballs,Protein,Poultry,40 lb.,40 lb.,WildKale,17 J Y D 18,"WildKale,Headwater Food Hub",,Yes,,,,"Chicken Cheese Meatballs PFS.pdf (https://v5.airtableusercontent.com/v3/u/42/42/1749600000000/D2273UiPXU9oCthJuzgDZA/_SFVEcix7cr-VodjpvqFbP0dfnfsj7-9AJjoYfl8B3Qdt0Fkt0wsgUwg7vLEI7HMaoAIsj9VsCwsi7pvHuSoZ151wfMvXGrckYSfz0dUdEZ4NY75JJxFA2AO_NEmeEkszy_mH4E4iSpySNhXdgEVFCKh_FOIvwo5U7gL8Reejn5m59YVF1gZtnrW2BfA2nYu/y90zkBJAc7b5aRseXG0sWoodxlbud6fxwRyMjCtRu2o),Dagele Farms Source Letter.pdf (https://v5.airtableusercontent.com/v3/u/42/42/1749600000000/JOsTuMZ3qSHs2xbrmqEm0g/dhtbflnMivyAlrjxDF9_I9AqyzVgt_WLWQenxHGvJTj3FwztAFpwuHKIxC-kgfeWJXjEao0ydTZuPitN-J00cr7KxHSobcrMbqcSrXv6rsEadRWv38aNu2uXmO7mA3rOIcmo_YCakiobEGgDEaZNKJwz-vretVAdrDBmtMui6zHbSE5U6G7IM906M84_Oh6J/__mh0SwPeaGxI-8mCt7maUKjCJ-2P74XDmA1k8EZqNw)",checked,,,,6/4/2024 2:59pm,,,,,,,,,
Chicken Dumplings,Protein,"Poultry,Pasta",40 lb.,40 lb.,WildKale,17 B Y D 26,"WildKale,Headwater Food Hub",,Yes,,,,"Chicken Dumplings PFS.pdf (https://v5.airtableusercontent.com/v3/u/42/42/1749600000000/2K21RqECJ3j02RUxi_d3Jw/yD9uckiwJ4TxH2uSBMh18adCx_rmLnmSahx9fGvMGvo-Azi6VErH3j6rtVU3SW6oZi9qwsfkU0LgOFwwTRtxwRyVlCbnCUL-vQpuSQVIGxoNZGFIG7DIgJhN-uUgOtNHRjbhRMtKHmzgIqb4OzoPD-B7XFNnYOqgBSe31aUE_2c/uXlu5TTQXy76Pzp3fjy5LuHwpuyBCiPgZ-jF7CxrlQk),Dagele Farms Source Letter.pdf (https://v5.airtableusercontent.com/v3/u/42/42/1749600000000/_Je_yW1Jw5dXgPoPbLZAZg/bEqvQqjBqszocElcSCTn3wTC5BQZLQMDlDl8BoAtZj_mcVZpR_0glF2ciFcCpyZgZFnbECG2O4F1slT2fizcAXEeTyLWeck78Hj4hni-135lU6cntkWdGWjR5RFZK7TuPO48ycfWjvreXxMGWAxcp0H0-6zlOZgrpcXKA7CH8gm2PzPIEayx3573HXgoauxo/HrCCi-d51VK1LmC2S3p9M6hArxG_W54mhA80wYhfxsk)",,,,,6/4/2024 2:59pm,,,,,,,,,
"Beans, Dried, Black, Light Red Kidney, Pinto, Red Kidney","Produce, Processed","Legumes,Plant-Based Protein",25 lb. bag,25 lb. bag,Genesee Valley Bean Co,19-4-1006,"Bippert's,Produce Peddlers,Genesee Valley Bean Co,Headwater Food Hub,Hudson Harvest",,Still Under Review,,,,GV Bean Company PFS 2021.pdf (https://v5.airtableusercontent.com/v3/u/42/42/1749600000000/Zp7kc4nVkB7RfJWqUK-viw/HNzPbcNNKr9o4T9XN9RUsANo97QA2MdwbOagmU0kD1kIsgwCGGsA8Lfim57sXewVuLpF0C2F89JjdOmCxw0GaTk29dMO1wNfkRqX2fDTjcGmY0hs4qrnFwt7CnhuexKvQpBOAIUnQVYeH8LeizvkFFqhEDUUiAw6LPbDKs1B15o/ewlcoEV1CyMo6kxfTKI9gpQW0pBBYtf9-VyIA7naESc),checked,,Retail pack available from Hudson Harvest,,5/1/2024 10:10pm,,,Genesee Valley Bean Co,Bippert's,,,,,
"Beans, Dried, Organic: Black, Pinto, White Kidney","Produce, Processed","Legumes,Plant-Based Protein",25 lb. bag,25 lb. bag,Genesee Valley Bean Co,17-0-EW,"Bippert's,Produce Peddlers,Genesee Valley Bean Co,Headwater Food Hub",,Still Under Review,,,,GV Bean Company PFS 2021.pdf (https://v5.airtableusercontent.com/v3/u/42/42/1749600000000/Zp7kc4nVkB7RfJWqUK-viw/HNzPbcNNKr9o4T9XN9RUsANo97QA2MdwbOagmU0kD1kIsgwCGGsA8Lfim57sXewVuLpF0C2F89JjdOmCxw0GaTk29dMO1wNfkRqX2fDTjcGmY0hs4qrnFwt7CnhuexKvQpBOAIUnQVYeH8LeizvkFFqhEDUUiAw6LPbDKs1B15o/ewlcoEV1CyMo6kxfTKI9gpQW0pBBYtf9-VyIA7naESc),,,,,2/21/2024 8:06am,,,Genesee Valley Bean Co,Bippert's,,,,,
"Beans, Canned:  Red kidney, black","Produce, Processed","Plant-Based Protein,Legumes",#10 can,6 cans,Headwater Origins,,"Hudson Harvest,Headwater Food Hub,Ginsberg's Foods,Antonnuci Foods",,No,,,Headwater Origins Spec Sheet.pdf (https://v5.airtableusercontent.com/v3/u/42/42/1749600000000/7_dkItIz8Mpl4S6afLAJkg/eLtfGSRwL1TbE_BMIfLf53g8eyBmL-yEL6fPpc8DCKCKAyBW5-ske-UE29kmnoq9_D_elt_Gfxi2Kp6IIvYq5F-_H9W9DvOI5eYfnxHUWtDnk_mtt0dfbnIwHEi0uyUP071hBWlkG6CJ-M5shmiXKtjg5ZXN3y1UIGYJwwyk9c3zv4ve_ZS4KgzQy5kJm-Lm/7gx1IwxdqW-CdsKLkDQiOVGrDYG7n2j_yQXb_cZ3fQw),,checked,checked,,,5/29/2025 11:48am,,,,,,,,,
"Beans, Dried: Black","Produce, Processed","Plant-Based Protein,Legumes",50 lb. bag,50 lb. bag,Milestone Mill,BN50LB011,Milestone Mill,,Yes,,,"Milestone Mill nutrition labels.pdf (https://v5.airtableusercontent.com/v3/u/42/42/1749600000000/bulHz7BoDHb1HO4Q7j-svQ/P74fN3q3d-GagZ9LNHVA4Lyn7VqC1i97a_AXVgNjtECa8sBvKv6l_0ZgZhKYuCXNeHUoW6tXBS3ivQq-I5J2Exli5Hf3sA0S3YFQp9sewQnBdKBZQ7vB1EQKrGHMdpwuvWOSXpILgCrMnNdmsvGy2Si2rJgMSt3TbV1JiMYQJTSuRbc0DFoLUQ62L2wcNdpi/lxLX08vhYr5hoYUl_MWCLT94HihRI7Qw1FVCIUB5jfE),2025 Wholesale for Schools Product List-April 2025.pdf (https://v5.airtableusercontent.com/v3/u/42/42/1749600000000/dtKcWtBFnrshmpQw1Il4Mg/cah5w1uDn1FshZLvW_rvFkb7T-_Uk1LEWLpgZDPx4SDKJbkxxApagkpY1I4piYYE95Be-XdSdPAe0Zia7ojNwXGAIWvFh0vm4-oELIq_X2G_ToXsVDje4t83zgTl7Vv6gFG21_qi_rCeifeahzyAvhg-R8KsmFekh-x6weRvnfDl5rDIju4mqQPurh9YMb1VyV1LEMD-TpZWwHlPYphh2w/-G3pbVSuQBMmJLLWDAZ6Hc4k0xdLNg3M7VfgA7byYCg)",Milestone Mill_Black Beans_5.27.25 PFS.pdf (https://v5.airtableusercontent.com/v3/u/42/42/1749600000000/a9xkjJo-fmggz2OcnZ3zVw/TXFqNPsWPc21tEoVx_PA1rgGiUygVJ9xPwhllNqdDRh8PMcyu-SBoQSmG8uuVCQTe_MI2jPyyL5ixOWbzCtalnqOjwnMtWjiN04-f4RtG5QegN0c__Be8n7XUcwDwG0nYbSuWLB7MBJqqccGSSTX0fOy-l1AtGSDupzzuaoN4o45kyRc7SaA950r8ZR7PYjv/kXNkki5SF0w4E7rawuTN8NJTWP9DPcsOpdqh-hbL6JE),checked,checked,,,5/27/2025 9:26am,,,,,,,,,
"Beans, Dried: Pinto","Produce, Processed","Plant-Based Protein,Legumes",2 lb. bag,30lb/cs,Milestone Mill,BN50LB012,Milestone Mill,,Yes,,,"Milestone Mill nutrition labels.pdf (https://v5.airtableusercontent.com/v3/u/42/42/1749600000000/bulHz7BoDHb1HO4Q7j-svQ/P74fN3q3d-GagZ9LNHVA4Lyn7VqC1i97a_AXVgNjtECa8sBvKv6l_0ZgZhKYuCXNeHUoW6tXBS3ivQq-I5J2Exli5Hf3sA0S3YFQp9sewQnBdKBZQ7vB1EQKrGHMdpwuvWOSXpILgCrMnNdmsvGy2Si2rJgMSt3TbV1JiMYQJTSuRbc0DFoLUQ62L2wcNdpi/lxLX08vhYr5hoYUl_MWCLT94HihRI7Qw1FVCIUB5jfE),2025 Wholesale for Schools Product List-April 2025.pdf (https://v5.airtableusercontent.com/v3/u/42/42/1749600000000/8sFAiKEkByTR51BOkJCQBA/ZPetPdY9kvsJOVwK6DeqtVPT2_XKPcgBgCwhT_bZVXVkX1Ha1UevvYdYzvKJTcBTWN8rF-rBu087zd4mJjnnFQb5i2m0uBSCfSM6bjFZuUItWk-Izm2g0MC5-Vbp6_2ytPrev2iWS3-O6nvF812EZlok-wxelZtS_-PLiSy69MoKrDNvw_jgak3AuB1gwcsBbgPrEkMiRNmDIzwUiwbsrg/C_mNI9sN6w-EDRnFCW3ZykcdMNKEa5A5gBoFezLV104)",Milestone Mill_Pinto Beans_5.27.25 PFS.pdf (https://v5.airtableusercontent.com/v3/u/42/42/1749600000000/t5Lc1SlJKNFvOmWptiHZ1Q/qL595HO5__Z4tfbCk8ayXDy8rajeRsPs4zPl3pjdaFFx5hbIC4hKrXMp_Y6le1BeXxGj2yhHr81h6tCuaHfTg2nJmJSwr3ixwL2MzqMRm2qNYP062ZiU67yypUJRhEnTJMl_R7YCKgD-_prTM4qiNXeL7e3x-oIDBKsBQ5N1w2RK1v46H2f6shY4RX8ISwN2/cFg5W2ipWUMXvpSW0PgS9s7OfzimPOFaDUBLzDz7g20),checked,checked,pinto beans available in retail pack only,,5/27/2025 9:26am,,,,,,,,,
"Vegan Burgers, 3 oz.","Produce, Processed","Legumes,Plant-Based Protein",30 lbs.,30 lbs.,WildKale,18 A Y T 05,"WildKale,Headwater Food Hub",,Yes,,,,"Vegan Burgers PFS.pdf (https://v5.airtableusercontent.com/v3/u/42/42/1749600000000/99QCIFw8MHpebXNMkrzGEw/mVJsGRpgSRLcFG9Q4wrJXS9I6bcDNvW9UFVwWv_ScZ-RfP7iCzx6bfb_fj9ie8dYjcS3_Ie1R6VD5VZOV3fKt2jDGh2fcCuA5gZb3pq667sxD2h3RxMKui6hOzGwDGWfP6lsDBjPdtbNzcko1-CK1srqFHRpouASf2VduMjYzQA/fxAP_a0O7VHe_PQcOI_RmPBoGX4teAmlmAlqd7cjrQg),GVBC Black Bean PFS.pdf (https://v5.airtableusercontent.com/v3/u/42/42/1749600000000/m_j0oM2MKfi32A7m94csmg/ql_5iPlN-gLgV3XGQnigrpYG9Ijk252MAU5SpL74WCUsx5L7NeXZ6bayAm2YNEkikg8-JYfMOadb8ejb7mjTGjc04LWkkkJDn32Q7rs3PZoCqTEFnjuoo0IGQtUFeGI1pWd5x_c-vgW1B8GhBmJ6quvxM-CgQwZiX3L5KEn-W7A/471I9ivzvlTCrP4JcTkiF1sH3qe0fi-MeHi71rLa9B0)",checked,checked,,,6/4/2024 2:59pm,,,,,,,,,
"Apricot Juice, 12 oz","Produce, Processed","Juice and Cider,Processed Fruit",12 oz.,6/cs,Red Jacket Orchards,043519000239,"American Fruit and Vegetable Co.,Russo Produce Co.,Renzi Foodservice,Baldor Foods,Headwater Food Hub,Regional Access,US Foods,Palmer Food Service,""Genecco Produce, Inc.""",,Yes,NY Grown & Certified ,,Red Jacket Apricot.pdf (https://v5.airtableusercontent.com/v3/u/42/42/1749600000000/65HEe7TsJwNBXLnLVi6qXg/1cnioixrPDy_04ZxYZjpskY2DeIRUey5JGXzzPx0KMTp5UnHTTXtEAHD1tW9KIPv779pnHmO4povz2pgzbPHAnalTw4ItufHzvMZySPhOB9OFyobsLYSH4lI0_t5Tt-7JjOJZGDY-BtM4HJVdZNcbg/U0nJbgm0qHcYJ1gpZjy7piFSdqc5ALHMkVff8yo89hA),,,,,"If your distributor does not carry this product, you can ask them to.
",4/11/2024 3:25pm,,,Red Jacket Orchards,"American Fruit and Vegetable Co., Baldor Foods, ""Genecco Produce, Inc."", Palmer Food Service, Regional Access, Renzi Foodservice, US Foods, Headwater Food Hub, Russo Produce Co.",,,,,
"Apricot Juice, 32 oz","Produce, Processed","Juice and Cider,Processed Fruit",32 oz. ,8/cs,Red Jacket Orchards,043519000222,"American Fruit and Vegetable Co.,Russo Produce Co.,Renzi Foodservice,Baldor Foods,Headwater Food Hub,Regional Access,US Foods,Palmer Food Service,""Genecco Produce, Inc.""",,Yes,NY Grown & Certified ,,Red Jacket Apricot.pdf (https://v5.airtableusercontent.com/v3/u/42/42/1749600000000/65HEe7TsJwNBXLnLVi6qXg/1cnioixrPDy_04ZxYZjpskY2DeIRUey5JGXzzPx0KMTp5UnHTTXtEAHD1tW9KIPv779pnHmO4povz2pgzbPHAnalTw4ItufHzvMZySPhOB9OFyobsLYSH4lI0_t5Tt-7JjOJZGDY-BtM4HJVdZNcbg/U0nJbgm0qHcYJ1gpZjy7piFSdqc5ALHMkVff8yo89hA),,,,,"If your distributor does not carry this product, you can ask them to.
",4/11/2024 3:25pm,,,Red Jacket Orchards,"American Fruit and Vegetable Co., Baldor Foods, ""Genecco Produce, Inc."", Palmer Food Service, Regional Access, Renzi Foodservice, US Foods, Headwater Food Hub, Russo Produce Co.",,,,,
"Apple Cider, All-Natural, 12 oz.","Produce, Processed","Juice and Cider,Processed Fruit",12 oz.,6/cs,Red Jacket Orchards,043519000208,"American Fruit and Vegetable Co.,Russo Produce Co.,Renzi Foodservice,Baldor Foods,Headwater Food Hub,Regional Access,US Foods,Palmer Food Service,""Genecco Produce, Inc.""",,Yes,NY Grown & Certified ,,Red Jacket Apricot.pdf (https://v5.airtableusercontent.com/v3/u/42/42/1749600000000/65HEe7TsJwNBXLnLVi6qXg/1cnioixrPDy_04ZxYZjpskY2DeIRUey5JGXzzPx0KMTp5UnHTTXtEAHD1tW9KIPv779pnHmO4povz2pgzbPHAnalTw4ItufHzvMZySPhOB9OFyobsLYSH4lI0_t5Tt-7JjOJZGDY-BtM4HJVdZNcbg/U0nJbgm0qHcYJ1gpZjy7piFSdqc5ALHMkVff8yo89hA),,,,,"If your distributor does not carry this product, you can ask them to.
",4/11/2024 3:25pm,,,Red Jacket Orchards,"American Fruit and Vegetable Co., Baldor Foods, ""Genecco Produce, Inc."", Palmer Food Service, Regional Access, Renzi Foodservice, US Foods, Headwater Food Hub, Russo Produce Co.",,,,,
"Apple Cider, All-Natural, 32 oz.","Produce, Processed","Juice and Cider,Processed Fruit",32 oz.,8/cs,Red Jacket Orchards,043519000185,"American Fruit and Vegetable Co.,Russo Produce Co.,Renzi Foodservice,Baldor Foods,Headwater Food Hub,Regional Access,US Foods,Palmer Food Service,""Genecco Produce, Inc.""",,Yes,NY Grown & Certified ,,Red Jacket All Natural Cider.pdf (https://v5.airtableusercontent.com/v3/u/42/42/1749600000000/9ZFKTM1uqWwScQ9k2-STPw/9L496h2nsPJG8vw0POgJXl4L3fh8208zLHIacu94HWQ5jEGWUzQhoo-emo5RTjCaPDpSlUeeEcxuvp49WODJMnACDJffkj8oOXeVdwUHlIU5AZmXIoIWv8IBME24y1Nug4CrXO0mjc5d9VBdLCd7KsDIkuXa_v07z8OV4V5ZgHk/gWVHAXG1nE03KyptdnK6XsF2gSaoChZqBUDjNAgBcB4),,,,,"If your distributor does not carry this product, you can ask them to.
",4/11/2024 3:25pm,,,Red Jacket Orchards,"American Fruit and Vegetable Co., Baldor Foods, ""Genecco Produce, Inc."", Palmer Food Service, Regional Access, Renzi Foodservice, US Foods, Headwater Food Hub, Russo Produce Co.",,,,,
"Apple Cider, All-Natural, 64 oz.","Produce, Processed","Juice and Cider,Processed Fruit",64 oz.,9/cs,Red Jacket Orchards,043519000178,"American Fruit and Vegetable Co.,Russo Produce Co.,Renzi Foodservice,Baldor Foods,Headwater Food Hub,Regional Access,US Foods,Palmer Food Service,""Genecco Produce, Inc.""",,Yes,NY Grown & Certified ,,Red Jacket All Natural Cider.pdf (https://v5.airtableusercontent.com/v3/u/42/42/1749600000000/9ZFKTM1uqWwScQ9k2-STPw/9L496h2nsPJG8vw0POgJXl4L3fh8208zLHIacu94HWQ5jEGWUzQhoo-emo5RTjCaPDpSlUeeEcxuvp49WODJMnACDJffkj8oOXeVdwUHlIU5AZmXIoIWv8IBME24y1Nug4CrXO0mjc5d9VBdLCd7KsDIkuXa_v07z8OV4V5ZgHk/gWVHAXG1nE03KyptdnK6XsF2gSaoChZqBUDjNAgBcB4),,,,,"If your distributor does not carry this product, you can ask them to.
",4/11/2024 3:25pm,,,Red Jacket Orchards,"American Fruit and Vegetable Co., Baldor Foods, ""Genecco Produce, Inc."", Palmer Food Service, Regional Access, Renzi Foodservice, US Foods, Headwater Food Hub, Russo Produce Co.",,,,,
"Apple Cider, All-Natural, 128 oz. (gallon)","Produce, Processed","Juice and Cider,Processed Fruit",128 oz.,4/cs,Red Jacket Orchards,043519000161,"American Fruit and Vegetable Co.,Russo Produce Co.,Renzi Foodservice,Baldor Foods,Headwater Food Hub,Regional Access,US Foods,Palmer Food Service,""Genecco Produce, Inc.""",,Yes,NY Grown & Certified ,,Red Jacket All Natural Cider.pdf (https://v5.airtableusercontent.com/v3/u/42/42/1749600000000/9ZFKTM1uqWwScQ9k2-STPw/9L496h2nsPJG8vw0POgJXl4L3fh8208zLHIacu94HWQ5jEGWUzQhoo-emo5RTjCaPDpSlUeeEcxuvp49WODJMnACDJffkj8oOXeVdwUHlIU5AZmXIoIWv8IBME24y1Nug4CrXO0mjc5d9VBdLCd7KsDIkuXa_v07z8OV4V5ZgHk/gWVHAXG1nE03KyptdnK6XsF2gSaoChZqBUDjNAgBcB4),,,,,"If your distributor does not carry this product, you can ask them to.
",4/11/2024 3:25pm,,,Red Jacket Orchards,"American Fruit and Vegetable Co., Baldor Foods, ""Genecco Produce, Inc."", Palmer Food Service, Regional Access, Renzi Foodservice, US Foods, Headwater Food Hub, Russo Produce Co.",,,,,
"Blackcurrant Apple Juice, 12 oz.","Produce, Processed","Juice and Cider,Processed Fruit",12 oz.,6/cs,Red Jacket Orchards,043519000581,"American Fruit and Vegetable Co.,Russo Produce Co.,Renzi Foodservice,Baldor Foods,Headwater Food Hub,Regional Access,US Foods,Palmer Food Service,""Genecco Produce, Inc.""",,Yes,NY Grown & Certified ,,Red Jacket Black Currant.pdf (https://v5.airtableusercontent.com/v3/u/42/42/1749600000000/81sjuG0zN6sGC37j4JrK8g/1kFONEExSTRvcmyY-NLGVQgSMylBwb0Yrwa0WH7kEV_DPxKeEP6zLH79tGO_xYjB8rG9cdtD6I2J8aNZtKWB-kk07v2KFeW_z6uq6rtbYHPkpI3PiG2cOZ1jKWMHf2vCs9-PqMW8UUDwy3761m0tfAtmSBr4aKn_9m5LPAq1UT4/zWNAcl3H2OhQXOn2UU_JhdZE94SclqhQAbjoaRE2R2c),,,,,"If your distributor does not carry this product, you can ask them to.
",4/11/2024 3:25pm,,,Red Jacket Orchards,"American Fruit and Vegetable Co., Baldor Foods, ""Genecco Produce, Inc."", Palmer Food Service, Regional Access, Renzi Foodservice, US Foods, Headwater Food Hub, Russo Produce Co.",,,,,
"Blackcurrant Apple Juice, 32 oz.","Produce, Processed","Juice and Cider,Processed Fruit",32 oz.,8/cs,Red Jacket Orchards,043519000574,"American Fruit and Vegetable Co.,Russo Produce Co.,Renzi Foodservice,Baldor Foods,Headwater Food Hub,Regional Access,US Foods,Palmer Food Service,""Genecco Produce, Inc.""",,Yes,NY Grown & Certified ,,Red Jacket Black Currant.pdf (https://v5.airtableusercontent.com/v3/u/42/42/1749600000000/81sjuG0zN6sGC37j4JrK8g/1kFONEExSTRvcmyY-NLGVQgSMylBwb0Yrwa0WH7kEV_DPxKeEP6zLH79tGO_xYjB8rG9cdtD6I2J8aNZtKWB-kk07v2KFeW_z6uq6rtbYHPkpI3PiG2cOZ1jKWMHf2vCs9-PqMW8UUDwy3761m0tfAtmSBr4aKn_9m5LPAq1UT4/zWNAcl3H2OhQXOn2UU_JhdZE94SclqhQAbjoaRE2R2c),,,,,"If your distributor does not carry this product, you can ask them to.
",4/11/2024 3:25pm,,,Red Jacket Orchards,"American Fruit and Vegetable Co., Baldor Foods, ""Genecco Produce, Inc."", Palmer Food Service, Regional Access, Renzi Foodservice, US Foods, Headwater Food Hub, Russo Produce Co.",,,,,
"Blackcurrant Apple Juice, 52 oz.","Produce, Processed","Juice and Cider,Processed Fruit",52 oz.,4/cs,Red Jacket Orchards,043519001229,"American Fruit and Vegetable Co.,Russo Produce Co.,Renzi Foodservice,Baldor Foods,Headwater Food Hub,Regional Access,US Foods,Palmer Food Service,""Genecco Produce, Inc.""",,Yes,NY Grown & Certified ,,Red Jacket Black Currant.pdf (https://v5.airtableusercontent.com/v3/u/42/42/1749600000000/81sjuG0zN6sGC37j4JrK8g/1kFONEExSTRvcmyY-NLGVQgSMylBwb0Yrwa0WH7kEV_DPxKeEP6zLH79tGO_xYjB8rG9cdtD6I2J8aNZtKWB-kk07v2KFeW_z6uq6rtbYHPkpI3PiG2cOZ1jKWMHf2vCs9-PqMW8UUDwy3761m0tfAtmSBr4aKn_9m5LPAq1UT4/zWNAcl3H2OhQXOn2UU_JhdZE94SclqhQAbjoaRE2R2c),,,,,"If your distributor does not carry this product, you can ask them to.
",4/11/2024 3:25pm,,,Red Jacket Orchards,"American Fruit and Vegetable Co., Baldor Foods, ""Genecco Produce, Inc."", Palmer Food Service, Regional Access, Renzi Foodservice, US Foods, Headwater Food Hub, Russo Produce Co.",,,,,
"Joe's NY Style Lemonade, 12 oz.","Produce, Processed","Juice and Cider,Processed Fruit",12 oz.,6/cs,Red Jacket Orchards,043519000963,"American Fruit and Vegetable Co.,Russo Produce Co.,Renzi Foodservice,Baldor Foods,Headwater Food Hub,Regional Access,US Foods,Palmer Food Service,""Genecco Produce, Inc.""",,Yes,NY Grown & Certified ,,Red Jacket Lemonade.pdf (https://v5.airtableusercontent.com/v3/u/42/42/1749600000000/kh53iNIXDOb3uebeGcF1Yw/PnNa01OZWt9Kx1O8ufpD0vAhn3oh8WAcBDEr6PmnXaO5qFjTynWfWoAyay6PBEXzettmLyMeaYmgbS58kC-z9Hocm5GD-BdBo3DQvSn0REuaKT6HohEnURfGBM58bIEKmwxsL4OnXZdUrE80wqszjB0iJawioG3Y-aHWeHptUHI/71_zVNZJxK-o_hADE4fz93rq9YAcETjOEXrXUwjyWPg),,,,,"If your distributor does not carry this product, you can ask them to.
",4/11/2024 3:25pm,,,Red Jacket Orchards,"American Fruit and Vegetable Co., Baldor Foods, ""Genecco Produce, Inc."", Palmer Food Service, Regional Access, Renzi Foodservice, US Foods, Headwater Food Hub, Russo Produce Co.",,,,,
"Joe's NY Style Lemonade, 32 oz.","Produce, Processed","Juice and Cider,Processed Fruit",32 oz.,8/cs,Red Jacket Orchards,043519000949,"American Fruit and Vegetable Co.,Russo Produce Co.,Renzi Foodservice,Baldor Foods,Headwater Food Hub,Regional Access,US Foods,Palmer Food Service,""Genecco Produce, Inc.""",,Yes,NY Grown & Certified ,,Red Jacket Lemonade.pdf (https://v5.airtableusercontent.com/v3/u/42/42/1749600000000/kh53iNIXDOb3uebeGcF1Yw/PnNa01OZWt9Kx1O8ufpD0vAhn3oh8WAcBDEr6PmnXaO5qFjTynWfWoAyay6PBEXzettmLyMeaYmgbS58kC-z9Hocm5GD-BdBo3DQvSn0REuaKT6HohEnURfGBM58bIEKmwxsL4OnXZdUrE80wqszjB0iJawioG3Y-aHWeHptUHI/71_zVNZJxK-o_hADE4fz93rq9YAcETjOEXrXUwjyWPg),,,,,"If your distributor does not carry this product, you can ask them to.
",4/11/2024 3:25pm,,,Red Jacket Orchards,"American Fruit and Vegetable Co., Baldor Foods, ""Genecco Produce, Inc."", Palmer Food Service, Regional Access, Renzi Foodservice, US Foods, Headwater Food Hub, Russo Produce Co.",,,,,
"Cranberry Apple Juice, 12 oz.","Produce, Processed","Juice and Cider,Processed Fruit",12 oz.,6/cs,Red Jacket Orchards,043519000116,"American Fruit and Vegetable Co.,Russo Produce Co.,Renzi Foodservice,Baldor Foods,Headwater Food Hub,Regional Access,US Foods,Palmer Food Service,""Genecco Produce, Inc.""",,Yes,NY Grown & Certified ,,Red Jacket Cranberry.pdf (https://v5.airtableusercontent.com/v3/u/42/42/1749600000000/OFNXzchJ6rb17UyFn1Y2rw/NSfWRNRd6OO0L564yffOcGrXwzeJ-V_fceSLCJu8cSwzLn_rX4Eg1z_PEBcYPJLYSk1z6Asjyz4DaWWAK2RjU71YoeRs5ft6nzKD5WQE5iIqhWXQvCMA0II1iwKD_CdCWCMN-0Kv_Tp_eoOSeXCo_HS9pRMq56Yvfti-DLHOAA0/1S_cnu6vp6tXBupteQgWgQlixWm49LpQXURUPUGd8JA),,,,,"If your distributor does not carry this product, you can ask them to.
",4/11/2024 3:25pm,,,Red Jacket Orchards,"American Fruit and Vegetable Co., Baldor Foods, ""Genecco Produce, Inc."", Palmer Food Service, Regional Access, Renzi Foodservice, US Foods, Headwater Food Hub, Russo Produce Co.",,,,,
"Cranberry Apple Juice, 32 oz.","Produce, Processed","Juice and Cider,Processed Fruit",32 oz.,8/cs,Red Jacket Orchards,043519000093,"American Fruit and Vegetable Co.,Russo Produce Co.,Renzi Foodservice,Baldor Foods,Headwater Food Hub,Regional Access,US Foods,Palmer Food Service,""Genecco Produce, Inc.""",,Yes,NY Grown & Certified ,,Red Jacket Cranberry.pdf (https://v5.airtableusercontent.com/v3/u/42/42/1749600000000/OFNXzchJ6rb17UyFn1Y2rw/NSfWRNRd6OO0L564yffOcGrXwzeJ-V_fceSLCJu8cSwzLn_rX4Eg1z_PEBcYPJLYSk1z6Asjyz4DaWWAK2RjU71YoeRs5ft6nzKD5WQE5iIqhWXQvCMA0II1iwKD_CdCWCMN-0Kv_Tp_eoOSeXCo_HS9pRMq56Yvfti-DLHOAA0/1S_cnu6vp6tXBupteQgWgQlixWm49LpQXURUPUGd8JA),,,,,"If your distributor does not carry this product, you can ask them to.
",4/11/2024 3:25pm,,,Red Jacket Orchards,"American Fruit and Vegetable Co., Baldor Foods, ""Genecco Produce, Inc."", Palmer Food Service, Regional Access, Renzi Foodservice, US Foods, Headwater Food Hub, Russo Produce Co.",,,,,
"Cranberry Apple Juice, 52 oz.","Produce, Processed","Juice and Cider,Processed Fruit",52 oz.,4/cs,Red Jacket Orchards,043519001205,"American Fruit and Vegetable Co.,Russo Produce Co.,Renzi Foodservice,Baldor Foods,Headwater Food Hub,Regional Access,US Foods,Palmer Food Service,""Genecco Produce, Inc.""",,Yes,NY Grown & Certified ,,Red Jacket Cranberry.pdf (https://v5.airtableusercontent.com/v3/u/42/42/1749600000000/OFNXzchJ6rb17UyFn1Y2rw/NSfWRNRd6OO0L564yffOcGrXwzeJ-V_fceSLCJu8cSwzLn_rX4Eg1z_PEBcYPJLYSk1z6Asjyz4DaWWAK2RjU71YoeRs5ft6nzKD5WQE5iIqhWXQvCMA0II1iwKD_CdCWCMN-0Kv_Tp_eoOSeXCo_HS9pRMq56Yvfti-DLHOAA0/1S_cnu6vp6tXBupteQgWgQlixWm49LpQXURUPUGd8JA),,,,,"If your distributor does not carry this product, you can ask them to.
",4/11/2024 3:25pm,,,Red Jacket Orchards,"American Fruit and Vegetable Co., Baldor Foods, ""Genecco Produce, Inc."", Palmer Food Service, Regional Access, Renzi Foodservice, US Foods, Headwater Food Hub, Russo Produce Co.",,,,,
"Grape Apple Juice, 12 oz.","Produce, Processed","Juice and Cider,Processed Fruit",12 oz.,6/cs,Red Jacket Orchards,043519000864,"American Fruit and Vegetable Co.,Russo Produce Co.,Renzi Foodservice,Baldor Foods,Headwater Food Hub,Regional Access,US Foods,Palmer Food Service,""Genecco Produce, Inc.""",,Yes,NY Grown & Certified ,,Red Jacket Grape.pdf (https://v5.airtableusercontent.com/v3/u/42/42/1749600000000/cUAJmJbPGTYCw3IgvVnuWw/XVA8TRUVHd1D_B5OQODo1mTvfaYhfCzYBc1p0CdlZj5XOCHYwSEgVc_AI48q3hqreSk2oiSsrvFWJC6Fn3lGIFIxDIhh53P6iIPeDGSoIwj90Z6kHxxRVaAygZj25hmRMVFev_z5VVQHZXUjVhBaOw/xmJoeik94OCIz0mRa3zw49R3BExpT-Xrmlt8XjbLq_w),,,,,"If your distributor does not carry this product, you can ask them to.
",4/11/2024 3:25pm,,,Red Jacket Orchards,"American Fruit and Vegetable Co., Baldor Foods, ""Genecco Produce, Inc."", Palmer Food Service, Regional Access, Renzi Foodservice, US Foods, Headwater Food Hub, Russo Produce Co.",,,,,
"Grape Apple Juice, 32 oz.","Produce, Processed","Juice and Cider,Processed Fruit",32 oz.,8/cs,Red Jacket Orchards,043519000840,"American Fruit and Vegetable Co.,Russo Produce Co.,Renzi Foodservice,Baldor Foods,Headwater Food Hub,Regional Access,US Foods,Palmer Food Service,""Genecco Produce, Inc.""",,Yes,NY Grown & Certified ,,Red Jacket Grape.pdf (https://v5.airtableusercontent.com/v3/u/42/42/1749600000000/cUAJmJbPGTYCw3IgvVnuWw/XVA8TRUVHd1D_B5OQODo1mTvfaYhfCzYBc1p0CdlZj5XOCHYwSEgVc_AI48q3hqreSk2oiSsrvFWJC6Fn3lGIFIxDIhh53P6iIPeDGSoIwj90Z6kHxxRVaAygZj25hmRMVFev_z5VVQHZXUjVhBaOw/xmJoeik94OCIz0mRa3zw49R3BExpT-Xrmlt8XjbLq_w),,,,,"If your distributor does not carry this product, you can ask them to.
",4/11/2024 3:25pm,,,Red Jacket Orchards,"American Fruit and Vegetable Co., Baldor Foods, ""Genecco Produce, Inc."", Palmer Food Service, Regional Access, Renzi Foodservice, US Foods, Headwater Food Hub, Russo Produce Co.",,,,,
"Grape Apple Juice, 52 oz.","Produce, Processed","Juice and Cider,Processed Fruit",52 oz.,4/cs,Red Jacket Orchards,043519001175,"American Fruit and Vegetable Co.,Russo Produce Co.,Renzi Foodservice,Baldor Foods,Headwater Food Hub,Regional Access,US Foods,Palmer Food Service,""Genecco Produce, Inc.""",,Yes,NY Grown & Certified ,,Red Jacket Grape.pdf (https://v5.airtableusercontent.com/v3/u/42/42/1749600000000/cUAJmJbPGTYCw3IgvVnuWw/XVA8TRUVHd1D_B5OQODo1mTvfaYhfCzYBc1p0CdlZj5XOCHYwSEgVc_AI48q3hqreSk2oiSsrvFWJC6Fn3lGIFIxDIhh53P6iIPeDGSoIwj90Z6kHxxRVaAygZj25hmRMVFev_z5VVQHZXUjVhBaOw/xmJoeik94OCIz0mRa3zw49R3BExpT-Xrmlt8XjbLq_w),,,,,"If your distributor does not carry this product, you can ask them to.
",4/11/2024 3:25pm,,,Red Jacket Orchards,"American Fruit and Vegetable Co., Baldor Foods, ""Genecco Produce, Inc."", Palmer Food Service, Regional Access, Renzi Foodservice, US Foods, Headwater Food Hub, Russo Produce Co.",,,,,
"Strawberry Apple Juice, 12 oz.","Produce, Processed","Juice and Cider,Processed Fruit",12 oz.,6/cs,Red Jacket Orchards,043519000468,"American Fruit and Vegetable Co.,Russo Produce Co.,Renzi Foodservice,Baldor Foods,Headwater Food Hub,Regional Access,US Foods,Palmer Food Service,""Genecco Produce, Inc.""",,Yes,NY Grown & Certified ,,Red Jacket Strawberry.pdf (https://v5.airtableusercontent.com/v3/u/42/42/1749600000000/xA2wpVpY4MbwyrU5YW2r-A/kt5IfbmuVJrdsMdU-Vv7qa_UHStEVbq2l2Jl7QCd5vyLK5ZrLpZPn3WEpK2qVad24zbgUtk3aLzmKJVBsYDk_7iO8v9oaru0Je0NcObNSJkOBa47nZV8tgfBb5Z3CMe9h1YvFTWpJW7QOYTu84EGJhnMnP26kkH2jxCSvwnqD5Y/iNg8IbZNSZuxeSsxd9_8jwSM49z19vHC-6iVjfxehBc),,,,,"If your distributor does not carry this product, you can ask them to.
",4/11/2024 3:25pm,,,Red Jacket Orchards,"American Fruit and Vegetable Co., Baldor Foods, ""Genecco Produce, Inc."", Palmer Food Service, Regional Access, Renzi Foodservice, US Foods, Headwater Food Hub, Russo Produce Co.",,,,,
"Strawberry Apple Juice, 32 oz.","Produce, Processed","Juice and Cider,Processed Fruit",32 oz.,8/cs,Red Jacket Orchards,043519000444,"American Fruit and Vegetable Co.,Russo Produce Co.,Renzi Foodservice,Baldor Foods,Headwater Food Hub,Regional Access,US Foods,Palmer Food Service,""Genecco Produce, Inc.""",,Yes,NY Grown & Certified ,,Red Jacket Strawberry.pdf (https://v5.airtableusercontent.com/v3/u/42/42/1749600000000/xA2wpVpY4MbwyrU5YW2r-A/kt5IfbmuVJrdsMdU-Vv7qa_UHStEVbq2l2Jl7QCd5vyLK5ZrLpZPn3WEpK2qVad24zbgUtk3aLzmKJVBsYDk_7iO8v9oaru0Je0NcObNSJkOBa47nZV8tgfBb5Z3CMe9h1YvFTWpJW7QOYTu84EGJhnMnP26kkH2jxCSvwnqD5Y/iNg8IbZNSZuxeSsxd9_8jwSM49z19vHC-6iVjfxehBc),,,,,"If your distributor does not carry this product, you can ask them to.
",4/11/2024 3:25pm,,,Red Jacket Orchards,"American Fruit and Vegetable Co., Baldor Foods, ""Genecco Produce, Inc."", Palmer Food Service, Regional Access, Renzi Foodservice, US Foods, Headwater Food Hub, Russo Produce Co.",,,,,
"Strawberry Apple Juice, 52 oz.","Produce, Processed","Juice and Cider,Processed Fruit",52 oz.,4/cs,Red Jacket Orchards,043519001199,"American Fruit and Vegetable Co.,Russo Produce Co.,Renzi Foodservice,Baldor Foods,Headwater Food Hub,Regional Access,US Foods,Palmer Food Service,""Genecco Produce, Inc.""",,Yes,NY Grown & Certified ,,Red Jacket Strawberry.pdf (https://v5.airtableusercontent.com/v3/u/42/42/1749600000000/xA2wpVpY4MbwyrU5YW2r-A/kt5IfbmuVJrdsMdU-Vv7qa_UHStEVbq2l2Jl7QCd5vyLK5ZrLpZPn3WEpK2qVad24zbgUtk3aLzmKJVBsYDk_7iO8v9oaru0Je0NcObNSJkOBa47nZV8tgfBb5Z3CMe9h1YvFTWpJW7QOYTu84EGJhnMnP26kkH2jxCSvwnqD5Y/iNg8IbZNSZuxeSsxd9_8jwSM49z19vHC-6iVjfxehBc),,,,,"If your distributor does not carry this product, you can ask them to.
",4/11/2024 3:25pm,,,Red Jacket Orchards,"American Fruit and Vegetable Co., Baldor Foods, ""Genecco Produce, Inc."", Palmer Food Service, Regional Access, Renzi Foodservice, US Foods, Headwater Food Hub, Russo Produce Co.",,,,,
"Raspberry Apple Juice, 12 oz.","Produce, Processed","Juice and Cider,Processed Fruit",12 oz.,6/cs,Red Jacket Orchards,043519000789,"American Fruit and Vegetable Co.,Russo Produce Co.,Renzi Foodservice,Baldor Foods,Headwater Food Hub,Regional Access,US Foods,Palmer Food Service,""Genecco Produce, Inc.""",,Yes,NY Grown & Certified ,,Red Jacket Raspberry.pdf (https://v5.airtableusercontent.com/v3/u/42/42/1749600000000/iU4xLzyZLHM68bHufF7amA/9gj1rY3xabFCZYdmoSJ6u7Nov6QJLQE0xjtk88GcSKKTmsD-G4PncpDT4_PpxeM6_oqG07G19yH9RF35-L0rvz0XeDAiaUUOnX68fkFjZdIiwVdSYGpQZEeB9ZtDKoPNsmaWVTi-PX2OcJ1qAx_0pj6FoqqIfywqXXCrJXGrVpo/mFPcha2QmfH5UGnotzeSwLvy-87bOCI5BSLsbbn6Lqc),,,,,"If your distributor does not carry this product, you can ask them to.
",4/11/2024 3:25pm,,,Red Jacket Orchards,"American Fruit and Vegetable Co., Baldor Foods, ""Genecco Produce, Inc."", Palmer Food Service, Regional Access, Renzi Foodservice, US Foods, Headwater Food Hub, Russo Produce Co.",,,,,
"Raspberry Apple Juice, 32 oz.","Produce, Processed","Juice and Cider,Processed Fruit",32 oz.,8/cs,Red Jacket Orchards,043519000765,"American Fruit and Vegetable Co.,Russo Produce Co.,Renzi Foodservice,Baldor Foods,Headwater Food Hub,Regional Access,US Foods,Palmer Food Service,""Genecco Produce, Inc.""",,Yes,NY Grown & Certified ,,Red Jacket Raspberry.pdf (https://v5.airtableusercontent.com/v3/u/42/42/1749600000000/iU4xLzyZLHM68bHufF7amA/9gj1rY3xabFCZYdmoSJ6u7Nov6QJLQE0xjtk88GcSKKTmsD-G4PncpDT4_PpxeM6_oqG07G19yH9RF35-L0rvz0XeDAiaUUOnX68fkFjZdIiwVdSYGpQZEeB9ZtDKoPNsmaWVTi-PX2OcJ1qAx_0pj6FoqqIfywqXXCrJXGrVpo/mFPcha2QmfH5UGnotzeSwLvy-87bOCI5BSLsbbn6Lqc),,,,,"If your distributor does not carry this product, you can ask them to.
",4/11/2024 3:25pm,,,Red Jacket Orchards,"American Fruit and Vegetable Co., Baldor Foods, ""Genecco Produce, Inc."", Palmer Food Service, Regional Access, Renzi Foodservice, US Foods, Headwater Food Hub, Russo Produce Co.",,,,,
"Raspberry Apple Juice, 52 oz.","Produce, Processed","Juice and Cider,Processed Fruit",52 oz.,4/cs,Red Jacket Orchards,043519001182,"American Fruit and Vegetable Co.,Russo Produce Co.,Renzi Foodservice,Baldor Foods,Headwater Food Hub,Regional Access,US Foods,Palmer Food Service,""Genecco Produce, Inc.""",,Yes,NY Grown & Certified ,,Red Jacket Raspberry.pdf (https://v5.airtableusercontent.com/v3/u/42/42/1749600000000/iU4xLzyZLHM68bHufF7amA/9gj1rY3xabFCZYdmoSJ6u7Nov6QJLQE0xjtk88GcSKKTmsD-G4PncpDT4_PpxeM6_oqG07G19yH9RF35-L0rvz0XeDAiaUUOnX68fkFjZdIiwVdSYGpQZEeB9ZtDKoPNsmaWVTi-PX2OcJ1qAx_0pj6FoqqIfywqXXCrJXGrVpo/mFPcha2QmfH5UGnotzeSwLvy-87bOCI5BSLsbbn6Lqc),,,,,"If your distributor does not carry this product, you can ask them to.
",4/11/2024 3:25pm,,,Red Jacket Orchards,"American Fruit and Vegetable Co., Baldor Foods, ""Genecco Produce, Inc."", Palmer Food Service, Regional Access, Renzi Foodservice, US Foods, Headwater Food Hub, Russo Produce Co.",,,,,
"Tart Cherry Juice, 12oz.","Produce, Processed","Juice and Cider,Processed Fruit",12 oz.,6/cs,Red Jacket Orchards,043519000796,"American Fruit and Vegetable Co.,Russo Produce Co.,Renzi Foodservice,Baldor Foods,Headwater Food Hub,Regional Access,US Foods,Palmer Food Service,""Genecco Produce, Inc.""",,Yes,NY Grown & Certified ,,Red Jacket Tart Cherry.pdf (https://v5.airtableusercontent.com/v3/u/42/42/1749600000000/ELm2QBwrSb7oWpjg4oKOMQ/_1qYIsRTUdL9WWOy36rcI114gjROM0ahqro1dbIh51Hn_anHfrvyhikDeJ2yJmmPKIk0EVI7m_rnWbeynRhjwakxlZL51Pi8y8wxR60q-QETSxRwyyLtwZrj3StLTUCYbb1nJEcfj7vzRxBXnsrgBtokssyq--Ob4W7CkmdfX9w/P0UICFIfpQ0cZ_DS7CrA1iLpsxI_XHN8EXBRSGzSUps),,,,,"If your distributor does not carry this product, you can ask them to.
",4/11/2024 3:25pm,,,Red Jacket Orchards,"American Fruit and Vegetable Co., Baldor Foods, ""Genecco Produce, Inc."", Palmer Food Service, Regional Access, Renzi Foodservice, US Foods, Headwater Food Hub, Russo Produce Co.",,,,,
"Tart Cherry Juice, 32 oz.","Produce, Processed","Juice and Cider,Processed Fruit",32 oz.,8/cs,Red Jacket Orchards,043519000772,"American Fruit and Vegetable Co.,Russo Produce Co.,Renzi Foodservice,Baldor Foods,Headwater Food Hub,Regional Access,US Foods,Palmer Food Service,""Genecco Produce, Inc.""",,Yes,NY Grown & Certified ,,Red Jacket Tart Cherry.pdf (https://v5.airtableusercontent.com/v3/u/42/42/1749600000000/ELm2QBwrSb7oWpjg4oKOMQ/_1qYIsRTUdL9WWOy36rcI114gjROM0ahqro1dbIh51Hn_anHfrvyhikDeJ2yJmmPKIk0EVI7m_rnWbeynRhjwakxlZL51Pi8y8wxR60q-QETSxRwyyLtwZrj3StLTUCYbb1nJEcfj7vzRxBXnsrgBtokssyq--Ob4W7CkmdfX9w/P0UICFIfpQ0cZ_DS7CrA1iLpsxI_XHN8EXBRSGzSUps),,,,,"If your distributor does not carry this product, you can ask them to.
",4/11/2024 3:25pm,,,Red Jacket Orchards,"American Fruit and Vegetable Co., Baldor Foods, ""Genecco Produce, Inc."", Palmer Food Service, Regional Access, Renzi Foodservice, US Foods, Headwater Food Hub, Russo Produce Co.",,,,,
"Fuji Apple Juice, 12 oz.","Produce, Processed","Juice and Cider,Processed Fruit",12 oz.,6/cs,Red Jacket Orchards,043519000383,"American Fruit and Vegetable Co.,Russo Produce Co.,Renzi Foodservice,Baldor Foods,Headwater Food Hub,Regional Access,US Foods,Palmer Food Service,""Genecco Produce, Inc.""",,Yes,NY Grown & Certified ,,Red Jacket Fuji Apple Juice.pdf (https://v5.airtableusercontent.com/v3/u/42/42/1749600000000/rioQ2bEa9pc9nq17GMx3mg/Se4gTur45xD_hKHFNa-IfYnyvJnoZVTlBnV39zhsFfxvf2QK7du6jUUjAsLvAPkldkeR7KpkKhqbLdBcxNIf10FXhCZGrWz7o0UNz7BYeTGuVMMub6M0dOWI9alAdFe6GOb76C1vOdBzHeehz-3-FI-vf-59wLdpyn7Txf58JSo/-dTwbsGcZVYihykvPB2c_PQMsHXc3UVfEklYfUK8rT8),,,,,"If your distributor does not carry this product, you can ask them to.
",4/11/2024 3:25pm,,,Red Jacket Orchards,"American Fruit and Vegetable Co., Baldor Foods, ""Genecco Produce, Inc."", Palmer Food Service, Regional Access, Renzi Foodservice, US Foods, Headwater Food Hub, Russo Produce Co.",,,,,
"Fuji Apple Juice, 32 oz.","Produce, Processed","Juice and Cider,Processed Fruit",32 oz.,8/cs,Red Jacket Orchards,043519000369,"American Fruit and Vegetable Co.,Russo Produce Co.,Renzi Foodservice,Baldor Foods,Headwater Food Hub,Regional Access,US Foods,Palmer Food Service,""Genecco Produce, Inc.""",,Yes,NY Grown & Certified ,,Red Jacket Fuji Apple Juice.pdf (https://v5.airtableusercontent.com/v3/u/42/42/1749600000000/rioQ2bEa9pc9nq17GMx3mg/Se4gTur45xD_hKHFNa-IfYnyvJnoZVTlBnV39zhsFfxvf2QK7du6jUUjAsLvAPkldkeR7KpkKhqbLdBcxNIf10FXhCZGrWz7o0UNz7BYeTGuVMMub6M0dOWI9alAdFe6GOb76C1vOdBzHeehz-3-FI-vf-59wLdpyn7Txf58JSo/-dTwbsGcZVYihykvPB2c_PQMsHXc3UVfEklYfUK8rT8),,,,,"If your distributor does not carry this product, you can ask them to.
",4/11/2024 3:25pm,,,Red Jacket Orchards,"American Fruit and Vegetable Co., Baldor Foods, ""Genecco Produce, Inc."", Palmer Food Service, Regional Access, Renzi Foodservice, US Foods, Headwater Food Hub, Russo Produce Co.",,,,,
"Fuji Apple Juice, 52 oz.","Produce, Processed","Juice and Cider,Processed Fruit",52 oz.,4/cs,Red Jacket Orchards,043519001236,"American Fruit and Vegetable Co.,Russo Produce Co.,Renzi Foodservice,Baldor Foods,Headwater Food Hub,Regional Access,US Foods,Palmer Food Service,""Genecco Produce, Inc.""",,Yes,NY Grown & Certified ,,Red Jacket Fuji Apple Juice.pdf (https://v5.airtableusercontent.com/v3/u/42/42/1749600000000/rioQ2bEa9pc9nq17GMx3mg/Se4gTur45xD_hKHFNa-IfYnyvJnoZVTlBnV39zhsFfxvf2QK7du6jUUjAsLvAPkldkeR7KpkKhqbLdBcxNIf10FXhCZGrWz7o0UNz7BYeTGuVMMub6M0dOWI9alAdFe6GOb76C1vOdBzHeehz-3-FI-vf-59wLdpyn7Txf58JSo/-dTwbsGcZVYihykvPB2c_PQMsHXc3UVfEklYfUK8rT8),,,,,"If your distributor does not carry this product, you can ask them to.
",4/11/2024 3:25pm,,,Red Jacket Orchards,"American Fruit and Vegetable Co., Baldor Foods, ""Genecco Produce, Inc."", Palmer Food Service, Regional Access, Renzi Foodservice, US Foods, Headwater Food Hub, Russo Produce Co.",,,,,
Apple Cider,"Produce, Processed","Processed Fruit,Juice and Cider","Pint, Quart, Half-gallon, Gallon",,Rulfs Orchard,,Rulfs Orchard,,Still Under Review,,,,,,,,,2/27/2024 1:30pm,,,,,,,,,
Concord Grape Slush,"Produce, Processed","Juice and Cider,Processed Fruit",4 oz.,60/cs,Welch's/Cool Tropics,14501,"US Foods Buffalo,Palmer Food Service,Renzi Foodservice,Ace Endico,Headwater Food Hub,Comfort Food,Self-distribute,Ginsberg's Foods",USF: 2533611,No,,,"Welchs_FarmToSchool - Cool Tropics Juice Slush.pdf (https://v5.airtableusercontent.com/v3/u/42/42/1749600000000/hIeb96aGm8HUl5l0p3yfXA/Xw24cyAr7mpWZN_oVvrz3_082Fps4rPT6-KYo9FjukXxt-cYtesl5qzR2gZdkROLiPqBaxYcC-zOowq5ssCgeYCizRUg77dkVdPiGMwKQqWPv3r-REH3dcRt_ZM3D41AuM6PGFK4dBB_Wo9M4RRDT51XBLiTKtb8gJgJn7sIs6heeArE5-AUwPnsEQtlphxE/1cKu1hldFnJh-8_73Rbr1P-uNjqgmfj70u6_tXoM28Q),Cool Tropics PPT.pdf (https://v5.airtableusercontent.com/v3/u/42/42/1749600000000/sft5_2gitWvGMHhMKtNvdA/vYqYy1pHop4bxXw_mVtCIeG611j9PChOAwKyHjMyYAUYNP7NsCZTZLqidR_xojR5us3HFwfi2NSAfeptskKJVIvCjZ7O6pCyA_dDhdewkp0dl9BlIbiQ3VV5b2w-cmStI77CzqwhpCBT6L52a2DFkA/Sn0XS6ydt_Z4JdjnBRNgtMgtrVrbdHW2aueELFJLvkY),Concord Grape Juice Concentrate PFS-SIGNED.pdf (https://v5.airtableusercontent.com/v3/u/42/42/1749600000000/tORqQedDShi5OVq7Z04roQ/pYzrJUihMQaIdD0lNDz5qCDTElzCrlGB49G9XUrWIH7zKY6UctmSvjnX0xQ8IWlejzfb-xMxEUdnXj7oL8rALMoZ1IKw5GvkBasrSuP_DolxRR3Y9EzfH7854b0bkYzZIr5REHApeZA34dK0R5L3SUFLd_pLD2WJB8N_0rFUQj1o70zLA-EGm-9IB4-4UCEB/ZnqCdLz3DKkwqwMwxVe7CzoJnmSXmPABSIEWeBnPkFo),Cool Tropics Relationship Letter.pdf (https://v5.airtableusercontent.com/v3/u/42/42/1749600000000/C-UVuuMEqGzYLNojWTxskw/sfVdzD8nuS_rGZu9bjd8_gGchzfQFg6EL-Mp4mqpkQvMSoHSgJNWS5exkocVABpqcjDzrhElpugg2hdvvy2Qyxm9KDqf-TNEr5Jv6sejtM8vb0WwhsHAk-6kPaDpvGqIq_fxXvB61UdWtwgE9Jl6-7TTniGNWbeWCth-zQKEJNs/1EFT7xuY5PjKma4cSh5j-w_3Z6EAOQgAU6cEO5iGA0A),King Brands on Behalf of Cool Tropics NY Concord Grape Slush PFS-SIGNED.pdf (https://v5.airtableusercontent.com/v3/u/42/42/1749600000000/PnIca4bHzvfz7u_3u2H-1g/O_X2ITG1gc9c4YwkVXhB8x_cchtzrffc8dzPABMa6j6t6mDg13b86MBXC8gddwz4cJEik8OSKEXOPZOnI79Y9VZHxq8ufYpJ1NYg3F8NImZX33iH15HiZ2PRswUCr_wU5dhmSaWfHF5W6A_OLAURG9icunBitw5fFJTg59FQkrYr0zICwLNyrb8rPyeGq-qT7bRuNsJM9vlZXpR22hxtRg/KrD71yTNmST3CHlv-fQgAxJarfsX-y4aLCtgBHqAeTU)","King Brands on Behalf of Cool Tropics NY Concord Grape Slush PFS-SIGNED.pdf (https://v5.airtableusercontent.com/v3/u/42/42/1749600000000/GRo5V6Tr2OscY8zKght6KQ/fedWMqs0eyufiLoYEsqStN34jATxdqpvg0kn9H4J2MDPpbbistyxSo7cmWaCnFGwLkz69ZyVpvPTjB90p2wseQPDfDh2xVHnnZEKtUxJdNrbzyL_qiYcgcBvHBCidjKOs2k0Capnn-bugp29Kxa4ierV1aFbJaktmx9fJ-DlAS9Ib9yjqGvtTeYbiVJZmGbGPTgeGBqCMJ5pJiBElddBOQ/1DYMt0G9nXgI3L_8XvOf7ih39H6dWRozJgPXZ05z1EU),Concord Grape Juice Concentrate PFS-SIGNED.pdf (https://v5.airtableusercontent.com/v3/u/42/42/1749600000000/PlwHiEV60vOWlPc7BhrbhQ/-moO9gq7vd7x6-Wp69CGToxFc7ERUWLCzdeNnj0_KqFocEOu7g3VRl-YLtKk_IHO_XulvUqheiao5trq--ID2-ddq0KqG9KcLQtN1u4LpxjhCiIffKJrVLWFXARexLaqGdoiONvDgYAq2_4YvTPahwCoddJi-hBi37GZp5FX6No1VX3zek7r8ZIYS01Vbv8U/RcynUQV07OM1MXU9ZCaOm8T4CdOINDOYBT-d329dM7k),Cool Tropics Relationship Letter.pdf (https://v5.airtableusercontent.com/v3/u/42/42/1749600000000/SaSRwjZYSC9jTlqm6QoN2A/oD3E2ndEkmkVsitpepDubTs5nSoHj91hYyFmlfyYbYhs6voKruv-q_Up-DgeE33mFzQpW5hqYp0QXsoHXhDT26dB2Q78dqXiCTO4wuuUgMOvusqxIgqShssQHc4-o1a0zxd-uJrMLuEXJYfw_w7DH77kMIBuJsJLhxv1EShHROg/xhN8cKe-ceWHG0LMb-zL3WCLRN2wQdPHa08uCoxOLBU),Welch NY Farms.pdf (https://v5.airtableusercontent.com/v3/u/42/42/1749600000000/cy45s5EgPjZKdP0Xbbr-ZQ/iu9pLhBYtbx1iX2BfojqrmDTGXcffnOniwQWV738dPGvI6GKZI6-6OohsEDEq1IW1xPb3mhJZDaC6PjyvLySgQQjTktbOKYhG23ImEQyEE8gmJaTmHMWtBWE24w6FKYax1mdHcLuawOmLosb_FxLxw/VtaldqOq7gqsRiR7_S7wP-4BpW8rID32eZ4_NhQU_V0)",,,,,12/11/2024 5:40pm,,,Welch's/Cool Tropics,"Deli Boy, Jay Bee, Latina Boulevard, Palmer Food Service, Sysco Long Island, US Foods Buffalo",,,,,
Concord Grape Juice (with Apple Juice),"Produce, Processed","Juice and Cider,Processed Fruit",4 oz.,96/cs,Welch's/Cool Tropics,17001,"US Foods Buffalo,Palmer Food Service,Renzi Foodservice,Ace Endico,Headwater Food Hub,Comfort Food,Self-distribute,Ginsberg's Foods",USF: 6787894,No,,,"Welchs 100% Juice Cup - Cool Tropics.pdf (https://v5.airtableusercontent.com/v3/u/42/42/1749600000000/-NsIdocgBicjwc9zPqzUwA/tnrFuKWvtpRNIjYDvlKHxcdC1GjeCS0SqVHB9C-nZNWuYZoXIMXSM1H_j4LDuzSowhfQLDf2Gw49VdMxj9hPW5YDFEnc4xNej94VAtbstAlMznOkW8t4WmZlXgOUjsoXy1Un13ArbFlndzex-Xaq7bNPQrfy_wOZsXRZMOeMJf0/bO-zadV1h380KGPYOVHJ10sg2Xg_7udJY29ZgbqNDAU),Cool Tropics PPT.pdf (https://v5.airtableusercontent.com/v3/u/42/42/1749600000000/xoEe23GtqqS8XpNIElKP5g/arB7HDNdlHcoQ5e_eyHhtWTZwPA-ukg8L_U7Owz-5UzorYMgbKRRMWejqW5Ka5LrmqNH2QYqm75XjmRYbNcdOV1EwfbJGI01q_SXV4to6BUrHWM2EZ_gmmPyNA5C-2vpkBROibqqX1yvcUmeozjz2A/cuJhguOW8n6DKhM9iFu2H4rkmkfG6UHsHlgPcT-lF4g),Concord Grape Juice Concentrate PFS-SIGNED.pdf (https://v5.airtableusercontent.com/v3/u/42/42/1749600000000/onT6DrNznzMSn_b4j4sMmA/1X6ftVG5l0Q6la9_wk9wUlhS3KCOb3-_RxP96WJHzzE5I54NEjlwDWzt9sH7y6xQh63Lh9ecHz8SF7nkjF4ziBjwPytIcjFMIHK0iws2tvPRRvgLy713BAm0fydRaJElB0dJhUIYTpn33aa1ZH_Dj9AWOwSWvc-81y7D0p4jZmV75rnorK1KIM6_pOUjFLP6/IPdOZmzBjZAc5XqMEFbgc-37eeL6G1EDnoq3Rj_1cyg),Cool Tropics Relationship Letter.pdf (https://v5.airtableusercontent.com/v3/u/42/42/1749600000000/Vn98zAFNCePSvr0pChCsGQ/KNeVyXWkzhZIF2Akkdt7gfrKu-iIjN8xf3FNK0uU-o9CLFnw30IDGxrH9oQsPf6paOFEbz5c1Y74mV1JzTzL7as8q9wVmGQpg3wXwKt07K-y5r3KH2s7AobJhNxZo_03_cPYtm1i3fROykk9mLfvsLQKv37pqLw0H--mAn8IDQs/H1WVSb_3eiYEET2GS2-EYaI4n5uX10nBZjKEGxB-Vkg),King Brands on Behalf of Cool Tropics NY Concord Grape Apple Juice Cups PFS-SIGNED.pdf (https://v5.airtableusercontent.com/v3/u/42/42/1749600000000/ZLLNeCDBtcALPcbJ9yMDww/5-1TIF6-ramT10aBqwaqijGUPn_YjTuCtK9H9GwRp0wXW3ST4nTuoQ9QD2u4rUf7v9lK6arbN2arpQWYP6cL9iUhR1u_kaaioSGqU_X-77WK3iOKBzpUxCJDq2ZgeSMGNbzxLdphb4ApVBNyWFrioJpA3TX0Qyyvuwn9725kDnZilPudcFxw4d9Kn7Z2kuy6NIQqqROOpqJcuN3ivIZemxQKm5afC7IWZfR2vmAx59E/nGkZOnqxKo0tIBgzJU1dW52lww-YSVMxEG_lV9cLgIY)","Concord Grape Juice Concentrate PFS-SIGNED.pdf (https://v5.airtableusercontent.com/v3/u/42/42/1749600000000/QAev20fvv0GYe_qDigDRNw/2EDvq9uX8C0oBqO47F9d2xbNWL0kbx04bYr_LI6QLmkbh-lW-g4dc6QSwOyR6SOP8mV9gd_PoyFlWS3JF60J4F2IR2m3gBoCd1XvtIXtV8EQt2fTgeIiY0VsWBK5Q-LfabUhPUzD2vVa29t5HNmyrVVZUaWNYtNWDLbBsyLMruUMjf0GDtpS_ERQY4fl0SrU/irT-wy9eF2YYEN1Dp_I4H1HwxvuRolsCbSjIabywcVI),King Brands on Behalf of Cool Tropics NY Concord Grape Apple Juice Cups PFS-SIGNED.pdf (https://v5.airtableusercontent.com/v3/u/42/42/1749600000000/AhY5rcdN2nPzCmb3z3UwSw/d62KGFSvkhnBswW2WnVjAq24Ly9gDm8ico5Z820ipDP2MosQAfxeSboeVFLCqwYyQyVCtvjP4PPCiQHvA5X7jXwdDodqSe2AwP0usi0TQW9DE9uVMMhWDCtYZbMO4Vu5c8Wb1GYFndbZNmOcfH3XZ49NVOPP_wcWJC1KvQ3NttG05LQRP3akU3cUaiknoA9kGBIMODgmGHtvxM9jXZ2KlIGAYzGKJX3ZWtxj8GvoQbM/jlcI2y4RhAAlmEPI_ko-LcqFjtc8w7YBs3yjcM9sUiU),Cool Tropics Relationship Letter.pdf (https://v5.airtableusercontent.com/v3/u/42/42/1749600000000/Lg8o5VpFKrR9EYqGDRLwdA/48xcm4_h8vdBcgPWNhO2C2GAGSHbHo9gjSOKwNwrQy5GrTMwG2oT9rwbFjwWVoCIIxSjVyISOomOIaOH0bVx-Zcyz0jM2lv9vqXJfQbJjD8M5deR7Uyk7y_Rs7vksUDwHexb0amE0A06BW8oZxazSM_hANHxYucJ7amO1zpl29E/9hy77awUf5KiF-JsAMFk3BCYiKYavVJ5BhE9mWYHWn4),Welch NY Farms.pdf (https://v5.airtableusercontent.com/v3/u/42/42/1749600000000/fgTvpPPr9p_19sq44QhqSg/76SrdxdEk7QtgHkrx7MuE32pfdas20YReOo3vT2iTpPmjaSS043PkShAE8f84mnwBKyN0S1ks02Bg8TkmLLQ1sq8nPfuWJfw3GNEhcaWKDx6qDTfMaP9vL3Deg2JrrAmmphKA5vIhehPnk-1CaLo6A/wajT1PhqD7_0m06cpuuBeAN97o0rxLthfrAfcHdkp6k)",,,,,12/11/2024 5:40pm,,,Welch's/Cool Tropics,"Deli Boy, Jay Bee, Latina Boulevard, Palmer Food Service, Sysco Long Island, US Foods Buffalo",,,,,
Apple Slices,"Produce, Processed","Fresh Fruit,Minimally Processed Fruit",,40lb case,Cahoon Farms,,Headwater Food Hub,,Still Under Review,NY Grown & Certified ,,,,,,,,4/11/2024 3:25pm,,,,,,,,,
Sliced Apples (Grab Apples),"Produce, Processed","Fresh Fruit,Minimally Processed Fruit","2 oz bag, 3lb bulk, 4 lb bulk","125 ct, 100 ct (2oz bag); 12 lb cs (3 or 4lb bulk)",Country Fresh,1001094 (125ct); 1000973 (100ct),"Driscoll Foods - Metro NY,Teri Nichols,Ginsberg's Foods,Russo Produce Co.,Latina Boulevard,""Genecco Produce, Inc."",Gargiulo Produce,Country Fresh",,Yes,Kosher,,,,,,,PFS available upon request,8/1/2024 9:27am,,,,,,,,,
Apple Slices,"Produce, Processed","Fresh Fruit,Minimally Processed Fruit",2 oz.,100/cs,Peterson Farms,203125,"Ginsberg's Foods,Schrier Foodservice,Latina Boulevard,Bippert's,""Genecco Produce, Inc."",Brigiotta's Farmland Produce",,No,NY Grown & Certified ,,Peterson apple slices spec sheet.pdf (https://v5.airtableusercontent.com/v3/u/42/42/1749600000000/SLCEaM9aYJisk2IedFsNmQ/6IspYy1F84WPp7dD1-awxiy1Xr3aX2TJBXHZxgrMC0dtgi3sEItyrs_yYRxFSTgww0CE4iXHh50ev97CFsHXasPsfy0THn6gJgXo2VJ2qCLfKJ3IuKamepcLJc8wBcsPN1ouz0Pa-CTUVhWaRpdpq08yXpztp_stw-VsGZcwxd-O7Bx6nBw9vnMXkdlmz3UN/0Wl4U14j-dmqXSXO4RwIpvt2DXq3Decvzh7RgIt--iI),,,,,,8/20/2024 4:10pm,,,Peterson Farms,"Bippert's, Brigiotta's Farmland Produce, ""Genecco Produce, Inc."", Ginsberg's Foods, Latina Boulevard, Schrier Foodservice",,,,,
"Applesauce,  Unsweetened, Jar","Produce, Processed",Processed Fruit,23 oz. ,,Mott's,10029841,"Sysco Albany,Sysco Syracuse,Palmer Food Service,Maplevale,Latina Boulevard,Big Apple Deli Products,US Foods Buffalo,Driscoll Foods - Metro NY,Driscoll Foods - Upstate NY (Amsterdam),US Foods Albany",,Yes,NY Grown & Certified ,2020- NYS Mott's Certificate.pdf (https://v5.airtableusercontent.com/v3/u/42/42/1749600000000/VOQY2eq9UUq_zUDaRpJ41Q/vbSqp0E8Oti4bg4R-pK7NSizCfhOI0ZyqSkDZ_-a5mxzgS0Os2ygX39GTQDNZ_hzfMHxqZYC1t1xwG_vKt1K5a-E-S0ock_ieYrqH-zd8f61xg0xhQU2Ts4mmTMDzSHhKJpprimYAqVV8qxYxjv3kEaS-PXF7w-5Ymz4DlfKL9E/a7_kWs-6bgfGgMD2V8nJezsC3Leq39DlsqrYXJNLqNA),,,,,,,8/16/2024 10:21am,,,Mott's,"Big Apple Deli Products, Ginsberg's Foods, Latina Boulevard, Maplevale, Palmer Food Service, Sysco Albany, Sysco Syracuse, US Foods Buffalo",,,,,
"Applesauce, Strawberry,  Unsweetened, 4.5oz. Cup","Produce, Processed",Processed Fruit,4.5 oz.,72/case,Mott's,10065614,"Sysco Albany,Sysco Syracuse,Palmer Food Service,Maplevale,Latina Boulevard,Big Apple Deli Products,US Foods Buffalo,Driscoll Foods - Metro NY,Driscoll Foods - Upstate NY (Amsterdam),US Foods Albany",USF: 1557542 | Sysco SUPC: 4418319,Yes,NY Grown & Certified ,2020- NYS Mott's Certificate.pdf (https://v5.airtableusercontent.com/v3/u/42/42/1749600000000/VOQY2eq9UUq_zUDaRpJ41Q/vbSqp0E8Oti4bg4R-pK7NSizCfhOI0ZyqSkDZ_-a5mxzgS0Os2ygX39GTQDNZ_hzfMHxqZYC1t1xwG_vKt1K5a-E-S0ock_ieYrqH-zd8f61xg0xhQU2Ts4mmTMDzSHhKJpprimYAqVV8qxYxjv3kEaS-PXF7w-5Ymz4DlfKL9E/a7_kWs-6bgfGgMD2V8nJezsC3Leq39DlsqrYXJNLqNA),,,,,,,8/16/2024 11:20am,,,Mott's,"Big Apple Deli Products, Ginsberg's Foods, Latina Boulevard, Maplevale, Palmer Food Service, Sysco Albany, Sysco Syracuse, US Foods Buffalo",,,,,
"Applesauce,  Mango Peach, 3.2oz. Pouch","Produce, Processed",Processed Fruit,3.2 oz. ,4 pack x 6,Mott's,10124938,"Sysco Albany,Sysco Syracuse,Palmer Food Service,Maplevale,Latina Boulevard,Big Apple Deli Products,US Foods Buffalo,Driscoll Foods - Metro NY,Driscoll Foods - Upstate NY (Amsterdam),US Foods Albany",,Yes,NY Grown & Certified ,2020- NYS Mott's Certificate.pdf (https://v5.airtableusercontent.com/v3/u/42/42/1749600000000/VOQY2eq9UUq_zUDaRpJ41Q/vbSqp0E8Oti4bg4R-pK7NSizCfhOI0ZyqSkDZ_-a5mxzgS0Os2ygX39GTQDNZ_hzfMHxqZYC1t1xwG_vKt1K5a-E-S0ock_ieYrqH-zd8f61xg0xhQU2Ts4mmTMDzSHhKJpprimYAqVV8qxYxjv3kEaS-PXF7w-5Ymz4DlfKL9E/a7_kWs-6bgfGgMD2V8nJezsC3Leq39DlsqrYXJNLqNA),,,,,,,8/16/2024 11:20am,,,Mott's,"Big Apple Deli Products, Ginsberg's Foods, Latina Boulevard, Maplevale, Palmer Food Service, Sysco Albany, Sysco Syracuse, US Foods Buffalo",,,,,
"Applesauce, Unsweetened, 3.9oz.  Cup","Produce, Processed",Processed Fruit,3.9 oz.,72/case,Mott's,10002292,"Sysco Albany,Sysco Syracuse,Palmer Food Service,Maplevale,Latina Boulevard,Big Apple Deli Products,US Foods Buffalo,Driscoll Foods - Metro NY,Driscoll Foods - Upstate NY (Amsterdam),US Foods Albany",Sysco SUPC: 5544523,Yes,NY Grown & Certified ,2020- NYS Mott's Certificate.pdf (https://v5.airtableusercontent.com/v3/u/42/42/1749600000000/VOQY2eq9UUq_zUDaRpJ41Q/vbSqp0E8Oti4bg4R-pK7NSizCfhOI0ZyqSkDZ_-a5mxzgS0Os2ygX39GTQDNZ_hzfMHxqZYC1t1xwG_vKt1K5a-E-S0ock_ieYrqH-zd8f61xg0xhQU2Ts4mmTMDzSHhKJpprimYAqVV8qxYxjv3kEaS-PXF7w-5Ymz4DlfKL9E/a7_kWs-6bgfGgMD2V8nJezsC3Leq39DlsqrYXJNLqNA),,,,,,,8/16/2024 11:20am,,,Mott's,"Big Apple Deli Products, Ginsberg's Foods, Latina Boulevard, Maplevale, Palmer Food Service, Sysco Albany, Sysco Syracuse, US Foods Buffalo",,,,,
"Applesauce, Blueberry,  Unsweetened, 3.9oz. Cup","Produce, Processed",Processed Fruit,3.9 oz.,6 pack x 12,Mott's,10002290,"Sysco Albany,Sysco Syracuse,Palmer Food Service,Maplevale,Latina Boulevard,Big Apple Deli Products,US Foods Buffalo,Driscoll Foods - Metro NY,Driscoll Foods - Upstate NY (Amsterdam),US Foods Albany",,Yes,NY Grown & Certified ,2020- NYS Mott's Certificate.pdf (https://v5.airtableusercontent.com/v3/u/42/42/1749600000000/VOQY2eq9UUq_zUDaRpJ41Q/vbSqp0E8Oti4bg4R-pK7NSizCfhOI0ZyqSkDZ_-a5mxzgS0Os2ygX39GTQDNZ_hzfMHxqZYC1t1xwG_vKt1K5a-E-S0ock_ieYrqH-zd8f61xg0xhQU2Ts4mmTMDzSHhKJpprimYAqVV8qxYxjv3kEaS-PXF7w-5Ymz4DlfKL9E/a7_kWs-6bgfGgMD2V8nJezsC3Leq39DlsqrYXJNLqNA),,,,,,,8/16/2024 11:20am,,,Mott's,"Big Apple Deli Products, Ginsberg's Foods, Latina Boulevard, Maplevale, Palmer Food Service, Sysco Albany, Sysco Syracuse, US Foods Buffalo",,,,,
"Applesauce, Cinnamon,  Unsweetened, 3.2oz. Pouch","Produce, Processed",Processed Fruit,3.2 oz.,12 pack x 4,Mott's,10125270,"Sysco Albany,Sysco Syracuse,Palmer Food Service,Maplevale,Latina Boulevard,Big Apple Deli Products,US Foods Buffalo,Driscoll Foods - Metro NY,Driscoll Foods - Upstate NY (Amsterdam),US Foods Albany",,Yes,NY Grown & Certified ,2020- NYS Mott's Certificate.pdf (https://v5.airtableusercontent.com/v3/u/42/42/1749600000000/VOQY2eq9UUq_zUDaRpJ41Q/vbSqp0E8Oti4bg4R-pK7NSizCfhOI0ZyqSkDZ_-a5mxzgS0Os2ygX39GTQDNZ_hzfMHxqZYC1t1xwG_vKt1K5a-E-S0ock_ieYrqH-zd8f61xg0xhQU2Ts4mmTMDzSHhKJpprimYAqVV8qxYxjv3kEaS-PXF7w-5Ymz4DlfKL9E/a7_kWs-6bgfGgMD2V8nJezsC3Leq39DlsqrYXJNLqNA),,,,,,,8/16/2024 11:21am,,,Mott's,"Big Apple Deli Products, Ginsberg's Foods, Latina Boulevard, Maplevale, Palmer Food Service, Sysco Albany, Sysco Syracuse, US Foods Buffalo",,,,,
"Applesauce,  Blueberry, Unsweetened, 3.2oz. Pouch","Produce, Processed",Processed Fruit,3.2 oz.,12 pack x 4,Mott's,10125274,"Sysco Albany,Sysco Syracuse,Palmer Food Service,Maplevale,Latina Boulevard,Big Apple Deli Products,US Foods Buffalo,Driscoll Foods - Metro NY,Driscoll Foods - Upstate NY (Amsterdam),US Foods Albany",,Yes,NY Grown & Certified ,2020- NYS Mott's Certificate.pdf (https://v5.airtableusercontent.com/v3/u/42/42/1749600000000/VOQY2eq9UUq_zUDaRpJ41Q/vbSqp0E8Oti4bg4R-pK7NSizCfhOI0ZyqSkDZ_-a5mxzgS0Os2ygX39GTQDNZ_hzfMHxqZYC1t1xwG_vKt1K5a-E-S0ock_ieYrqH-zd8f61xg0xhQU2Ts4mmTMDzSHhKJpprimYAqVV8qxYxjv3kEaS-PXF7w-5Ymz4DlfKL9E/a7_kWs-6bgfGgMD2V8nJezsC3Leq39DlsqrYXJNLqNA),,,,,,,8/16/2024 11:21am,,,Mott's,"Big Apple Deli Products, Ginsberg's Foods, Latina Boulevard, Maplevale, Palmer Food Service, Sysco Albany, Sysco Syracuse, US Foods Buffalo",,,,,
"Applesauce,  Strawberry, No Sugar, 3.2oz. Pouch","Produce, Processed",Processed Fruit,3.2 oz.,12 pack x 4,Mott's,10084790,"Sysco Albany,Sysco Syracuse,Palmer Food Service,Maplevale,Latina Boulevard,Big Apple Deli Products,US Foods Buffalo,Driscoll Foods - Metro NY,Driscoll Foods - Upstate NY (Amsterdam),US Foods Albany",USF: 3838839,Yes,NY Grown & Certified ,2020- NYS Mott's Certificate.pdf (https://v5.airtableusercontent.com/v3/u/42/42/1749600000000/VOQY2eq9UUq_zUDaRpJ41Q/vbSqp0E8Oti4bg4R-pK7NSizCfhOI0ZyqSkDZ_-a5mxzgS0Os2ygX39GTQDNZ_hzfMHxqZYC1t1xwG_vKt1K5a-E-S0ock_ieYrqH-zd8f61xg0xhQU2Ts4mmTMDzSHhKJpprimYAqVV8qxYxjv3kEaS-PXF7w-5Ymz4DlfKL9E/a7_kWs-6bgfGgMD2V8nJezsC3Leq39DlsqrYXJNLqNA),,,,,,,8/16/2024 11:21am,,,Mott's,"Big Apple Deli Products, Ginsberg's Foods, Latina Boulevard, Maplevale, Palmer Food Service, Sysco Albany, Sysco Syracuse, US Foods Buffalo",,,,,
"Applesauce,
  Unsweetened, 24oz. Jar","Produce, Processed",Processed Fruit,24 oz.,,Mott's,10029839,"Sysco Albany,Sysco Syracuse,Palmer Food Service,Maplevale,Latina Boulevard,Big Apple Deli Products,US Foods Buffalo,Driscoll Foods - Metro NY,Driscoll Foods - Upstate NY (Amsterdam),US Foods Albany",,Yes,NY Grown & Certified ,2020- NYS Mott's Certificate.pdf (https://v5.airtableusercontent.com/v3/u/42/42/1749600000000/VOQY2eq9UUq_zUDaRpJ41Q/vbSqp0E8Oti4bg4R-pK7NSizCfhOI0ZyqSkDZ_-a5mxzgS0Os2ygX39GTQDNZ_hzfMHxqZYC1t1xwG_vKt1K5a-E-S0ock_ieYrqH-zd8f61xg0xhQU2Ts4mmTMDzSHhKJpprimYAqVV8qxYxjv3kEaS-PXF7w-5Ymz4DlfKL9E/a7_kWs-6bgfGgMD2V8nJezsC3Leq39DlsqrYXJNLqNA),,,,,,,8/16/2024 10:21am,,,Mott's,"Big Apple Deli Products, Ginsberg's Foods, Latina Boulevard, Maplevale, Palmer Food Service, Sysco Albany, Sysco Syracuse, US Foods Buffalo",,,,,
"Applesauce,  Cinnamon, Unsweetened, 3.2oz. Pouch,","Produce, Processed",Processed Fruit,3.2 oz.,4 pack x 6,Mott's,10124935,"Sysco Albany,Sysco Syracuse,Palmer Food Service,Maplevale,Latina Boulevard,Big Apple Deli Products,US Foods Buffalo,Driscoll Foods - Metro NY,Driscoll Foods - Upstate NY (Amsterdam),US Foods Albany",,Yes,NY Grown & Certified ,2020- NYS Mott's Certificate.pdf (https://v5.airtableusercontent.com/v3/u/42/42/1749600000000/VOQY2eq9UUq_zUDaRpJ41Q/vbSqp0E8Oti4bg4R-pK7NSizCfhOI0ZyqSkDZ_-a5mxzgS0Os2ygX39GTQDNZ_hzfMHxqZYC1t1xwG_vKt1K5a-E-S0ock_ieYrqH-zd8f61xg0xhQU2Ts4mmTMDzSHhKJpprimYAqVV8qxYxjv3kEaS-PXF7w-5Ymz4DlfKL9E/a7_kWs-6bgfGgMD2V8nJezsC3Leq39DlsqrYXJNLqNA),,,,,,,8/16/2024 12:01pm,,,Mott's,"Big Apple Deli Products, Ginsberg's Foods, Latina Boulevard, Maplevale, Palmer Food Service, Sysco Albany, Sysco Syracuse, US Foods Buffalo",,,,,
"Applesauce,
  Cinnamon, 48oz. Jar","Produce, Processed",Processed Fruit,48 oz.,,Mott's,10029845,"Sysco Albany,Sysco Syracuse,Palmer Food Service,Maplevale,Latina Boulevard,Big Apple Deli Products,US Foods Buffalo,Driscoll Foods - Metro NY,Driscoll Foods - Upstate NY (Amsterdam),US Foods Albany",,Yes,NY Grown & Certified ,2020- NYS Mott's Certificate.pdf (https://v5.airtableusercontent.com/v3/u/42/42/1749600000000/VOQY2eq9UUq_zUDaRpJ41Q/vbSqp0E8Oti4bg4R-pK7NSizCfhOI0ZyqSkDZ_-a5mxzgS0Os2ygX39GTQDNZ_hzfMHxqZYC1t1xwG_vKt1K5a-E-S0ock_ieYrqH-zd8f61xg0xhQU2Ts4mmTMDzSHhKJpprimYAqVV8qxYxjv3kEaS-PXF7w-5Ymz4DlfKL9E/a7_kWs-6bgfGgMD2V8nJezsC3Leq39DlsqrYXJNLqNA),,,,,,,8/16/2024 11:25am,,,Mott's,"Big Apple Deli Products, Ginsberg's Foods, Latina Boulevard, Maplevale, Palmer Food Service, Sysco Albany, Sysco Syracuse, US Foods Buffalo",,,,,
"Applesauce,  Mixed Berry, No Sugar, 3.2oz. Pouch","Produce, Processed",Processed Fruit,3.2 oz.,12 pack x 4,Mott's,10129561,"Sysco Albany,Sysco Syracuse,Palmer Food Service,Maplevale,Latina Boulevard,Big Apple Deli Products,US Foods Buffalo,Driscoll Foods - Metro NY,Driscoll Foods - Upstate NY (Amsterdam),US Foods Albany",,Yes,NY Grown & Certified ,2020- NYS Mott's Certificate.pdf (https://v5.airtableusercontent.com/v3/u/42/42/1749600000000/VOQY2eq9UUq_zUDaRpJ41Q/vbSqp0E8Oti4bg4R-pK7NSizCfhOI0ZyqSkDZ_-a5mxzgS0Os2ygX39GTQDNZ_hzfMHxqZYC1t1xwG_vKt1K5a-E-S0ock_ieYrqH-zd8f61xg0xhQU2Ts4mmTMDzSHhKJpprimYAqVV8qxYxjv3kEaS-PXF7w-5Ymz4DlfKL9E/a7_kWs-6bgfGgMD2V8nJezsC3Leq39DlsqrYXJNLqNA),,,,,,,8/16/2024 12:01pm,,,Mott's,"Big Apple Deli Products, Ginsberg's Foods, Latina Boulevard, Maplevale, Palmer Food Service, Sysco Albany, Sysco Syracuse, US Foods Buffalo",,,,,
"Applesauce, Cinnamon, No Sugar,  3.2oz. Clear Pouch","Produce, Processed",Processed Fruit,3.2 oz.,12 pack x 4,Mott's,10132810,"Sysco Albany,Sysco Syracuse,Palmer Food Service,Maplevale,Latina Boulevard,Big Apple Deli Products,US Foods Buffalo,Driscoll Foods - Metro NY,Driscoll Foods - Upstate NY (Amsterdam),US Foods Albany",,Yes,NY Grown & Certified ,2020- NYS Mott's Certificate.pdf (https://v5.airtableusercontent.com/v3/u/42/42/1749600000000/VOQY2eq9UUq_zUDaRpJ41Q/vbSqp0E8Oti4bg4R-pK7NSizCfhOI0ZyqSkDZ_-a5mxzgS0Os2ygX39GTQDNZ_hzfMHxqZYC1t1xwG_vKt1K5a-E-S0ock_ieYrqH-zd8f61xg0xhQU2Ts4mmTMDzSHhKJpprimYAqVV8qxYxjv3kEaS-PXF7w-5Ymz4DlfKL9E/a7_kWs-6bgfGgMD2V8nJezsC3Leq39DlsqrYXJNLqNA),,,,,,,8/16/2024 12:01pm,,,Mott's,"Big Apple Deli Products, Ginsberg's Foods, Latina Boulevard, Maplevale, Palmer Food Service, Sysco Albany, Sysco Syracuse, US Foods Buffalo",,,,,
"Applesauce,  4oz. Cup","Produce, Processed",Processed Fruit,4 oz.,6 pack x 168,Mott's,10068642,"Sysco Albany,Sysco Syracuse,Palmer Food Service,Maplevale,Latina Boulevard,Big Apple Deli Products,US Foods Buffalo,Driscoll Foods - Metro NY,Driscoll Foods - Upstate NY (Amsterdam),US Foods Albany",,Yes,NY Grown & Certified ,2020- NYS Mott's Certificate.pdf (https://v5.airtableusercontent.com/v3/u/42/42/1749600000000/VOQY2eq9UUq_zUDaRpJ41Q/vbSqp0E8Oti4bg4R-pK7NSizCfhOI0ZyqSkDZ_-a5mxzgS0Os2ygX39GTQDNZ_hzfMHxqZYC1t1xwG_vKt1K5a-E-S0ock_ieYrqH-zd8f61xg0xhQU2Ts4mmTMDzSHhKJpprimYAqVV8qxYxjv3kEaS-PXF7w-5Ymz4DlfKL9E/a7_kWs-6bgfGgMD2V8nJezsC3Leq39DlsqrYXJNLqNA),,,,,,,8/16/2024 12:01pm,,,Mott's,"Big Apple Deli Products, Ginsberg's Foods, Latina Boulevard, Maplevale, Palmer Food Service, Sysco Albany, Sysco Syracuse, US Foods Buffalo",,,,,
"Applesauce,  Unsweetened, 3.9oz. Cup","Produce, Processed",Processed Fruit,3.9 oz.,6 pack x 168,Mott's,10068644,"Sysco Albany,Sysco Syracuse,Palmer Food Service,Maplevale,Latina Boulevard,Big Apple Deli Products,US Foods Buffalo,Driscoll Foods - Metro NY,Driscoll Foods - Upstate NY (Amsterdam),US Foods Albany",,Yes,NY Grown & Certified ,2020- NYS Mott's Certificate.pdf (https://v5.airtableusercontent.com/v3/u/42/42/1749600000000/VOQY2eq9UUq_zUDaRpJ41Q/vbSqp0E8Oti4bg4R-pK7NSizCfhOI0ZyqSkDZ_-a5mxzgS0Os2ygX39GTQDNZ_hzfMHxqZYC1t1xwG_vKt1K5a-E-S0ock_ieYrqH-zd8f61xg0xhQU2Ts4mmTMDzSHhKJpprimYAqVV8qxYxjv3kEaS-PXF7w-5Ymz4DlfKL9E/a7_kWs-6bgfGgMD2V8nJezsC3Leq39DlsqrYXJNLqNA),,,,,,,8/16/2024 12:01pm,,,Mott's,"Big Apple Deli Products, Ginsberg's Foods, Latina Boulevard, Maplevale, Palmer Food Service, Sysco Albany, Sysco Syracuse, US Foods Buffalo",,,,,
"Applesauce,  Strawberry Kiwi, Unsweetened, 3.9oz. Cup","Produce, Processed",Processed Fruit,3.9 oz.,6 pack x 12,Mott's,10084792,"Sysco Albany,Sysco Syracuse,Palmer Food Service,Maplevale,Latina Boulevard,Big Apple Deli Products,US Foods Buffalo,Driscoll Foods - Metro NY,Driscoll Foods - Upstate NY (Amsterdam),US Foods Albany",,Yes,NY Grown & Certified ,2020- NYS Mott's Certificate.pdf (https://v5.airtableusercontent.com/v3/u/42/42/1749600000000/VOQY2eq9UUq_zUDaRpJ41Q/vbSqp0E8Oti4bg4R-pK7NSizCfhOI0ZyqSkDZ_-a5mxzgS0Os2ygX39GTQDNZ_hzfMHxqZYC1t1xwG_vKt1K5a-E-S0ock_ieYrqH-zd8f61xg0xhQU2Ts4mmTMDzSHhKJpprimYAqVV8qxYxjv3kEaS-PXF7w-5Ymz4DlfKL9E/a7_kWs-6bgfGgMD2V8nJezsC3Leq39DlsqrYXJNLqNA),,,,,,,8/16/2024 12:01pm,,,Mott's,"Big Apple Deli Products, Ginsberg's Foods, Latina Boulevard, Maplevale, Palmer Food Service, Sysco Albany, Sysco Syracuse, US Foods Buffalo",,,,,
"Applesauce, Blueberry,  Unsweetened, 3.2oz. Pouch","Produce, Processed",Processed Fruit,3.2 oz.,4 pack x 6,Mott's,10124937,"Sysco Albany,Sysco Syracuse,Palmer Food Service,Maplevale,Latina Boulevard,Big Apple Deli Products,US Foods Buffalo,Driscoll Foods - Metro NY,Driscoll Foods - Upstate NY (Amsterdam),US Foods Albany",,Yes,NY Grown & Certified ,2020- NYS Mott's Certificate.pdf (https://v5.airtableusercontent.com/v3/u/42/42/1749600000000/VOQY2eq9UUq_zUDaRpJ41Q/vbSqp0E8Oti4bg4R-pK7NSizCfhOI0ZyqSkDZ_-a5mxzgS0Os2ygX39GTQDNZ_hzfMHxqZYC1t1xwG_vKt1K5a-E-S0ock_ieYrqH-zd8f61xg0xhQU2Ts4mmTMDzSHhKJpprimYAqVV8qxYxjv3kEaS-PXF7w-5Ymz4DlfKL9E/a7_kWs-6bgfGgMD2V8nJezsC3Leq39DlsqrYXJNLqNA),,,,,,,8/16/2024 12:02pm,,,Mott's,"Big Apple Deli Products, Ginsberg's Foods, Latina Boulevard, Maplevale, Palmer Food Service, Sysco Albany, Sysco Syracuse, US Foods Buffalo",,,,,
"Applesauce, Mango, Unsweetened,  3.9oz. Cup","Produce, Processed",Processed Fruit,3.9 oz.,6 pack x 12,Mott's,10002288,"Sysco Albany,Sysco Syracuse,Palmer Food Service,Maplevale,Latina Boulevard,Big Apple Deli Products,US Foods Buffalo,Driscoll Foods - Metro NY,Driscoll Foods - Upstate NY (Amsterdam),US Foods Albany",,Yes,NY Grown & Certified ,2020- NYS Mott's Certificate.pdf (https://v5.airtableusercontent.com/v3/u/42/42/1749600000000/VOQY2eq9UUq_zUDaRpJ41Q/vbSqp0E8Oti4bg4R-pK7NSizCfhOI0ZyqSkDZ_-a5mxzgS0Os2ygX39GTQDNZ_hzfMHxqZYC1t1xwG_vKt1K5a-E-S0ock_ieYrqH-zd8f61xg0xhQU2Ts4mmTMDzSHhKJpprimYAqVV8qxYxjv3kEaS-PXF7w-5Ymz4DlfKL9E/a7_kWs-6bgfGgMD2V8nJezsC3Leq39DlsqrYXJNLqNA),,,,,,,8/16/2024 12:02pm,,,Mott's,"Big Apple Deli Products, Ginsberg's Foods, Latina Boulevard, Maplevale, Palmer Food Service, Sysco Albany, Sysco Syracuse, US Foods Buffalo",,,,,
"Applesauce,
  Unsweetened, 46oz. Jar","Produce, Processed",Processed Fruit,46 oz.,,Mott's,10029844,"Sysco Albany,Sysco Syracuse,Palmer Food Service,Maplevale,Latina Boulevard,Big Apple Deli Products,US Foods Buffalo,Driscoll Foods - Metro NY,Driscoll Foods - Upstate NY (Amsterdam),US Foods Albany",Sysco SUPC: 3627175,Yes,NY Grown & Certified ,2020- NYS Mott's Certificate.pdf (https://v5.airtableusercontent.com/v3/u/42/42/1749600000000/VOQY2eq9UUq_zUDaRpJ41Q/vbSqp0E8Oti4bg4R-pK7NSizCfhOI0ZyqSkDZ_-a5mxzgS0Os2ygX39GTQDNZ_hzfMHxqZYC1t1xwG_vKt1K5a-E-S0ock_ieYrqH-zd8f61xg0xhQU2Ts4mmTMDzSHhKJpprimYAqVV8qxYxjv3kEaS-PXF7w-5Ymz4DlfKL9E/a7_kWs-6bgfGgMD2V8nJezsC3Leq39DlsqrYXJNLqNA),,,,,,,8/16/2024 11:28am,,,Mott's,"Big Apple Deli Products, Ginsberg's Foods, Latina Boulevard, Maplevale, Palmer Food Service, Sysco Albany, Sysco Syracuse, US Foods Buffalo",,,,,
"Applesauce,  Cherry, Unsweetened, 3.2oz. Pouch","Produce, Processed",Processed Fruit,3.2 oz. ,4 pack x 6,Mott's,10124936,"Sysco Albany,Sysco Syracuse,Palmer Food Service,Maplevale,Latina Boulevard,Big Apple Deli Products,US Foods Buffalo,Driscoll Foods - Metro NY,Driscoll Foods - Upstate NY (Amsterdam),US Foods Albany",,Yes,NY Grown & Certified ,2020- NYS Mott's Certificate.pdf (https://v5.airtableusercontent.com/v3/u/42/42/1749600000000/VOQY2eq9UUq_zUDaRpJ41Q/vbSqp0E8Oti4bg4R-pK7NSizCfhOI0ZyqSkDZ_-a5mxzgS0Os2ygX39GTQDNZ_hzfMHxqZYC1t1xwG_vKt1K5a-E-S0ock_ieYrqH-zd8f61xg0xhQU2Ts4mmTMDzSHhKJpprimYAqVV8qxYxjv3kEaS-PXF7w-5Ymz4DlfKL9E/a7_kWs-6bgfGgMD2V8nJezsC3Leq39DlsqrYXJNLqNA),,,,,,,8/16/2024 12:02pm,,,Mott's,"Big Apple Deli Products, Ginsberg's Foods, Latina Boulevard, Maplevale, Palmer Food Service, Sysco Albany, Sysco Syracuse, US Foods Buffalo",,,,,
"Applesauce, Strawberry,  Unsweetened, 3.9oz. Cup","Produce, Processed",Processed Fruit,3.9 oz.,6 pack x 12,Mott's,10002286,"Sysco Albany,Sysco Syracuse,Palmer Food Service,Maplevale,Latina Boulevard,Big Apple Deli Products,US Foods Buffalo,Driscoll Foods - Metro NY,Driscoll Foods - Upstate NY (Amsterdam),US Foods Albany",,Yes,NY Grown & Certified ,2020- NYS Mott's Certificate.pdf (https://v5.airtableusercontent.com/v3/u/42/42/1749600000000/VOQY2eq9UUq_zUDaRpJ41Q/vbSqp0E8Oti4bg4R-pK7NSizCfhOI0ZyqSkDZ_-a5mxzgS0Os2ygX39GTQDNZ_hzfMHxqZYC1t1xwG_vKt1K5a-E-S0ock_ieYrqH-zd8f61xg0xhQU2Ts4mmTMDzSHhKJpprimYAqVV8qxYxjv3kEaS-PXF7w-5Ymz4DlfKL9E/a7_kWs-6bgfGgMD2V8nJezsC3Leq39DlsqrYXJNLqNA),,,,,,,8/16/2024 12:02pm,,,Mott's,"Big Apple Deli Products, Ginsberg's Foods, Latina Boulevard, Maplevale, Palmer Food Service, Sysco Albany, Sysco Syracuse, US Foods Buffalo",,,,,
"Applesauce, Mango Peach, 4oz.  Cup","Produce, Processed",Processed Fruit,4 oz. ,6 pack x 12,Mott's,10002275,"Sysco Albany,Sysco Syracuse,Palmer Food Service,Maplevale,Latina Boulevard,Big Apple Deli Products,US Foods Buffalo,Driscoll Foods - Metro NY,Driscoll Foods - Upstate NY (Amsterdam),US Foods Albany",,Yes,NY Grown & Certified ,2020- NYS Mott's Certificate.pdf (https://v5.airtableusercontent.com/v3/u/42/42/1749600000000/VOQY2eq9UUq_zUDaRpJ41Q/vbSqp0E8Oti4bg4R-pK7NSizCfhOI0ZyqSkDZ_-a5mxzgS0Os2ygX39GTQDNZ_hzfMHxqZYC1t1xwG_vKt1K5a-E-S0ock_ieYrqH-zd8f61xg0xhQU2Ts4mmTMDzSHhKJpprimYAqVV8qxYxjv3kEaS-PXF7w-5Ymz4DlfKL9E/a7_kWs-6bgfGgMD2V8nJezsC3Leq39DlsqrYXJNLqNA),,,,,,,8/16/2024 12:02pm,,,Mott's,"Big Apple Deli Products, Ginsberg's Foods, Latina Boulevard, Maplevale, Palmer Food Service, Sysco Albany, Sysco Syracuse, US Foods Buffalo",,,,,
"Applesauce,  Granny Smith, Unsweetened, 3.9oz. Cup","Produce, Processed",Processed Fruit,3.9 oz.,6 pack x 12,Mott's,10002289,"Sysco Albany,Sysco Syracuse,Palmer Food Service,Maplevale,Latina Boulevard,Big Apple Deli Products,US Foods Buffalo,Driscoll Foods - Metro NY,Driscoll Foods - Upstate NY (Amsterdam),US Foods Albany",,Yes,NY Grown & Certified ,2020- NYS Mott's Certificate.pdf (https://v5.airtableusercontent.com/v3/u/42/42/1749600000000/VOQY2eq9UUq_zUDaRpJ41Q/vbSqp0E8Oti4bg4R-pK7NSizCfhOI0ZyqSkDZ_-a5mxzgS0Os2ygX39GTQDNZ_hzfMHxqZYC1t1xwG_vKt1K5a-E-S0ock_ieYrqH-zd8f61xg0xhQU2Ts4mmTMDzSHhKJpprimYAqVV8qxYxjv3kEaS-PXF7w-5Ymz4DlfKL9E/a7_kWs-6bgfGgMD2V8nJezsC3Leq39DlsqrYXJNLqNA),,,,,,,8/16/2024 12:02pm,,,Mott's,"Big Apple Deli Products, Ginsberg's Foods, Latina Boulevard, Maplevale, Palmer Food Service, Sysco Albany, Sysco Syracuse, US Foods Buffalo",,,,,
"Applesauce, Cinnamon, 4oz. Cup","Produce, Processed",Processed Fruit,4 oz.,6 pack x 12,Mott's,10002266,"Sysco Albany,Sysco Syracuse,Palmer Food Service,Maplevale,Latina Boulevard,Big Apple Deli Products,US Foods Buffalo,Driscoll Foods - Metro NY,Driscoll Foods - Upstate NY (Amsterdam),US Foods Albany",,Yes,NY Grown & Certified ,2020- NYS Mott's Certificate.pdf (https://v5.airtableusercontent.com/v3/u/42/42/1749600000000/VOQY2eq9UUq_zUDaRpJ41Q/vbSqp0E8Oti4bg4R-pK7NSizCfhOI0ZyqSkDZ_-a5mxzgS0Os2ygX39GTQDNZ_hzfMHxqZYC1t1xwG_vKt1K5a-E-S0ock_ieYrqH-zd8f61xg0xhQU2Ts4mmTMDzSHhKJpprimYAqVV8qxYxjv3kEaS-PXF7w-5Ymz4DlfKL9E/a7_kWs-6bgfGgMD2V8nJezsC3Leq39DlsqrYXJNLqNA),,,,,,,8/16/2024 12:02pm,,,Mott's,"Big Apple Deli Products, Ginsberg's Foods, Latina Boulevard, Maplevale, Palmer Food Service, Sysco Albany, Sysco Syracuse, US Foods Buffalo",,,,,
"Applesauce, Pear, 4oz. Cup","Produce, Processed",Processed Fruit,4 oz.,6 pack x 12,Mott's,10002276,"Sysco Albany,Sysco Syracuse,Palmer Food Service,Maplevale,Latina Boulevard,Big Apple Deli Products,US Foods Buffalo,Driscoll Foods - Metro NY,Driscoll Foods - Upstate NY (Amsterdam),US Foods Albany",,Yes,NY Grown & Certified ,2020- NYS Mott's Certificate.pdf (https://v5.airtableusercontent.com/v3/u/42/42/1749600000000/VOQY2eq9UUq_zUDaRpJ41Q/vbSqp0E8Oti4bg4R-pK7NSizCfhOI0ZyqSkDZ_-a5mxzgS0Os2ygX39GTQDNZ_hzfMHxqZYC1t1xwG_vKt1K5a-E-S0ock_ieYrqH-zd8f61xg0xhQU2Ts4mmTMDzSHhKJpprimYAqVV8qxYxjv3kEaS-PXF7w-5Ymz4DlfKL9E/a7_kWs-6bgfGgMD2V8nJezsC3Leq39DlsqrYXJNLqNA),,,,,,,8/16/2024 12:02pm,,,Mott's,"Big Apple Deli Products, Ginsberg's Foods, Latina Boulevard, Maplevale, Palmer Food Service, Sysco Albany, Sysco Syracuse, US Foods Buffalo",,,,,
"Applesauce,  No Sugar, Granny Smith, 3.2oz. Pouch","Produce, Processed",Processed Fruit,3.2 oz.,4 pack x 6,Mott's,10124941,"Sysco Albany,Sysco Syracuse,Palmer Food Service,Maplevale,Latina Boulevard,Big Apple Deli Products,US Foods Buffalo,Driscoll Foods - Metro NY,Driscoll Foods - Upstate NY (Amsterdam),US Foods Albany",,Yes,NY Grown & Certified ,2020- NYS Mott's Certificate.pdf (https://v5.airtableusercontent.com/v3/u/42/42/1749600000000/VOQY2eq9UUq_zUDaRpJ41Q/vbSqp0E8Oti4bg4R-pK7NSizCfhOI0ZyqSkDZ_-a5mxzgS0Os2ygX39GTQDNZ_hzfMHxqZYC1t1xwG_vKt1K5a-E-S0ock_ieYrqH-zd8f61xg0xhQU2Ts4mmTMDzSHhKJpprimYAqVV8qxYxjv3kEaS-PXF7w-5Ymz4DlfKL9E/a7_kWs-6bgfGgMD2V8nJezsC3Leq39DlsqrYXJNLqNA),,,,,,,8/16/2024 12:02pm,,,Mott's,"Big Apple Deli Products, Ginsberg's Foods, Latina Boulevard, Maplevale, Palmer Food Service, Sysco Albany, Sysco Syracuse, US Foods Buffalo",,,,,
"Applesauce, Cinnamon, 24oz. Jar","Produce, Processed",Processed Fruit,24 oz.,,Mott's,10029840,"Sysco Albany,Sysco Syracuse,Palmer Food Service,Maplevale,Latina Boulevard,Big Apple Deli Products,US Foods Buffalo,Driscoll Foods - Metro NY,Driscoll Foods - Upstate NY (Amsterdam),US Foods Albany",,Yes,NY Grown & Certified ,2020- NYS Mott's Certificate.pdf (https://v5.airtableusercontent.com/v3/u/42/42/1749600000000/VOQY2eq9UUq_zUDaRpJ41Q/vbSqp0E8Oti4bg4R-pK7NSizCfhOI0ZyqSkDZ_-a5mxzgS0Os2ygX39GTQDNZ_hzfMHxqZYC1t1xwG_vKt1K5a-E-S0ock_ieYrqH-zd8f61xg0xhQU2Ts4mmTMDzSHhKJpprimYAqVV8qxYxjv3kEaS-PXF7w-5Ymz4DlfKL9E/a7_kWs-6bgfGgMD2V8nJezsC3Leq39DlsqrYXJNLqNA),,,,,,,8/16/2024 11:30am,,,Mott's,"Big Apple Deli Products, Ginsberg's Foods, Latina Boulevard, Maplevale, Palmer Food Service, Sysco Albany, Sysco Syracuse, US Foods Buffalo",,,,,
"Applesauce, Mixed Berry, No  Sugar, 3.2oz. Pouch","Produce, Processed",Processed Fruit,3.2 oz.,4 pack x 6,Mott's,10124934,"Sysco Albany,Sysco Syracuse,Palmer Food Service,Maplevale,Latina Boulevard,Big Apple Deli Products,US Foods Buffalo,Driscoll Foods - Metro NY,Driscoll Foods - Upstate NY (Amsterdam),US Foods Albany",,Yes,NY Grown & Certified ,2020- NYS Mott's Certificate.pdf (https://v5.airtableusercontent.com/v3/u/42/42/1749600000000/VOQY2eq9UUq_zUDaRpJ41Q/vbSqp0E8Oti4bg4R-pK7NSizCfhOI0ZyqSkDZ_-a5mxzgS0Os2ygX39GTQDNZ_hzfMHxqZYC1t1xwG_vKt1K5a-E-S0ock_ieYrqH-zd8f61xg0xhQU2Ts4mmTMDzSHhKJpprimYAqVV8qxYxjv3kEaS-PXF7w-5Ymz4DlfKL9E/a7_kWs-6bgfGgMD2V8nJezsC3Leq39DlsqrYXJNLqNA),,,,,,,8/16/2024 12:02pm,,,Mott's,"Big Apple Deli Products, Ginsberg's Foods, Latina Boulevard, Maplevale, Palmer Food Service, Sysco Albany, Sysco Syracuse, US Foods Buffalo",,,,,
"Applesauce,  Strawberry, 4oz. Cup","Produce, Processed",Processed Fruit,4 oz.,6 pack x 12,Mott's,10002273,"Sysco Albany,Sysco Syracuse,Palmer Food Service,Maplevale,Latina Boulevard,Big Apple Deli Products,US Foods Buffalo,Driscoll Foods - Metro NY,Driscoll Foods - Upstate NY (Amsterdam),US Foods Albany",,Yes,NY Grown & Certified ,2020- NYS Mott's Certificate.pdf (https://v5.airtableusercontent.com/v3/u/42/42/1749600000000/VOQY2eq9UUq_zUDaRpJ41Q/vbSqp0E8Oti4bg4R-pK7NSizCfhOI0ZyqSkDZ_-a5mxzgS0Os2ygX39GTQDNZ_hzfMHxqZYC1t1xwG_vKt1K5a-E-S0ock_ieYrqH-zd8f61xg0xhQU2Ts4mmTMDzSHhKJpprimYAqVV8qxYxjv3kEaS-PXF7w-5Ymz4DlfKL9E/a7_kWs-6bgfGgMD2V8nJezsC3Leq39DlsqrYXJNLqNA),,,,,,,8/16/2024 12:02pm,,,Mott's,"Big Apple Deli Products, Ginsberg's Foods, Latina Boulevard, Maplevale, Palmer Food Service, Sysco Albany, Sysco Syracuse, US Foods Buffalo",,,,,
"Applesauce,  4oz. Cup","Produce, Processed",Processed Fruit,4 oz.,6 pack x 12,Mott's,10002269,"Sysco Albany,Sysco Syracuse,Palmer Food Service,Maplevale,Latina Boulevard,Big Apple Deli Products,US Foods Buffalo,Driscoll Foods - Metro NY,Driscoll Foods - Upstate NY (Amsterdam),US Foods Albany",,Yes,NY Grown & Certified ,2020- NYS Mott's Certificate.pdf (https://v5.airtableusercontent.com/v3/u/42/42/1749600000000/VOQY2eq9UUq_zUDaRpJ41Q/vbSqp0E8Oti4bg4R-pK7NSizCfhOI0ZyqSkDZ_-a5mxzgS0Os2ygX39GTQDNZ_hzfMHxqZYC1t1xwG_vKt1K5a-E-S0ock_ieYrqH-zd8f61xg0xhQU2Ts4mmTMDzSHhKJpprimYAqVV8qxYxjv3kEaS-PXF7w-5Ymz4DlfKL9E/a7_kWs-6bgfGgMD2V8nJezsC3Leq39DlsqrYXJNLqNA),,,,,,,8/16/2024 12:02pm,,,Mott's,"Big Apple Deli Products, Ginsberg's Foods, Latina Boulevard, Maplevale, Palmer Food Service, Sysco Albany, Sysco Syracuse, US Foods Buffalo",,,,,
"Applesauce, 48oz. Jar","Produce, Processed",Processed Fruit,48 oz.,,Mott's,10029842,"Sysco Albany,Sysco Syracuse,Palmer Food Service,Maplevale,Latina Boulevard,Big Apple Deli Products,US Foods Buffalo,Driscoll Foods - Metro NY,Driscoll Foods - Upstate NY (Amsterdam),US Foods Albany",Sysco SUPC: 2305294,Yes,NY Grown & Certified ,2020- NYS Mott's Certificate.pdf (https://v5.airtableusercontent.com/v3/u/42/42/1749600000000/VOQY2eq9UUq_zUDaRpJ41Q/vbSqp0E8Oti4bg4R-pK7NSizCfhOI0ZyqSkDZ_-a5mxzgS0Os2ygX39GTQDNZ_hzfMHxqZYC1t1xwG_vKt1K5a-E-S0ock_ieYrqH-zd8f61xg0xhQU2Ts4mmTMDzSHhKJpprimYAqVV8qxYxjv3kEaS-PXF7w-5Ymz4DlfKL9E/a7_kWs-6bgfGgMD2V8nJezsC3Leq39DlsqrYXJNLqNA),,,,,,,8/16/2024 11:31am,,,Mott's,"Big Apple Deli Products, Ginsberg's Foods, Latina Boulevard, Maplevale, Palmer Food Service, Sysco Albany, Sysco Syracuse, US Foods Buffalo",,,,,
"Applesauce,  Cinnamon, 4oz. Cup","Produce, Processed",Processed Fruit,4 oz.,6 pack x 168,Mott's,10068643,"Sysco Albany,Sysco Syracuse,Palmer Food Service,Maplevale,Latina Boulevard,Big Apple Deli Products,US Foods Buffalo,Driscoll Foods - Metro NY,Driscoll Foods - Upstate NY (Amsterdam),US Foods Albany",,Yes,NY Grown & Certified ,2020- NYS Mott's Certificate.pdf (https://v5.airtableusercontent.com/v3/u/42/42/1749600000000/VOQY2eq9UUq_zUDaRpJ41Q/vbSqp0E8Oti4bg4R-pK7NSizCfhOI0ZyqSkDZ_-a5mxzgS0Os2ygX39GTQDNZ_hzfMHxqZYC1t1xwG_vKt1K5a-E-S0ock_ieYrqH-zd8f61xg0xhQU2Ts4mmTMDzSHhKJpprimYAqVV8qxYxjv3kEaS-PXF7w-5Ymz4DlfKL9E/a7_kWs-6bgfGgMD2V8nJezsC3Leq39DlsqrYXJNLqNA),,,,,,,8/16/2024 12:02pm,,,Mott's,"Big Apple Deli Products, Ginsberg's Foods, Latina Boulevard, Maplevale, Palmer Food Service, Sysco Albany, Sysco Syracuse, US Foods Buffalo",,,,,
"Applesauce,  Tropical, 4oz. Cup","Produce, Processed",Processed Fruit,4 oz.,6 pack x 12,Mott's,10084793,"Sysco Albany,Sysco Syracuse,Palmer Food Service,Maplevale,Latina Boulevard,Big Apple Deli Products,US Foods Buffalo,Driscoll Foods - Metro NY,Driscoll Foods - Upstate NY (Amsterdam),US Foods Albany",,Yes,NY Grown & Certified ,2020- NYS Mott's Certificate.pdf (https://v5.airtableusercontent.com/v3/u/42/42/1749600000000/VOQY2eq9UUq_zUDaRpJ41Q/vbSqp0E8Oti4bg4R-pK7NSizCfhOI0ZyqSkDZ_-a5mxzgS0Os2ygX39GTQDNZ_hzfMHxqZYC1t1xwG_vKt1K5a-E-S0ock_ieYrqH-zd8f61xg0xhQU2Ts4mmTMDzSHhKJpprimYAqVV8qxYxjv3kEaS-PXF7w-5Ymz4DlfKL9E/a7_kWs-6bgfGgMD2V8nJezsC3Leq39DlsqrYXJNLqNA),,,,,,,8/16/2024 12:02pm,,,Mott's,"Big Apple Deli Products, Ginsberg's Foods, Latina Boulevard, Maplevale, Palmer Food Service, Sysco Albany, Sysco Syracuse, US Foods Buffalo",,,,,
"Applesauce, Cherry, Unsweetened,  3.2oz. Pouch","Produce, Processed",Processed Fruit,3.2 oz.,12 pack x 4,Mott's,10125273,"Sysco Albany,Sysco Syracuse,Palmer Food Service,Maplevale,Latina Boulevard,Big Apple Deli Products,US Foods Buffalo,Driscoll Foods - Metro NY,Driscoll Foods - Upstate NY (Amsterdam),US Foods Albany",,Yes,NY Grown & Certified ,2020- NYS Mott's Certificate.pdf (https://v5.airtableusercontent.com/v3/u/42/42/1749600000000/VOQY2eq9UUq_zUDaRpJ41Q/vbSqp0E8Oti4bg4R-pK7NSizCfhOI0ZyqSkDZ_-a5mxzgS0Os2ygX39GTQDNZ_hzfMHxqZYC1t1xwG_vKt1K5a-E-S0ock_ieYrqH-zd8f61xg0xhQU2Ts4mmTMDzSHhKJpprimYAqVV8qxYxjv3kEaS-PXF7w-5Ymz4DlfKL9E/a7_kWs-6bgfGgMD2V8nJezsC3Leq39DlsqrYXJNLqNA),,,,,,,8/16/2024 12:03pm,,,Mott's,"Big Apple Deli Products, Ginsberg's Foods, Latina Boulevard, Maplevale, Palmer Food Service, Sysco Albany, Sysco Syracuse, US Foods Buffalo",,,,,
"Applesauce,  3.2oz. Pouch","Produce, Processed",Processed Fruit,3.2 oz.,4 pack x 6,Mott's,10124933,"Sysco Albany,Sysco Syracuse,Palmer Food Service,Maplevale,Latina Boulevard,Big Apple Deli Products,US Foods Buffalo,Driscoll Foods - Metro NY,Driscoll Foods - Upstate NY (Amsterdam),US Foods Albany",,Yes,NY Grown & Certified ,2020- NYS Mott's Certificate.pdf (https://v5.airtableusercontent.com/v3/u/42/42/1749600000000/VOQY2eq9UUq_zUDaRpJ41Q/vbSqp0E8Oti4bg4R-pK7NSizCfhOI0ZyqSkDZ_-a5mxzgS0Os2ygX39GTQDNZ_hzfMHxqZYC1t1xwG_vKt1K5a-E-S0ock_ieYrqH-zd8f61xg0xhQU2Ts4mmTMDzSHhKJpprimYAqVV8qxYxjv3kEaS-PXF7w-5Ymz4DlfKL9E/a7_kWs-6bgfGgMD2V8nJezsC3Leq39DlsqrYXJNLqNA),,,,,,,8/16/2024 12:03pm,,,Mott's,"Big Apple Deli Products, Ginsberg's Foods, Latina Boulevard, Maplevale, Palmer Food Service, Sysco Albany, Sysco Syracuse, US Foods Buffalo",,,,,
"Applesauce,  Strawberry, 3.2oz. Clear Pouch","Produce, Processed",Processed Fruit,3.2 oz.,12 pack x 4,Mott's,10132811,"Sysco Albany,Sysco Syracuse,Palmer Food Service,Maplevale,Latina Boulevard,Big Apple Deli Products,US Foods Buffalo,Driscoll Foods - Metro NY,Driscoll Foods - Upstate NY (Amsterdam),US Foods Albany",,Yes,NY Grown & Certified ,2020- NYS Mott's Certificate.pdf (https://v5.airtableusercontent.com/v3/u/42/42/1749600000000/VOQY2eq9UUq_zUDaRpJ41Q/vbSqp0E8Oti4bg4R-pK7NSizCfhOI0ZyqSkDZ_-a5mxzgS0Os2ygX39GTQDNZ_hzfMHxqZYC1t1xwG_vKt1K5a-E-S0ock_ieYrqH-zd8f61xg0xhQU2Ts4mmTMDzSHhKJpprimYAqVV8qxYxjv3kEaS-PXF7w-5Ymz4DlfKL9E/a7_kWs-6bgfGgMD2V8nJezsC3Leq39DlsqrYXJNLqNA),,,,,,,8/16/2024 12:03pm,,,Mott's,"Big Apple Deli Products, Ginsberg's Foods, Latina Boulevard, Maplevale, Palmer Food Service, Sysco Albany, Sysco Syracuse, US Foods Buffalo",,,,,
"Applesauce,  Mixed Berry, Unsweetened, 3.9oz. Cup","Produce, Processed",Processed Fruit,3.9 oz.,6 pack x 12,Mott's,10002287,"Sysco Albany,Sysco Syracuse,Palmer Food Service,Maplevale,Latina Boulevard,Big Apple Deli Products,US Foods Buffalo,Driscoll Foods - Metro NY,Driscoll Foods - Upstate NY (Amsterdam),US Foods Albany",,Yes,NY Grown & Certified ,2020- NYS Mott's Certificate.pdf (https://v5.airtableusercontent.com/v3/u/42/42/1749600000000/VOQY2eq9UUq_zUDaRpJ41Q/vbSqp0E8Oti4bg4R-pK7NSizCfhOI0ZyqSkDZ_-a5mxzgS0Os2ygX39GTQDNZ_hzfMHxqZYC1t1xwG_vKt1K5a-E-S0ock_ieYrqH-zd8f61xg0xhQU2Ts4mmTMDzSHhKJpprimYAqVV8qxYxjv3kEaS-PXF7w-5Ymz4DlfKL9E/a7_kWs-6bgfGgMD2V8nJezsC3Leq39DlsqrYXJNLqNA),,,,,,,8/16/2024 12:03pm,,,Mott's,"Big Apple Deli Products, Ginsberg's Foods, Latina Boulevard, Maplevale, Palmer Food Service, Sysco Albany, Sysco Syracuse, US Foods Buffalo",,,,,
"Applesauce,  Mixed Berry, 4oz. Cup","Produce, Processed",Processed Fruit,4 oz.,6 pack x 12,Mott's,10002274,"Sysco Albany,Sysco Syracuse,Palmer Food Service,Maplevale,Latina Boulevard,Big Apple Deli Products,US Foods Buffalo,Driscoll Foods - Metro NY,Driscoll Foods - Upstate NY (Amsterdam),US Foods Albany",,Yes,NY Grown & Certified ,2020- NYS Mott's Certificate.pdf (https://v5.airtableusercontent.com/v3/u/42/42/1749600000000/VOQY2eq9UUq_zUDaRpJ41Q/vbSqp0E8Oti4bg4R-pK7NSizCfhOI0ZyqSkDZ_-a5mxzgS0Os2ygX39GTQDNZ_hzfMHxqZYC1t1xwG_vKt1K5a-E-S0ock_ieYrqH-zd8f61xg0xhQU2Ts4mmTMDzSHhKJpprimYAqVV8qxYxjv3kEaS-PXF7w-5Ymz4DlfKL9E/a7_kWs-6bgfGgMD2V8nJezsC3Leq39DlsqrYXJNLqNA),,,,,,,8/16/2024 12:03pm,,,Mott's,"Big Apple Deli Products, Ginsberg's Foods, Latina Boulevard, Maplevale, Palmer Food Service, Sysco Albany, Sysco Syracuse, US Foods Buffalo",,,,,
"Applesauce, Cherry, Unsweetened,  3.9oz. Cup","Produce, Processed",Processed Fruit,3.9 oz.,6 pack x 12,Mott's,10108370,"Sysco Albany,Sysco Syracuse,Palmer Food Service,Maplevale,Latina Boulevard,Big Apple Deli Products,US Foods Buffalo,Driscoll Foods - Metro NY,Driscoll Foods - Upstate NY (Amsterdam),US Foods Albany",,Yes,NY Grown & Certified ,2020- NYS Mott's Certificate.pdf (https://v5.airtableusercontent.com/v3/u/42/42/1749600000000/VOQY2eq9UUq_zUDaRpJ41Q/vbSqp0E8Oti4bg4R-pK7NSizCfhOI0ZyqSkDZ_-a5mxzgS0Os2ygX39GTQDNZ_hzfMHxqZYC1t1xwG_vKt1K5a-E-S0ock_ieYrqH-zd8f61xg0xhQU2Ts4mmTMDzSHhKJpprimYAqVV8qxYxjv3kEaS-PXF7w-5Ymz4DlfKL9E/a7_kWs-6bgfGgMD2V8nJezsC3Leq39DlsqrYXJNLqNA),,,,,,,8/16/2024 12:03pm,,,Mott's,"Big Apple Deli Products, Ginsberg's Foods, Latina Boulevard, Maplevale, Palmer Food Service, Sysco Albany, Sysco Syracuse, US Foods Buffalo",,,,,
"Applesauce, 4oz. Cup","Produce, Processed",Processed Fruit,4 oz.,72 pack,Mott's,10002291,"Sysco Albany,Sysco Syracuse,Palmer Food Service,Maplevale,Latina Boulevard,Big Apple Deli Products,US Foods Buffalo,Driscoll Foods - Metro NY,Driscoll Foods - Upstate NY (Amsterdam),US Foods Albany",Sysco SUPC: 5523956,Yes,NY Grown & Certified ,2020- NYS Mott's Certificate.pdf (https://v5.airtableusercontent.com/v3/u/42/42/1749600000000/VOQY2eq9UUq_zUDaRpJ41Q/vbSqp0E8Oti4bg4R-pK7NSizCfhOI0ZyqSkDZ_-a5mxzgS0Os2ygX39GTQDNZ_hzfMHxqZYC1t1xwG_vKt1K5a-E-S0ock_ieYrqH-zd8f61xg0xhQU2Ts4mmTMDzSHhKJpprimYAqVV8qxYxjv3kEaS-PXF7w-5Ymz4DlfKL9E/a7_kWs-6bgfGgMD2V8nJezsC3Leq39DlsqrYXJNLqNA),,,,,,,8/16/2024 12:03pm,,,Mott's,"Big Apple Deli Products, Ginsberg's Foods, Latina Boulevard, Maplevale, Palmer Food Service, Sysco Albany, Sysco Syracuse, US Foods Buffalo",,,,,
"Applesauce,  Cinnamon, No Sugar, 3.9oz. Cup","Produce, Processed",Processed Fruit,3.9 oz.,6 pack x 12,Mott's,10127473,"Sysco Albany,Sysco Syracuse,Palmer Food Service,Maplevale,Latina Boulevard,Big Apple Deli Products,US Foods Buffalo,Driscoll Foods - Metro NY,Driscoll Foods - Upstate NY (Amsterdam),US Foods Albany",,Yes,NY Grown & Certified ,2020- NYS Mott's Certificate.pdf (https://v5.airtableusercontent.com/v3/u/42/42/1749600000000/VOQY2eq9UUq_zUDaRpJ41Q/vbSqp0E8Oti4bg4R-pK7NSizCfhOI0ZyqSkDZ_-a5mxzgS0Os2ygX39GTQDNZ_hzfMHxqZYC1t1xwG_vKt1K5a-E-S0ock_ieYrqH-zd8f61xg0xhQU2Ts4mmTMDzSHhKJpprimYAqVV8qxYxjv3kEaS-PXF7w-5Ymz4DlfKL9E/a7_kWs-6bgfGgMD2V8nJezsC3Leq39DlsqrYXJNLqNA),,,,,,,8/16/2024 12:03pm,,,Mott's,"Big Apple Deli Products, Ginsberg's Foods, Latina Boulevard, Maplevale, Palmer Food Service, Sysco Albany, Sysco Syracuse, US Foods Buffalo",,,,,
"Applesauce, Strawberry Kiwi,  Unsweetened, 3.2oz. Pouch","Produce, Processed",Processed Fruit,3.2 oz.,4 pack x 6,Mott's,10124939,"Sysco Albany,Sysco Syracuse,Palmer Food Service,Maplevale,Latina Boulevard,Big Apple Deli Products,US Foods Buffalo,Driscoll Foods - Metro NY,Driscoll Foods - Upstate NY (Amsterdam),US Foods Albany",,Yes,NY Grown & Certified ,2020- NYS Mott's Certificate.pdf (https://v5.airtableusercontent.com/v3/u/42/42/1749600000000/VOQY2eq9UUq_zUDaRpJ41Q/vbSqp0E8Oti4bg4R-pK7NSizCfhOI0ZyqSkDZ_-a5mxzgS0Os2ygX39GTQDNZ_hzfMHxqZYC1t1xwG_vKt1K5a-E-S0ock_ieYrqH-zd8f61xg0xhQU2Ts4mmTMDzSHhKJpprimYAqVV8qxYxjv3kEaS-PXF7w-5Ymz4DlfKL9E/a7_kWs-6bgfGgMD2V8nJezsC3Leq39DlsqrYXJNLqNA),,,,,,,8/16/2024 12:03pm,,,Mott's,"Big Apple Deli Products, Ginsberg's Foods, Latina Boulevard, Maplevale, Palmer Food Service, Sysco Albany, Sysco Syracuse, US Foods Buffalo",,,,,
"Applesauce, Unsweetened, 3.9oz.  Cup,","Produce, Processed",Processed Fruit,3.9 oz.,6 pack x 12,Mott's,10002263,"Sysco Albany,Sysco Syracuse,Palmer Food Service,Maplevale,Latina Boulevard,Big Apple Deli Products,US Foods Buffalo,Driscoll Foods - Metro NY,Driscoll Foods - Upstate NY (Amsterdam),US Foods Albany",Sysco SUPC: 5561626,Yes,NY Grown & Certified ,2020- NYS Mott's Certificate.pdf (https://v5.airtableusercontent.com/v3/u/42/42/1749600000000/VOQY2eq9UUq_zUDaRpJ41Q/vbSqp0E8Oti4bg4R-pK7NSizCfhOI0ZyqSkDZ_-a5mxzgS0Os2ygX39GTQDNZ_hzfMHxqZYC1t1xwG_vKt1K5a-E-S0ock_ieYrqH-zd8f61xg0xhQU2Ts4mmTMDzSHhKJpprimYAqVV8qxYxjv3kEaS-PXF7w-5Ymz4DlfKL9E/a7_kWs-6bgfGgMD2V8nJezsC3Leq39DlsqrYXJNLqNA),,,,,,,8/16/2024 12:03pm,,,Mott's,"Big Apple Deli Products, Ginsberg's Foods, Latina Boulevard, Maplevale, Palmer Food Service, Sysco Albany, Sysco Syracuse, US Foods Buffalo",,,,,
"Applesauce, Strawberry, 4oz.
  Cup, 72PK","Produce, Processed",Processed Fruit,4 oz.,72 pack,Mott's,10002293,"Sysco Albany,Sysco Syracuse,Palmer Food Service,Maplevale,Latina Boulevard,Big Apple Deli Products,US Foods Buffalo,Driscoll Foods - Metro NY,Driscoll Foods - Upstate NY (Amsterdam),US Foods Albany",USF: 5219902,Yes,NY Grown & Certified ,2020- NYS Mott's Certificate.pdf (https://v5.airtableusercontent.com/v3/u/42/42/1749600000000/VOQY2eq9UUq_zUDaRpJ41Q/vbSqp0E8Oti4bg4R-pK7NSizCfhOI0ZyqSkDZ_-a5mxzgS0Os2ygX39GTQDNZ_hzfMHxqZYC1t1xwG_vKt1K5a-E-S0ock_ieYrqH-zd8f61xg0xhQU2Ts4mmTMDzSHhKJpprimYAqVV8qxYxjv3kEaS-PXF7w-5Ymz4DlfKL9E/a7_kWs-6bgfGgMD2V8nJezsC3Leq39DlsqrYXJNLqNA),,,,,,,8/16/2024 11:37am,,,Mott's,"Big Apple Deli Products, Ginsberg's Foods, Latina Boulevard, Maplevale, Palmer Food Service, Sysco Albany, Sysco Syracuse, US Foods Buffalo",,,,,
"Applesauce,
  Unsweetened, 4.5oz. Cup, 72PK","Produce, Processed",Processed Fruit,4.5 oz.,72 pack,Mott's,10065615,"Sysco Albany,Sysco Syracuse,Palmer Food Service,Maplevale,Latina Boulevard,Big Apple Deli Products,US Foods Buffalo,Driscoll Foods - Metro NY,Driscoll Foods - Upstate NY (Amsterdam),US Foods Albany",Sysco SUPC: 4161475 | USF: 8551651,Yes,NY Grown & Certified ,2020- NYS Mott's Certificate.pdf (https://v5.airtableusercontent.com/v3/u/42/42/1749600000000/VOQY2eq9UUq_zUDaRpJ41Q/vbSqp0E8Oti4bg4R-pK7NSizCfhOI0ZyqSkDZ_-a5mxzgS0Os2ygX39GTQDNZ_hzfMHxqZYC1t1xwG_vKt1K5a-E-S0ock_ieYrqH-zd8f61xg0xhQU2Ts4mmTMDzSHhKJpprimYAqVV8qxYxjv3kEaS-PXF7w-5Ymz4DlfKL9E/a7_kWs-6bgfGgMD2V8nJezsC3Leq39DlsqrYXJNLqNA),,,,,,,8/16/2024 11:54am,,,Mott's,"Big Apple Deli Products, Ginsberg's Foods, Latina Boulevard, Maplevale, Palmer Food Service, Sysco Albany, Sysco Syracuse, US Foods Buffalo",,,,,
"Applesauce, No Sugar, Granny
  Smith, 3.2oz. Pouch, 12PKX4","Produce, Processed",Processed Fruit,3.2 oz.,12 pack x 4,Mott's,10125272,"Sysco Albany,Sysco Syracuse,Palmer Food Service,Maplevale,Latina Boulevard,Big Apple Deli Products,US Foods Buffalo,Driscoll Foods - Metro NY,Driscoll Foods - Upstate NY (Amsterdam),US Foods Albany",,Yes,NY Grown & Certified ,2020- NYS Mott's Certificate.pdf (https://v5.airtableusercontent.com/v3/u/42/42/1749600000000/VOQY2eq9UUq_zUDaRpJ41Q/vbSqp0E8Oti4bg4R-pK7NSizCfhOI0ZyqSkDZ_-a5mxzgS0Os2ygX39GTQDNZ_hzfMHxqZYC1t1xwG_vKt1K5a-E-S0ock_ieYrqH-zd8f61xg0xhQU2Ts4mmTMDzSHhKJpprimYAqVV8qxYxjv3kEaS-PXF7w-5Ymz4DlfKL9E/a7_kWs-6bgfGgMD2V8nJezsC3Leq39DlsqrYXJNLqNA),,,,,,,8/16/2024 12:00pm,,,Mott's,"Big Apple Deli Products, Ginsberg's Foods, Latina Boulevard, Maplevale, Palmer Food Service, Sysco Albany, Sysco Syracuse, US Foods Buffalo",,,,,
"Applesauce, No Sugar, Granny
  Smith, 3.2oz. Pouch, 4PKX6","Produce, Processed",Processed Fruit,3.2 oz.,12 pack x 4,Mott's,10124942 ,"Sysco Albany,Sysco Syracuse,Palmer Food Service,Maplevale,Latina Boulevard,Big Apple Deli Products,US Foods Buffalo,Driscoll Foods - Metro NY,Driscoll Foods - Upstate NY (Amsterdam),US Foods Albany",,Yes,NY Grown & Certified ,2020- NYS Mott's Certificate.pdf (https://v5.airtableusercontent.com/v3/u/42/42/1749600000000/VOQY2eq9UUq_zUDaRpJ41Q/vbSqp0E8Oti4bg4R-pK7NSizCfhOI0ZyqSkDZ_-a5mxzgS0Os2ygX39GTQDNZ_hzfMHxqZYC1t1xwG_vKt1K5a-E-S0ock_ieYrqH-zd8f61xg0xhQU2Ts4mmTMDzSHhKJpprimYAqVV8qxYxjv3kEaS-PXF7w-5Ymz4DlfKL9E/a7_kWs-6bgfGgMD2V8nJezsC3Leq39DlsqrYXJNLqNA),,,,,,,8/16/2024 12:00pm,,,Mott's,"Big Apple Deli Products, Ginsberg's Foods, Latina Boulevard, Maplevale, Palmer Food Service, Sysco Albany, Sysco Syracuse, US Foods Buffalo",,,,,
"Applesauce,
  Strawberry, No Sugar, 3.2oz. Pouch, 12PKX4","Produce, Processed",Processed Fruit,3.2 oz.,12 pack x 4,Mott's,10125271,"Sysco Albany,Sysco Syracuse,Palmer Food Service,Maplevale,Latina Boulevard,Big Apple Deli Products,US Foods Buffalo,Driscoll Foods - Metro NY,Driscoll Foods - Upstate NY (Amsterdam),US Foods Albany",,Yes,NY Grown & Certified ,2020- NYS Mott's Certificate.pdf (https://v5.airtableusercontent.com/v3/u/42/42/1749600000000/VOQY2eq9UUq_zUDaRpJ41Q/vbSqp0E8Oti4bg4R-pK7NSizCfhOI0ZyqSkDZ_-a5mxzgS0Os2ygX39GTQDNZ_hzfMHxqZYC1t1xwG_vKt1K5a-E-S0ock_ieYrqH-zd8f61xg0xhQU2Ts4mmTMDzSHhKJpprimYAqVV8qxYxjv3kEaS-PXF7w-5Ymz4DlfKL9E/a7_kWs-6bgfGgMD2V8nJezsC3Leq39DlsqrYXJNLqNA),,,,,,,8/16/2024 12:00pm,,,Mott's,"Big Apple Deli Products, Ginsberg's Foods, Latina Boulevard, Maplevale, Palmer Food Service, Sysco Albany, Sysco Syracuse, US Foods Buffalo",,,,,
"Applesauce, Strawberry, No
  Sugar, 3.2oz. Pouch, 4PKX6","Produce, Processed",Processed Fruit,3.2 oz.,4 pack x 6,Mott's,10124940,"Sysco Albany,Sysco Syracuse,Palmer Food Service,Maplevale,Latina Boulevard,Big Apple Deli Products,US Foods Buffalo,Driscoll Foods - Metro NY,Driscoll Foods - Upstate NY (Amsterdam),US Foods Albany",,Yes,NY Grown & Certified ,2020- NYS Mott's Certificate.pdf (https://v5.airtableusercontent.com/v3/u/42/42/1749600000000/VOQY2eq9UUq_zUDaRpJ41Q/vbSqp0E8Oti4bg4R-pK7NSizCfhOI0ZyqSkDZ_-a5mxzgS0Os2ygX39GTQDNZ_hzfMHxqZYC1t1xwG_vKt1K5a-E-S0ock_ieYrqH-zd8f61xg0xhQU2Ts4mmTMDzSHhKJpprimYAqVV8qxYxjv3kEaS-PXF7w-5Ymz4DlfKL9E/a7_kWs-6bgfGgMD2V8nJezsC3Leq39DlsqrYXJNLqNA),,,,,,,8/16/2024 12:00pm,,,Mott's,"Big Apple Deli Products, Ginsberg's Foods, Latina Boulevard, Maplevale, Palmer Food Service, Sysco Albany, Sysco Syracuse, US Foods Buffalo",,,,,
"Applesauce, 3.2oz. Pouch, 12PKX4","Produce, Processed",Processed Fruit,3.2 oz.,12 pack x 4,Mott's,10125269,"Sysco Albany,Sysco Syracuse,Palmer Food Service,Maplevale,Latina Boulevard,Big Apple Deli Products,US Foods Buffalo,Driscoll Foods - Metro NY,Driscoll Foods - Upstate NY (Amsterdam),US Foods Albany",,Yes,NY Grown & Certified ,2020- NYS Mott's Certificate.pdf (https://v5.airtableusercontent.com/v3/u/42/42/1749600000000/VOQY2eq9UUq_zUDaRpJ41Q/vbSqp0E8Oti4bg4R-pK7NSizCfhOI0ZyqSkDZ_-a5mxzgS0Os2ygX39GTQDNZ_hzfMHxqZYC1t1xwG_vKt1K5a-E-S0ock_ieYrqH-zd8f61xg0xhQU2Ts4mmTMDzSHhKJpprimYAqVV8qxYxjv3kEaS-PXF7w-5Ymz4DlfKL9E/a7_kWs-6bgfGgMD2V8nJezsC3Leq39DlsqrYXJNLqNA),,,,,,,8/16/2024 12:00pm,,,Mott's,"Big Apple Deli Products, Ginsberg's Foods, Latina Boulevard, Maplevale, Palmer Food Service, Sysco Albany, Sysco Syracuse, US Foods Buffalo",,,,,
"Applesauce, original unsweetened","Produce, Processed",Processed Fruit,4.5 oz,96/case,Peterson Farms,ASA10001,Dagele Brothers Produce,,No,NY Grown & Certified ,,Petersons applesauce spec sheet.pdf (https://v5.airtableusercontent.com/v3/u/42/42/1749600000000/wm4XWyzSObbBILO_khwu0A/XVTFlwDnGG8FCM0tNURIfEceMCWC_zWNqQb8M1Al1pcJyHwNaBglkLRaZ0qZNA5IRHfJTTHymjfejQaMekSPynqnfRgd2zSxxKoVt-fE5to3X3xMpc3iXn2IZAnq2QyW5w_fpZuAIjZKphrGekmQB--ARuM0uS4mxT2nYhF9P2zvbhfr7pXdMc5XWxY5BkEn/tIMv1QKblQ7mWH8U-4aefTTSN3F7VbAq5WThzCmPkGY),,,checked,,,8/20/2024 4:08pm,,,,,,,,,
"Applesauce, cinnamon","Produce, Processed",Processed Fruit,4.5 oz,96/case,Peterson Farms,ASA10013,Dagele Brothers Produce,,No,NY Grown & Certified ,,Petersons applesauce spec sheet.pdf (https://v5.airtableusercontent.com/v3/u/42/42/1749600000000/xqdbVljOyPJfiutSm-xuxw/p2SXolKbVKe3-CFAow9R4wP0akx_dQkZ891GfjWXgbnUqT1skkje881jqT-xORxo3TPLkP9hDwRwQBpEjKoD14Pqvhj76FAX94INYKdVbh1KtFrfEcpEPBscMSY2g5D76ZKjxjv_QZeKu2yro4xYy6lk1xdldSX27wUNXR_EQwaxpv3qV9u7tQILZcq87HNE/8QD0Gh0TmO8TvsLpYzfkOWMj1dqV7GGVNAR8w_xKD4c),,,checked,,,8/20/2024 4:08pm,,,,,,,,,
"Applesauce, peach","Produce, Processed",Processed Fruit,4.5 oz,96/case,Peterson Farms,ASA10017,Dagele Brothers Produce,,No,NY Grown & Certified ,,Petersons applesauce spec sheet.pdf (https://v5.airtableusercontent.com/v3/u/42/42/1749600000000/KJwdaVabT_v7dT-cYp9HZg/gHWWkPoAuYnUlVtocDobDye7AaSSpuq5ZyPeuV7B1uSKVF04g5a8hV-U_iEVb6ao_VDhk1MLRw2dPzh70rndM3nx6mOOY6XnkJK97B14s26iqmygSo8jBy2fXI83Q4QVEcVmu2CM-OUWjM9NhDVrX62Ghm2FBOcMdJrLhn8H3IReA33lWY3iBbesuEZcIiGk/uMirZCO4hS05au4X97fVwpBl4QMVEr1EyApRPS8sHto),,,checked,,,8/20/2024 4:08pm,,,,,,,,,
"Applesauce, strawberry banana","Produce, Processed",Processed Fruit,4.5 oz,96/case,Peterson Farms,ASA10015,Dagele Brothers Produce,,No,NY Grown & Certified ,Petersons applesauce spec sheet.pdf (https://v5.airtableusercontent.com/v3/u/42/42/1749600000000/9sicrCP-pWY12Cxl0kQNPg/RXkqrQ-uxsfw3W9wFlT5JyPNDmQ7GpsJg0zMdIBsyh3vbP85URV0G-2dqNuwqMiMXyC4n9kOjLa8OnS2dC1dtgHhrv7rrU4MnZSKnRouxNNkE0Tx22bP6r3tKoKaszK0kPrf6pkzavV3vuUxwUCqEUv2Nd-y41_4t_Tt8MwLoKLQK-HqMxziOdACewj1mMmX/K3602n758H6sFInwhnUcOBGlPH-GTkpP3hj7wBuhElQ),,,,checked,,,8/20/2024 4:08pm,,,,,,,,,
"Applesauce, bulk","Produce, Processed",Processed Fruit,3.8 gallon,,Trusted Harvest,,"Hudson Harvest,Antonnuci Foods",,No,,,,PFS-Apple Sauce - Hudson Harvest.pdf (https://v5.airtableusercontent.com/v3/u/42/42/1749600000000/S3e8IpV_M3CVagdWGXJ4tA/W5ZjvJuxWWbj-jf9BmpMdJ6PMiZI1jRLGGCzjvcyhAugqCWEMfuAMQMi7bT2ilSTohyRSm0UwMiS9ph_aO42wKMDcIh5OJgspKpAJpMi8MLY71Cc_zlcS5XPD67pLYEcMBWhr27V3Q2jbontdQKlWVh1sPawYINjiZ_oC4hCEmZM6lV8Y53TS1uC-oYY5OtY/VWO6A5pA9IIW73rSy2xTznw3Np98vFmLiknecxSYj5U),,checked,,,5/29/2025 11:46am,,,,,,,,,
"Applesauce Cup, Banana, No Added Sugar","Produce, Processed",Processed Fruit,4.5 oz. ,96/case,Zee Zee's,A1410,"American Fruit and Vegetable Co.,Renzi Foodservice,US Foods Albany,Driscoll Foods - Metro NY,Thurston Foods,Mivila Foods,Latina Boulevard,Ace Endico",,No,NY Grown & Certified ,NY Grown & Certified Certificate Zee Zees Apples.pdf (https://v5.airtableusercontent.com/v3/u/42/42/1749600000000/HopEQ7Y095aD8MMnIQJNTw/em3-JdG1EPNa5cbnG9jTuEhhj9Beyn_P3EHyNKVEqwKD1AABSde05F3uP9pPsQiP2KGKf143BNljItWyUCvBxFxMQ7IZDu4qSU_agmFcOUGB0r3nBodac_rvJE-0sC-W7LPmZ2TJlttAq2maE3BeOOtb25ZvJqvrsKivWfcuOEUroi3mPCS5NJEhSe9r-9OB/llZlXiPeGxjEBqZLlQ0ROpwCJo8sA6U1dkxbZnJqG84),2021_Zee Zees K12 Nutritional - Digital.pdf (https://v5.airtableusercontent.com/v3/u/42/42/1749600000000/cuUqpFFkuI0NcJ-0pH01Aw/PWizspsen8Oop7yC2ElCibdq-5xKIojvu1u7Lbp1jafLh3gkKlxntiRCvAZ0CppMp6jE8ZHHZbOXrPJhDEO-P_NtdawaFrQoRx8xchPRS0r344rb9sSyIfibZGZCJ8Q9tQQbAFmTthBi_wFwHg6P3a5Xz3e4CrUXxKm4iVCTr0muQDsIe9OwXBYgxVBnK5lR/f4wR34IxHk_ATdKgvFlQBYFvsoixMrJGgVuSSwGwLZc),,,,,,8/16/2024 10:16am,,,,,,,,,
"Applesauce Cup, Birthday Cake, No Added Sugar","Produce, Processed",Processed Fruit,4.5 oz. ,96/case,Zee Zee's,A1525,"American Fruit and Vegetable Co.,Renzi Foodservice,US Foods Albany,Driscoll Foods - Metro NY,Thurston Foods,Mivila Foods,Latina Boulevard,Ace Endico",,No,NY Grown & Certified ,NY Grown & Certified Certificate Zee Zees Apples.pdf (https://v5.airtableusercontent.com/v3/u/42/42/1749600000000/HopEQ7Y095aD8MMnIQJNTw/em3-JdG1EPNa5cbnG9jTuEhhj9Beyn_P3EHyNKVEqwKD1AABSde05F3uP9pPsQiP2KGKf143BNljItWyUCvBxFxMQ7IZDu4qSU_agmFcOUGB0r3nBodac_rvJE-0sC-W7LPmZ2TJlttAq2maE3BeOOtb25ZvJqvrsKivWfcuOEUroi3mPCS5NJEhSe9r-9OB/llZlXiPeGxjEBqZLlQ0ROpwCJo8sA6U1dkxbZnJqG84),2021_Zee Zees K12 Nutritional - Digital.pdf (https://v5.airtableusercontent.com/v3/u/42/42/1749600000000/cuUqpFFkuI0NcJ-0pH01Aw/PWizspsen8Oop7yC2ElCibdq-5xKIojvu1u7Lbp1jafLh3gkKlxntiRCvAZ0CppMp6jE8ZHHZbOXrPJhDEO-P_NtdawaFrQoRx8xchPRS0r344rb9sSyIfibZGZCJ8Q9tQQbAFmTthBi_wFwHg6P3a5Xz3e4CrUXxKm4iVCTr0muQDsIe9OwXBYgxVBnK5lR/f4wR34IxHk_ATdKgvFlQBYFvsoixMrJGgVuSSwGwLZc),,,,,,8/16/2024 10:16am,,,,,,,,,
"Applesauce Cup, Cherry, No Added Sugar","Produce, Processed",Processed Fruit,4.5 oz. ,96/case,Zee Zee's,A3810,"American Fruit and Vegetable Co.,Renzi Foodservice,US Foods Albany,Driscoll Foods - Metro NY,Thurston Foods,Mivila Foods,Latina Boulevard,Ace Endico",,No,NY Grown & Certified ,NY Grown & Certified Certificate Zee Zees Apples.pdf (https://v5.airtableusercontent.com/v3/u/42/42/1749600000000/HopEQ7Y095aD8MMnIQJNTw/em3-JdG1EPNa5cbnG9jTuEhhj9Beyn_P3EHyNKVEqwKD1AABSde05F3uP9pPsQiP2KGKf143BNljItWyUCvBxFxMQ7IZDu4qSU_agmFcOUGB0r3nBodac_rvJE-0sC-W7LPmZ2TJlttAq2maE3BeOOtb25ZvJqvrsKivWfcuOEUroi3mPCS5NJEhSe9r-9OB/llZlXiPeGxjEBqZLlQ0ROpwCJo8sA6U1dkxbZnJqG84),2021_Zee Zees K12 Nutritional - Digital.pdf (https://v5.airtableusercontent.com/v3/u/42/42/1749600000000/cuUqpFFkuI0NcJ-0pH01Aw/PWizspsen8Oop7yC2ElCibdq-5xKIojvu1u7Lbp1jafLh3gkKlxntiRCvAZ0CppMp6jE8ZHHZbOXrPJhDEO-P_NtdawaFrQoRx8xchPRS0r344rb9sSyIfibZGZCJ8Q9tQQbAFmTthBi_wFwHg6P3a5Xz3e4CrUXxKm4iVCTr0muQDsIe9OwXBYgxVBnK5lR/f4wR34IxHk_ATdKgvFlQBYFvsoixMrJGgVuSSwGwLZc),,,,,,8/16/2024 10:17am,,,,,,,,,
"Applesauce Cup, Cinnamon, No Added Sugar","Produce, Processed",Processed Fruit,4.5 oz. ,96/case,Zee Zee's,A3500,"American Fruit and Vegetable Co.,Renzi Foodservice,US Foods Albany,Driscoll Foods - Metro NY,Thurston Foods,Mivila Foods,Latina Boulevard,Ace Endico",,No,NY Grown & Certified ,NY Grown & Certified Certificate Zee Zees Apples.pdf (https://v5.airtableusercontent.com/v3/u/42/42/1749600000000/HopEQ7Y095aD8MMnIQJNTw/em3-JdG1EPNa5cbnG9jTuEhhj9Beyn_P3EHyNKVEqwKD1AABSde05F3uP9pPsQiP2KGKf143BNljItWyUCvBxFxMQ7IZDu4qSU_agmFcOUGB0r3nBodac_rvJE-0sC-W7LPmZ2TJlttAq2maE3BeOOtb25ZvJqvrsKivWfcuOEUroi3mPCS5NJEhSe9r-9OB/llZlXiPeGxjEBqZLlQ0ROpwCJo8sA6U1dkxbZnJqG84),2021_Zee Zees K12 Nutritional - Digital.pdf (https://v5.airtableusercontent.com/v3/u/42/42/1749600000000/cuUqpFFkuI0NcJ-0pH01Aw/PWizspsen8Oop7yC2ElCibdq-5xKIojvu1u7Lbp1jafLh3gkKlxntiRCvAZ0CppMp6jE8ZHHZbOXrPJhDEO-P_NtdawaFrQoRx8xchPRS0r344rb9sSyIfibZGZCJ8Q9tQQbAFmTthBi_wFwHg6P3a5Xz3e4CrUXxKm4iVCTr0muQDsIe9OwXBYgxVBnK5lR/f4wR34IxHk_ATdKgvFlQBYFvsoixMrJGgVuSSwGwLZc),,,,,,8/16/2024 10:17am,,,,,,,,,
"Applesauce Cup, Mango Peach, No Added Sugar","Produce, Processed",Processed Fruit,4.5 oz. ,96/case,Zee Zee's,A1555,"American Fruit and Vegetable Co.,Renzi Foodservice,US Foods Albany,Driscoll Foods - Metro NY,Thurston Foods,Mivila Foods,Latina Boulevard,Ace Endico",,No,NY Grown & Certified ,NY Grown & Certified Certificate Zee Zees Apples.pdf (https://v5.airtableusercontent.com/v3/u/42/42/1749600000000/HopEQ7Y095aD8MMnIQJNTw/em3-JdG1EPNa5cbnG9jTuEhhj9Beyn_P3EHyNKVEqwKD1AABSde05F3uP9pPsQiP2KGKf143BNljItWyUCvBxFxMQ7IZDu4qSU_agmFcOUGB0r3nBodac_rvJE-0sC-W7LPmZ2TJlttAq2maE3BeOOtb25ZvJqvrsKivWfcuOEUroi3mPCS5NJEhSe9r-9OB/llZlXiPeGxjEBqZLlQ0ROpwCJo8sA6U1dkxbZnJqG84),2021_Zee Zees K12 Nutritional - Digital.pdf (https://v5.airtableusercontent.com/v3/u/42/42/1749600000000/cuUqpFFkuI0NcJ-0pH01Aw/PWizspsen8Oop7yC2ElCibdq-5xKIojvu1u7Lbp1jafLh3gkKlxntiRCvAZ0CppMp6jE8ZHHZbOXrPJhDEO-P_NtdawaFrQoRx8xchPRS0r344rb9sSyIfibZGZCJ8Q9tQQbAFmTthBi_wFwHg6P3a5Xz3e4CrUXxKm4iVCTr0muQDsIe9OwXBYgxVBnK5lR/f4wR34IxHk_ATdKgvFlQBYFvsoixMrJGgVuSSwGwLZc),,,,,,8/16/2024 10:17am,,,,,,,,,
"Applesauce Cup, Original, No Added Sugar","Produce, Processed",Processed Fruit,4.5 oz. ,96/case,Zee Zee's,A1490,"American Fruit and Vegetable Co.,Renzi Foodservice,US Foods Albany,Driscoll Foods - Metro NY,Thurston Foods,Mivila Foods,Latina Boulevard,Ace Endico",,No,NY Grown & Certified ,NY Grown & Certified Certificate Zee Zees Apples.pdf (https://v5.airtableusercontent.com/v3/u/42/42/1749600000000/HopEQ7Y095aD8MMnIQJNTw/em3-JdG1EPNa5cbnG9jTuEhhj9Beyn_P3EHyNKVEqwKD1AABSde05F3uP9pPsQiP2KGKf143BNljItWyUCvBxFxMQ7IZDu4qSU_agmFcOUGB0r3nBodac_rvJE-0sC-W7LPmZ2TJlttAq2maE3BeOOtb25ZvJqvrsKivWfcuOEUroi3mPCS5NJEhSe9r-9OB/llZlXiPeGxjEBqZLlQ0ROpwCJo8sA6U1dkxbZnJqG84),2021_Zee Zees K12 Nutritional - Digital.pdf (https://v5.airtableusercontent.com/v3/u/42/42/1749600000000/cuUqpFFkuI0NcJ-0pH01Aw/PWizspsen8Oop7yC2ElCibdq-5xKIojvu1u7Lbp1jafLh3gkKlxntiRCvAZ0CppMp6jE8ZHHZbOXrPJhDEO-P_NtdawaFrQoRx8xchPRS0r344rb9sSyIfibZGZCJ8Q9tQQbAFmTthBi_wFwHg6P3a5Xz3e4CrUXxKm4iVCTr0muQDsIe9OwXBYgxVBnK5lR/f4wR34IxHk_ATdKgvFlQBYFvsoixMrJGgVuSSwGwLZc),,,,,,8/16/2024 10:17am,,,,,,,,,
"Applesauce Cup, Peach, No Added Sugar","Produce, Processed",Processed Fruit,4.5 oz. ,96/case,Zee Zee's,A3700,"American Fruit and Vegetable Co.,Renzi Foodservice,US Foods Albany,Driscoll Foods - Metro NY,Thurston Foods,Mivila Foods,Latina Boulevard,Ace Endico",,No,NY Grown & Certified ,NY Grown & Certified Certificate Zee Zees Apples.pdf (https://v5.airtableusercontent.com/v3/u/42/42/1749600000000/HopEQ7Y095aD8MMnIQJNTw/em3-JdG1EPNa5cbnG9jTuEhhj9Beyn_P3EHyNKVEqwKD1AABSde05F3uP9pPsQiP2KGKf143BNljItWyUCvBxFxMQ7IZDu4qSU_agmFcOUGB0r3nBodac_rvJE-0sC-W7LPmZ2TJlttAq2maE3BeOOtb25ZvJqvrsKivWfcuOEUroi3mPCS5NJEhSe9r-9OB/llZlXiPeGxjEBqZLlQ0ROpwCJo8sA6U1dkxbZnJqG84),2021_Zee Zees K12 Nutritional - Digital.pdf (https://v5.airtableusercontent.com/v3/u/42/42/1749600000000/cuUqpFFkuI0NcJ-0pH01Aw/PWizspsen8Oop7yC2ElCibdq-5xKIojvu1u7Lbp1jafLh3gkKlxntiRCvAZ0CppMp6jE8ZHHZbOXrPJhDEO-P_NtdawaFrQoRx8xchPRS0r344rb9sSyIfibZGZCJ8Q9tQQbAFmTthBi_wFwHg6P3a5Xz3e4CrUXxKm4iVCTr0muQDsIe9OwXBYgxVBnK5lR/f4wR34IxHk_ATdKgvFlQBYFvsoixMrJGgVuSSwGwLZc),,,,,,8/16/2024 10:17am,,,,,,,,,
"Applesauce Cup, Pink Lemonade, No Added Sugar","Produce, Processed",Processed Fruit,4.5 oz. ,96/case,Zee Zee's,A3800,"American Fruit and Vegetable Co.,Renzi Foodservice,US Foods Albany,Driscoll Foods - Metro NY,Thurston Foods,Mivila Foods,Latina Boulevard,Ace Endico",,No,NY Grown & Certified ,NY Grown & Certified Certificate Zee Zees Apples.pdf (https://v5.airtableusercontent.com/v3/u/42/42/1749600000000/HopEQ7Y095aD8MMnIQJNTw/em3-JdG1EPNa5cbnG9jTuEhhj9Beyn_P3EHyNKVEqwKD1AABSde05F3uP9pPsQiP2KGKf143BNljItWyUCvBxFxMQ7IZDu4qSU_agmFcOUGB0r3nBodac_rvJE-0sC-W7LPmZ2TJlttAq2maE3BeOOtb25ZvJqvrsKivWfcuOEUroi3mPCS5NJEhSe9r-9OB/llZlXiPeGxjEBqZLlQ0ROpwCJo8sA6U1dkxbZnJqG84),2021_Zee Zees K12 Nutritional - Digital.pdf (https://v5.airtableusercontent.com/v3/u/42/42/1749600000000/cuUqpFFkuI0NcJ-0pH01Aw/PWizspsen8Oop7yC2ElCibdq-5xKIojvu1u7Lbp1jafLh3gkKlxntiRCvAZ0CppMp6jE8ZHHZbOXrPJhDEO-P_NtdawaFrQoRx8xchPRS0r344rb9sSyIfibZGZCJ8Q9tQQbAFmTthBi_wFwHg6P3a5Xz3e4CrUXxKm4iVCTr0muQDsIe9OwXBYgxVBnK5lR/f4wR34IxHk_ATdKgvFlQBYFvsoixMrJGgVuSSwGwLZc),,,,,,8/16/2024 10:17am,,,,,,,,,
"Applesauce Cup, Rock'n Blue Raspberry, No Added Sugar","Produce, Processed",Processed Fruit,4.5 oz. ,96/case,Zee Zee's,A1510,"American Fruit and Vegetable Co.,Renzi Foodservice,US Foods Albany,Driscoll Foods - Metro NY,Thurston Foods,Mivila Foods,Latina Boulevard,Ace Endico",,No,NY Grown & Certified ,NY Grown & Certified Certificate Zee Zees Apples.pdf (https://v5.airtableusercontent.com/v3/u/42/42/1749600000000/HopEQ7Y095aD8MMnIQJNTw/em3-JdG1EPNa5cbnG9jTuEhhj9Beyn_P3EHyNKVEqwKD1AABSde05F3uP9pPsQiP2KGKf143BNljItWyUCvBxFxMQ7IZDu4qSU_agmFcOUGB0r3nBodac_rvJE-0sC-W7LPmZ2TJlttAq2maE3BeOOtb25ZvJqvrsKivWfcuOEUroi3mPCS5NJEhSe9r-9OB/llZlXiPeGxjEBqZLlQ0ROpwCJo8sA6U1dkxbZnJqG84),2021_Zee Zees K12 Nutritional - Digital.pdf (https://v5.airtableusercontent.com/v3/u/42/42/1749600000000/cuUqpFFkuI0NcJ-0pH01Aw/PWizspsen8Oop7yC2ElCibdq-5xKIojvu1u7Lbp1jafLh3gkKlxntiRCvAZ0CppMp6jE8ZHHZbOXrPJhDEO-P_NtdawaFrQoRx8xchPRS0r344rb9sSyIfibZGZCJ8Q9tQQbAFmTthBi_wFwHg6P3a5Xz3e4CrUXxKm4iVCTr0muQDsIe9OwXBYgxVBnK5lR/f4wR34IxHk_ATdKgvFlQBYFvsoixMrJGgVuSSwGwLZc),,,,,,8/16/2024 10:17am,,,,,,,,,
"Applesauce Cup, Strawberry Banana, No Added Sugar","Produce, Processed",Processed Fruit,4.5 oz. ,96/case,Zee Zee's,A1520,"American Fruit and Vegetable Co.,Renzi Foodservice,US Foods Albany,Driscoll Foods - Metro NY,Thurston Foods,Mivila Foods,Latina Boulevard,Ace Endico",,No,NY Grown & Certified ,NY Grown & Certified Certificate Zee Zees Apples.pdf (https://v5.airtableusercontent.com/v3/u/42/42/1749600000000/HopEQ7Y095aD8MMnIQJNTw/em3-JdG1EPNa5cbnG9jTuEhhj9Beyn_P3EHyNKVEqwKD1AABSde05F3uP9pPsQiP2KGKf143BNljItWyUCvBxFxMQ7IZDu4qSU_agmFcOUGB0r3nBodac_rvJE-0sC-W7LPmZ2TJlttAq2maE3BeOOtb25ZvJqvrsKivWfcuOEUroi3mPCS5NJEhSe9r-9OB/llZlXiPeGxjEBqZLlQ0ROpwCJo8sA6U1dkxbZnJqG84),2021_Zee Zees K12 Nutritional - Digital.pdf (https://v5.airtableusercontent.com/v3/u/42/42/1749600000000/cuUqpFFkuI0NcJ-0pH01Aw/PWizspsen8Oop7yC2ElCibdq-5xKIojvu1u7Lbp1jafLh3gkKlxntiRCvAZ0CppMp6jE8ZHHZbOXrPJhDEO-P_NtdawaFrQoRx8xchPRS0r344rb9sSyIfibZGZCJ8Q9tQQbAFmTthBi_wFwHg6P3a5Xz3e4CrUXxKm4iVCTr0muQDsIe9OwXBYgxVBnK5lR/f4wR34IxHk_ATdKgvFlQBYFvsoixMrJGgVuSSwGwLZc),,,,,,8/16/2024 10:17am,,,,,,,,,
"Applesauce Cup, Strawberry, No Added Sugar","Produce, Processed",Processed Fruit,4.5 oz. ,96/case,Zee Zee's,A1580,"American Fruit and Vegetable Co.,Renzi Foodservice,US Foods Albany,Driscoll Foods - Metro NY,Thurston Foods,Mivila Foods,Latina Boulevard,Ace Endico",,No,NY Grown & Certified ,NY Grown & Certified Certificate Zee Zees Apples.pdf (https://v5.airtableusercontent.com/v3/u/42/42/1749600000000/HopEQ7Y095aD8MMnIQJNTw/em3-JdG1EPNa5cbnG9jTuEhhj9Beyn_P3EHyNKVEqwKD1AABSde05F3uP9pPsQiP2KGKf143BNljItWyUCvBxFxMQ7IZDu4qSU_agmFcOUGB0r3nBodac_rvJE-0sC-W7LPmZ2TJlttAq2maE3BeOOtb25ZvJqvrsKivWfcuOEUroi3mPCS5NJEhSe9r-9OB/llZlXiPeGxjEBqZLlQ0ROpwCJo8sA6U1dkxbZnJqG84),2021_Zee Zees K12 Nutritional - Digital.pdf (https://v5.airtableusercontent.com/v3/u/42/42/1749600000000/cuUqpFFkuI0NcJ-0pH01Aw/PWizspsen8Oop7yC2ElCibdq-5xKIojvu1u7Lbp1jafLh3gkKlxntiRCvAZ0CppMp6jE8ZHHZbOXrPJhDEO-P_NtdawaFrQoRx8xchPRS0r344rb9sSyIfibZGZCJ8Q9tQQbAFmTthBi_wFwHg6P3a5Xz3e4CrUXxKm4iVCTr0muQDsIe9OwXBYgxVBnK5lR/f4wR34IxHk_ATdKgvFlQBYFvsoixMrJGgVuSSwGwLZc),,,,,,8/16/2024 10:17am,,,,,,,,,
"Applesauce Cup, Wild Watermelon, No Added Sugar","Produce, Processed",Processed Fruit,4.5 oz. ,96/case,Zee Zee's,A1500,"American Fruit and Vegetable Co.,Renzi Foodservice,US Foods Albany,Driscoll Foods - Metro NY,Thurston Foods,Mivila Foods,Latina Boulevard,Ace Endico",,No,NY Grown & Certified ,NY Grown & Certified Certificate Zee Zees Apples.pdf (https://v5.airtableusercontent.com/v3/u/42/42/1749600000000/HopEQ7Y095aD8MMnIQJNTw/em3-JdG1EPNa5cbnG9jTuEhhj9Beyn_P3EHyNKVEqwKD1AABSde05F3uP9pPsQiP2KGKf143BNljItWyUCvBxFxMQ7IZDu4qSU_agmFcOUGB0r3nBodac_rvJE-0sC-W7LPmZ2TJlttAq2maE3BeOOtb25ZvJqvrsKivWfcuOEUroi3mPCS5NJEhSe9r-9OB/llZlXiPeGxjEBqZLlQ0ROpwCJo8sA6U1dkxbZnJqG84),2021_Zee Zees K12 Nutritional - Digital.pdf (https://v5.airtableusercontent.com/v3/u/42/42/1749600000000/cuUqpFFkuI0NcJ-0pH01Aw/PWizspsen8Oop7yC2ElCibdq-5xKIojvu1u7Lbp1jafLh3gkKlxntiRCvAZ0CppMp6jE8ZHHZbOXrPJhDEO-P_NtdawaFrQoRx8xchPRS0r344rb9sSyIfibZGZCJ8Q9tQQbAFmTthBi_wFwHg6P3a5Xz3e4CrUXxKm4iVCTr0muQDsIe9OwXBYgxVBnK5lR/f4wR34IxHk_ATdKgvFlQBYFvsoixMrJGgVuSSwGwLZc),,,,,,8/16/2024 10:17am,,,,,,,,,
"Blueberries, Frozen","Produce, Processed",Frozen Fruit,Small & Large Packages,"SM: 24 ounce bag, LG: 2, 6# bags",Childs Blueberry Farm,,Childs Blueberry Farm,,Still Under Review,,,,,,,,"Documentation available upon request from farm
",2/27/2024 1:32pm,,,Childs Blueberry Farm,"Self distribute, Childs Blueberry Farm",,,,,
"Cabbage, Shredded","Produce, Processed","Fresh Vegetables,Minimally Processed Vegetables",10 lb.,10 lb. cs,Eden Valley Growers,,Eden Valley Growers,,Yes,,,Seasonality chart.pdf (https://v5.airtableusercontent.com/v3/u/42/42/1749600000000/IGwLNAT46-hlNWjfVleu7Q/F7BvjZ0CRW2RodZRs4mflYyES6B8IUap4iA2g97JHiYnmb5l082H-YEgWCduHDaAs0vkDuguQc1nvavRoBZW2ShoPXDzhJUE1gSSRF8eMp2bVdzjImjmYVDNW2FqTXnZYE14e7dJ95RnnC6mLEjTT4pApyp5WR2XX_F5HM20rIc/PyH1oAiIp9oei8GAM1zjFb-UQPoAxc4JOa_aZabBVHM),,,,,PFS available upon request,12/10/2024 9:43am,,,,,,,,,
"Cabbage, Quartered","Produce, Processed","Fresh Vegetables,Minimally Processed Vegetables",1/4 head cabbage,16 quarters/cs,Eden Valley Growers,,Eden Valley Growers,,Yes,,,Seasonality chart.pdf (https://v5.airtableusercontent.com/v3/u/42/42/1749600000000/IGwLNAT46-hlNWjfVleu7Q/F7BvjZ0CRW2RodZRs4mflYyES6B8IUap4iA2g97JHiYnmb5l082H-YEgWCduHDaAs0vkDuguQc1nvavRoBZW2ShoPXDzhJUE1gSSRF8eMp2bVdzjImjmYVDNW2FqTXnZYE14e7dJ95RnnC6mLEjTT4pApyp5WR2XX_F5HM20rIc/PyH1oAiIp9oei8GAM1zjFb-UQPoAxc4JOa_aZabBVHM),,,,,PFS available upon request,12/10/2024 9:43am,,,,,,,,,
"Onions, Diced","Produce, Processed","Fresh Vegetables,Minimally Processed Vegetables",10 lb.,10 lb. cs,Eden Valley Growers,,Eden Valley Growers,,Yes,,,Seasonality chart.pdf (https://v5.airtableusercontent.com/v3/u/42/42/1749600000000/IGwLNAT46-hlNWjfVleu7Q/F7BvjZ0CRW2RodZRs4mflYyES6B8IUap4iA2g97JHiYnmb5l082H-YEgWCduHDaAs0vkDuguQc1nvavRoBZW2ShoPXDzhJUE1gSSRF8eMp2bVdzjImjmYVDNW2FqTXnZYE14e7dJ95RnnC6mLEjTT4pApyp5WR2XX_F5HM20rIc/PyH1oAiIp9oei8GAM1zjFb-UQPoAxc4JOa_aZabBVHM),,,,,PFS available upon request,12/10/2024 9:43am,,,,,,,,,
"Peppers, Sliced","Produce, Processed","Fresh Vegetables,Minimally Processed Vegetables",10 lb.,10 lb. cs,Eden Valley Growers,,Eden Valley Growers,,Yes,,,Seasonality chart.pdf (https://v5.airtableusercontent.com/v3/u/42/42/1749600000000/IGwLNAT46-hlNWjfVleu7Q/F7BvjZ0CRW2RodZRs4mflYyES6B8IUap4iA2g97JHiYnmb5l082H-YEgWCduHDaAs0vkDuguQc1nvavRoBZW2ShoPXDzhJUE1gSSRF8eMp2bVdzjImjmYVDNW2FqTXnZYE14e7dJ95RnnC6mLEjTT4pApyp5WR2XX_F5HM20rIc/PyH1oAiIp9oei8GAM1zjFb-UQPoAxc4JOa_aZabBVHM),,,,,PFS available upon request,12/10/2024 9:43am,,,,,,,,,
"Butternut Squash, Diced","Produce, Processed","Fresh Vegetables,Minimally Processed Vegetables",10 lb.,10 lb. cs,Eden Valley Growers,,Eden Valley Growers,,Yes,,,Seasonality chart.pdf (https://v5.airtableusercontent.com/v3/u/42/42/1749600000000/IGwLNAT46-hlNWjfVleu7Q/F7BvjZ0CRW2RodZRs4mflYyES6B8IUap4iA2g97JHiYnmb5l082H-YEgWCduHDaAs0vkDuguQc1nvavRoBZW2ShoPXDzhJUE1gSSRF8eMp2bVdzjImjmYVDNW2FqTXnZYE14e7dJ95RnnC6mLEjTT4pApyp5WR2XX_F5HM20rIc/PyH1oAiIp9oei8GAM1zjFb-UQPoAxc4JOa_aZabBVHM),,,,,PFS available upon request,12/10/2024 9:43am,,,,,,,,,
"Zucchini, Coined","Produce, Processed","Fresh Vegetables,Minimally Processed Vegetables",10 lb.,10 lb. cs,Eden Valley Growers,,Eden Valley Growers,,Yes,,,Seasonality chart.pdf (https://v5.airtableusercontent.com/v3/u/42/42/1749600000000/IGwLNAT46-hlNWjfVleu7Q/F7BvjZ0CRW2RodZRs4mflYyES6B8IUap4iA2g97JHiYnmb5l082H-YEgWCduHDaAs0vkDuguQc1nvavRoBZW2ShoPXDzhJUE1gSSRF8eMp2bVdzjImjmYVDNW2FqTXnZYE14e7dJ95RnnC6mLEjTT4pApyp5WR2XX_F5HM20rIc/PyH1oAiIp9oei8GAM1zjFb-UQPoAxc4JOa_aZabBVHM),,,,,PFS available upon request,12/10/2024 9:43am,,,,,,,,,
Broccoli Florets,"Produce, Processed","Fresh Vegetables,Minimally Processed Vegetables",10 lb. ,10 lb. cs,Eden Valley Growers,,Eden Valley Growers,,Yes,,,Seasonality chart.pdf (https://v5.airtableusercontent.com/v3/u/42/42/1749600000000/IGwLNAT46-hlNWjfVleu7Q/F7BvjZ0CRW2RodZRs4mflYyES6B8IUap4iA2g97JHiYnmb5l082H-YEgWCduHDaAs0vkDuguQc1nvavRoBZW2ShoPXDzhJUE1gSSRF8eMp2bVdzjImjmYVDNW2FqTXnZYE14e7dJ95RnnC6mLEjTT4pApyp5WR2XX_F5HM20rIc/PyH1oAiIp9oei8GAM1zjFb-UQPoAxc4JOa_aZabBVHM),,,,,PFS available upon request,12/10/2024 9:43am,,,,,,,,,
Cauliflower Florets,"Produce, Processed","Fresh Vegetables,Minimally Processed Vegetables",10 lb.,10 lb. cs,Eden Valley Growers,,Eden Valley Growers,,Yes,,,Seasonality chart.pdf (https://v5.airtableusercontent.com/v3/u/42/42/1749600000000/IGwLNAT46-hlNWjfVleu7Q/F7BvjZ0CRW2RodZRs4mflYyES6B8IUap4iA2g97JHiYnmb5l082H-YEgWCduHDaAs0vkDuguQc1nvavRoBZW2ShoPXDzhJUE1gSSRF8eMp2bVdzjImjmYVDNW2FqTXnZYE14e7dJ95RnnC6mLEjTT4pApyp5WR2XX_F5HM20rIc/PyH1oAiIp9oei8GAM1zjFb-UQPoAxc4JOa_aZabBVHM),,,,,PFS available upon request,12/10/2024 9:43am,,,,,,,,,
"Potatoes, Cubed","Produce, Processed","Fresh Vegetables,Minimally Processed Vegetables",10 lb.,10 lb. cs,Eden Valley Growers,,Eden Valley Growers,,Yes,,,Seasonality chart.pdf (https://v5.airtableusercontent.com/v3/u/42/42/1749600000000/IGwLNAT46-hlNWjfVleu7Q/F7BvjZ0CRW2RodZRs4mflYyES6B8IUap4iA2g97JHiYnmb5l082H-YEgWCduHDaAs0vkDuguQc1nvavRoBZW2ShoPXDzhJUE1gSSRF8eMp2bVdzjImjmYVDNW2FqTXnZYE14e7dJ95RnnC6mLEjTT4pApyp5WR2XX_F5HM20rIc/PyH1oAiIp9oei8GAM1zjFb-UQPoAxc4JOa_aZabBVHM),,,,,PFS available upon request,12/10/2024 9:43am,,,,,,,,,
"Potatoes, Wedged","Produce, Processed","Fresh Vegetables,Minimally Processed Vegetables",10 lb.,10 lb. cs,Eden Valley Growers,,Eden Valley Growers,,Yes,,,Seasonality chart.pdf (https://v5.airtableusercontent.com/v3/u/42/42/1749600000000/IGwLNAT46-hlNWjfVleu7Q/F7BvjZ0CRW2RodZRs4mflYyES6B8IUap4iA2g97JHiYnmb5l082H-YEgWCduHDaAs0vkDuguQc1nvavRoBZW2ShoPXDzhJUE1gSSRF8eMp2bVdzjImjmYVDNW2FqTXnZYE14e7dJ95RnnC6mLEjTT4pApyp5WR2XX_F5HM20rIc/PyH1oAiIp9oei8GAM1zjFb-UQPoAxc4JOa_aZabBVHM),,,,,PFS available upon request,12/10/2024 9:43am,,,,,,,,,
Diced Mirepoix,"Produce, Processed","Fresh Vegetables,Minimally Processed Vegetables",10 lb.,10 lb. cs,Eden Valley Growers,,Eden Valley Growers,,Yes,,,Seasonality chart.pdf (https://v5.airtableusercontent.com/v3/u/42/42/1749600000000/IGwLNAT46-hlNWjfVleu7Q/F7BvjZ0CRW2RodZRs4mflYyES6B8IUap4iA2g97JHiYnmb5l082H-YEgWCduHDaAs0vkDuguQc1nvavRoBZW2ShoPXDzhJUE1gSSRF8eMp2bVdzjImjmYVDNW2FqTXnZYE14e7dJ95RnnC6mLEjTT4pApyp5WR2XX_F5HM20rIc/PyH1oAiIp9oei8GAM1zjFb-UQPoAxc4JOa_aZabBVHM),,,,,PFS available upon request,12/10/2024 9:43am,,,,,,,,,
"Corn, Halved","Produce, Processed","Fresh Vegetables,Minimally Processed Vegetables",1/2 ear corn,60 1/2 ears/cs,Eden Valley Growers,,Eden Valley Growers,,Yes,,,Seasonality chart.pdf (https://v5.airtableusercontent.com/v3/u/42/42/1749600000000/IGwLNAT46-hlNWjfVleu7Q/F7BvjZ0CRW2RodZRs4mflYyES6B8IUap4iA2g97JHiYnmb5l082H-YEgWCduHDaAs0vkDuguQc1nvavRoBZW2ShoPXDzhJUE1gSSRF8eMp2bVdzjImjmYVDNW2FqTXnZYE14e7dJ95RnnC6mLEjTT4pApyp5WR2XX_F5HM20rIc/PyH1oAiIp9oei8GAM1zjFb-UQPoAxc4JOa_aZabBVHM),,,,,PFS available upon request,12/10/2024 9:43am,,,,,,,,,
"Brussels Sprouts, Shaved","Produce, Processed","Fresh Vegetables,Minimally Processed Vegetables",10 lb.,10 lb. cs,Eden Valley Growers,,Eden Valley Growers,,Yes,,,Seasonality chart.pdf (https://v5.airtableusercontent.com/v3/u/42/42/1749600000000/IGwLNAT46-hlNWjfVleu7Q/F7BvjZ0CRW2RodZRs4mflYyES6B8IUap4iA2g97JHiYnmb5l082H-YEgWCduHDaAs0vkDuguQc1nvavRoBZW2ShoPXDzhJUE1gSSRF8eMp2bVdzjImjmYVDNW2FqTXnZYE14e7dJ95RnnC6mLEjTT4pApyp5WR2XX_F5HM20rIc/PyH1oAiIp9oei8GAM1zjFb-UQPoAxc4JOa_aZabBVHM),,,,,PFS available upon request,12/10/2024 9:43am,,,,,,,,,
"Brussels Sprouts, Halved","Produce, Processed","Fresh Vegetables,Minimally Processed Vegetables",10 lb.,10 lb. cs,Eden Valley Growers,,Eden Valley Growers,,Yes,,,Seasonality chart.pdf (https://v5.airtableusercontent.com/v3/u/42/42/1749600000000/IGwLNAT46-hlNWjfVleu7Q/F7BvjZ0CRW2RodZRs4mflYyES6B8IUap4iA2g97JHiYnmb5l082H-YEgWCduHDaAs0vkDuguQc1nvavRoBZW2ShoPXDzhJUE1gSSRF8eMp2bVdzjImjmYVDNW2FqTXnZYE14e7dJ95RnnC6mLEjTT4pApyp5WR2XX_F5HM20rIc/PyH1oAiIp9oei8GAM1zjFb-UQPoAxc4JOa_aZabBVHM),,,,,PFS available upon request,12/10/2024 9:43am,,,,,,,,,
Carrot Sticks,"Produce, Processed","Fresh Vegetables,Minimally Processed Vegetables",10 lb.,10 lb. cs,Eden Valley Growers,,Eden Valley Growers,,Yes,,,Seasonality chart.pdf (https://v5.airtableusercontent.com/v3/u/42/42/1749600000000/IGwLNAT46-hlNWjfVleu7Q/F7BvjZ0CRW2RodZRs4mflYyES6B8IUap4iA2g97JHiYnmb5l082H-YEgWCduHDaAs0vkDuguQc1nvavRoBZW2ShoPXDzhJUE1gSSRF8eMp2bVdzjImjmYVDNW2FqTXnZYE14e7dJ95RnnC6mLEjTT4pApyp5WR2XX_F5HM20rIc/PyH1oAiIp9oei8GAM1zjFb-UQPoAxc4JOa_aZabBVHM),,,,,PFS available upon request,12/10/2024 9:43am,,,,,,,,,
Apple Slices,"Produce, Processed","Fresh Vegetables,Minimally Processed Vegetables",10 lb.,10 lb. cs,Eden Valley Growers,,Eden Valley Growers,,Yes,,,Seasonality chart.pdf (https://v5.airtableusercontent.com/v3/u/42/42/1749600000000/IGwLNAT46-hlNWjfVleu7Q/F7BvjZ0CRW2RodZRs4mflYyES6B8IUap4iA2g97JHiYnmb5l082H-YEgWCduHDaAs0vkDuguQc1nvavRoBZW2ShoPXDzhJUE1gSSRF8eMp2bVdzjImjmYVDNW2FqTXnZYE14e7dJ95RnnC6mLEjTT4pApyp5WR2XX_F5HM20rIc/PyH1oAiIp9oei8GAM1zjFb-UQPoAxc4JOa_aZabBVHM),,,,,PFS available upon request,12/10/2024 9:43am,,,,,,,,,
"Carrot coin, crinkle cut","Produce, Processed","Fresh Vegetables,Minimally Processed Vegetables",2.5 oz bag,100 bags (15lb),Headwater Origins,,Headwater Food Hub,,Yes,NY Grown & Certified ,,Carrot Coins Spec Sheet.docx.pdf (https://v5.airtableusercontent.com/v3/u/42/42/1749600000000/eg_ZOXRLwkxseWh8gr9N1A/LaYloFqL_kQ8S0MeOwJZ2rQ6ysV3oMe--2dQRd0BI50gWzWZHgOP5BB94HFyZCffX4EAVQkfShADluPMZ3z_NeszlsM6dSRiQEObKU6hM6B7qeTUn1s1HMcdR-xVIZWF0NK-2eOW_GGlS0bm7_7roLIDY1KPoKtWzGr1mW2wT0zK07-JvrLO8Sf2yT3yTt85/aROgVJzkCg56mcT5jwEa4rA0gwR002AaBl8W04E7I00),,,checked,,,4/9/2025 10:42am,,,,,,,,,
Carrot Sticks,"Produce, Processed","Fresh Vegetables,Minimally Processed Vegetables",10 lb,2/10lb (20lb),Upstate NY Growers and Packers,,"Russo Produce Co.,Headwater Food Hub",,Yes,NY Grown & Certified ,,,,,checked,,,4/29/2025 3:29pm,,,,,,,,,
"Cabbage, Red, Shredded","Produce, Processed","Fresh Vegetables,Minimally Processed Vegetables",10 lb,2/10lb (20lb),Upstate NY Growers and Packers,,"Russo Produce Co.,Headwater Food Hub",,Yes,NY Grown & Certified ,,,,,checked,,,4/29/2025 3:29pm,,,,,,,,,
"Cabbage, Green, Shredded","Produce, Processed","Fresh Vegetables,Minimally Processed Vegetables",10 lb,2/10lb (20lb),Upstate NY Growers and Packers,,"Russo Produce Co.,Headwater Food Hub",,Yes,NY Grown & Certified ,,,,,checked,,,4/29/2025 3:29pm,,,,,,,,,
"Carrots, Shredded","Produce, Processed","Fresh Vegetables,Minimally Processed Vegetables",10 lb,2/10lb (20lb),Upstate NY Growers and Packers,,"Russo Produce Co.,Headwater Food Hub",,Yes,NY Grown & Certified ,,,,,checked,,,4/29/2025 3:29pm,,,,,,,,,
Cole Slaw Mix,"Produce, Processed","Fresh Vegetables,Minimally Processed Vegetables",10 lb,2/10lb (20lb),Upstate NY Growers and Packers,,"Russo Produce Co.,Headwater Food Hub",,Yes,NY Grown & Certified ,,,,,checked,,,4/29/2025 3:29pm,,,,,,,,,
"Sweet Potatoes, cubed and frozen","Produce, Processed",Frozen Vegetables,20 lb,20 lb,Capital Roots,SP1,Capital Roots,,Yes,,,,PFS-Capital Roots-cubed sweet potato.pdf (https://v5.airtableusercontent.com/v3/u/42/42/1749600000000/dtjVxR8xrTtlBqVpY_wXhA/0bhf2gFDvAzgQgTwpJj0ZaUwwE8aFTNLWLtF_VS9Bc6f2O_UXOA4e5XsZ1M4Q9rVH1ym9EUyuCRWQ56JO6fOV_0TbIHcTGXtGNVORHi0fY2D3jzOjeeQN48iWYcRKqxRKfSzM0HTMoDeZ_VrippNSoN9EcUeTrAXSEpOQ_hC6Bh-rTpdm1MSRL0pI2xx2cyv/JNOguAJXv9B9PmLaHXIrVtFduXpWA1MOFzjLYPcu2x0),,checked,,,3/6/2025 2:09pm,,,,,,,,,
"Green beans, Whole, Frozen (IQF)","Produce, Processed",Frozen Vegetables,4 x 13 lb. case,4 x 13 lb. case,Headwater Origins,,"Headwater Food Hub,Renzi Foodservice,Smith Packing Company Inc.,Hudson Harvest,Ginsberg's Foods,Antonnuci Foods",,Yes,NY Grown & Certified ,Headwater Food Hub IQF Green Beans (1).pdf (https://v5.airtableusercontent.com/v3/u/42/42/1749600000000/_NcG3MNs_J-vrqrHqPiMFw/eKrukgZz6H5CdelOppZSqJ-wqzy99k4Ng7eRwe-_DbFCGzIY1rDi6_rfo207I0msjW_WnzWEyEGyPi8y_jP9q4PB6PXles7zU-XPBRHIDXR1W3t5tQHwnNV3JMVjmYLpM-INn8nDLXhp599OvDewftGfrqSkMnlLdhdssO5dINE/Lq7fwmm3jYGVcDy_4gUbeGuzcGm9geIA0sdi1hvD7qA),,,,,,,5/29/2025 11:47am,,,,,,,,,
"Peas, Frozen (IQF)","Produce, Processed",Frozen Vegetables,4 x 5 lb. case,4 x 5 lb. case,Headwater Origins,,"Headwater Food Hub,Renzi Foodservice,Smith Packing Company Inc.,Hudson Harvest,Ginsberg's Foods,Antonnuci Foods",,Yes,NY Grown & Certified ,Headwater Food Hub IQF Peas.pdf (https://v5.airtableusercontent.com/v3/u/42/42/1749600000000/lrK4TmrWQDxCmCTZV9y_fA/8W2gA4JxhI19Ge9CuD4FNiPKwwrS82xbHP35YEgLDKvpA9httVxGK5vZ6eTj9NmC5jglORRIGUVG7kqaMteD3VEcmFAC-jzsqCEvcDIi1L3jCqApQ7KhRSjbI0zIH9RIS7_kVL9PqYHoNcEh3hwWwicGicNgXVcV6Iw-uzkAQEQ/C29TJF_PmXUNJFdKf7CbLwFfKS0euDqXx4k2LEhw5OQ),,,,,,,5/29/2025 11:47am,,,,,,,,,
"Carrots, Diced, Frozen (IQF)","Produce, Processed",Frozen Vegetables,4 x 5 lb. case,4 x 5 lb. case,Headwater Origins,,"Headwater Food Hub,Renzi Foodservice,Smith Packing Company Inc.,Hudson Harvest,Ginsberg's Foods,Antonnuci Foods",,Yes,NY Grown & Certified ,Headwater Food Hub IQF Carrots.pdf (https://v5.airtableusercontent.com/v3/u/42/42/1749600000000/v8qvvcszTGSvbyCkcdvTYQ/r3iQw6FCY8xZGhFB1rH1fFXXqJcsgtOuK_cJMYjcMI1LB-kqULWY8xwsMDWKLxaV6gej0nfVQx5RwB4QML75DFvdjVGwtPjq0xd0wee5I7mjRLQyez1DUJmY-1gyRSvk2Ey8pNmR8WJ_I6-p5ywNBw8SBKJ2P036DaElVbNnYdM/l-I1wZNV8uiwH_Kk0_FJ_nm6kc-6M1KzjnwWDCsFLkM),,,,,,,5/29/2025 11:47am,,,,,,,,,
"Butternut squash, Cubed, Frozen (IQF)","Produce, Processed",Frozen Vegetables,4 x 5 lb. case,4 x 5 lb. case,Headwater Origins,,"Headwater Food Hub,Renzi Foodservice,Smith Packing Company Inc.,Hudson Harvest,Ginsberg's Foods",,Yes,NY Grown & Certified ,Headwater Food Hub IQF Butternut Squash.pdf (https://v5.airtableusercontent.com/v3/u/42/42/1749600000000/b2wKZo51RXJZuyaaBb4meQ/7mi_c4w8uY6Hgqm_Dsj9GmUfwl8F_B_L9zWFRHoog-m7NM7u3h0NgZvg3Hvn-OFPiGWBirls1U4_PTAzqt73cPwBjjJRgcAyyaT747T1xDW62G3ADYcPUPOBUb5Q_MWYfuYg3ieBBVB8RQCSGFXDD8Zl_B9eVJFpi5GAeBoH0x45lThtnspOe7VbaWafpcZg/neB5eeeE-6R-KpzKZsK6c2q7Uf_ViVScOtlQVQ-0b_I),,,,,,,4/9/2025 9:15am,,,,,,,,,
"Corn, Super sweet, Frozen (IQF)","Produce, Processed",Frozen Vegetables,4 x 5 lb. case,4 x 5 lb. case,Headwater Origins,,"Headwater Food Hub,Renzi Foodservice,Smith Packing Company Inc.,Hudson Harvest,Ginsberg's Foods",,Yes,NY Grown & Certified ,Certificate Headwater Food Hub IQF NYS Sweet Corn.pdf (https://v5.airtableusercontent.com/v3/u/42/42/1749600000000/sy1WjfrBlGVC97tEPxnhgQ/A-Q2CFq7mwftjfJ0WP1Fzwu_ipk54dto8_EtRb8fRWXHnW4rTBlg9ywoRdxXMp0KE4R87EKo5RoY8nXV7aufUj3gS4umpYCvEyU9RGYsHA79dgOSuv5wT_TNpn0pl-O3bQipg8IWpbwZCarYh9Xj2H2EkxpocAEtXy7eAmXmh8iCkACHH0fKpM97GpniaTD4/3hJax6ig_vR1UvAxTb7NuvJMONAHq8vqcpNr-KmrMeY),,,,,,,4/9/2025 9:15am,,,,,,,,,
"Potatoes, Diced (5/8""), Frozen (IQF)","Produce, Processed",Frozen Vegetables,20 lb. case,20 lb. case,Marten's Fresh,115845,Contact directly for distribution ,,Yes,,,"breakfast_potato_pos_324_V2-Copy-Copy.pdf (https://v5.airtableusercontent.com/v3/u/42/42/1749600000000/a7u-C6i-PPqoGsgcIPRmNA/myHHV5GcEmHw5_nn8iWHtuxo7EOAQSodjuiUZ2SA7VCFErLheMiYcdkNd3-yfxFwhI-ExZyQ5ei_AQb9iiy1hgqF3YTP5Xoqey-JJ0_R9Za1pFzBEqRPuIGkuYF7wRyc70idON-asFjrTBJrVmEZxtcrrj7p4ICixjtgd5b8lP6yutejEQiJvBAImzgAh0rY/ZeUNSmx6T6meVUNkTysGrbfyWMrekVYXcLr4VruHfMI),Martens Fresh IQF Hash Brown 5-8  Diced White Potato Skin off.pdf (https://v5.airtableusercontent.com/v3/u/42/42/1749600000000/YO1ZQ8spUa2BK72665A4xQ/u4eaWGQ2ICeCYcudhsR_fORGQ4DjORnS-qTz2oVAkktwALTYRAZFwq3xB8AEw7M5Q-7BpjpHzZMHnJDjAoKX53wzI3jWcLR8Rs0ITMzO2xAISA6ByOkv00f6Xm8PDQpypQr1TDqVEG0xpp2L5sDJPKC7sQ2MUsN1gwaqbgPN20-vizMiaSqUfBhPb9H3zrE7TWwNyH0d58KJbMITq5f5vA/B-XFY8g1AJujQJHfLlNLIttKlYIqgzy6DkJAcuK9Adc)",,,,,PFS available upon request,1/10/2025 10:52am,,,,,,,,,
"Potatoes, Shredded (1/8""), Frozen (IQF)","Produce, Processed",Frozen Vegetables,20 lb. case,20 lb. case,Marten's Fresh,111845,Contact directly for distribution ,,Yes,,,"breakfast_potato_pos_324_V2-Copy-Copy.pdf (https://v5.airtableusercontent.com/v3/u/42/42/1749600000000/3UM72BYGNKHssFrhnSWiNg/wNHh0S0aS0yvGHiUvb0tVaZKWLLaJagACohboagOA4p-iovGkHDkHphxcM1ogOrCKRcE9ssMAGPIjbJctsfpXmC5yxB1ufR5Rf1F2TILf6hsRE_BP8LB4G-dlVSGPuae50kGrYBUo4hIW86l7k_1o5u3-_b92UR3MjpzdnvYjlnUH43t_jt_nwjte9u1q1_w/aV6HUBcZ-gh77MtBvhrInZQL54EJTRP9qBauORwKMKQ),Martens Fresh IQF 1-8 shredded hash brown-Copy.pdf (https://v5.airtableusercontent.com/v3/u/42/42/1749600000000/HSox3SjkSgN3UgJDpB6hYA/pkMhkJvR6V69CkcB9-aDRjsPT47NBbvJxj6Mt1YvleH3yFWsNLgWF4A6nkmY3lkhdRU22Xr41ZOK9cvbl2VkudNpQEF1OVSrEr_BFL3PP_6OEXfb-bZNCmbCVYDknckdIrZG6fDrTsltJhJB3GPqgBX8yHVMTFVlSqSHgrYI59h1upq5hJ_X8xt4gpnGgO5Cs6hLuV9NyNjH92YxgaTAHQ/GHHK12zmzEWIjlumKaktdNIBEL3_kRmFGXoHtQBPqF0)",,,,,PFS available upon request,1/10/2025 10:52am,,,,,,,,,
Pizza Sauce-Casa KIDS! ,"Produce, Processed",Canned Vegetables,1 gallon,4 galllons/case,Casa Visco,81319-83101,Self-distribute,,Yes,NY Grown & Certified ,,"Casa KIDS! Pizza Sell Sheet.pdf (https://v5.airtableusercontent.com/v3/u/42/42/1749600000000/e1DgbdMzB0XZEzhWOLC9lw/RY6Bsl3408yXGyoduZDQ73jjhXGZOsRpHEbKzYbjLgtwST4KQwDpIRG01_zYOEXD6ryU89ACd4OKvP2DFoXf_B7s-eScQDsCd6dmHXXodJfQAkRa3tAoWXWro3zQDXmwkj0-odCLNLICeumoMyXKBRqfUT6t3UZ52B3YCzCjdNFIPR1nWu_fg-6Do0BiuJNU/kEnJekK7ZFGgF5yQyTQ6lteCSjcF8DeANygEV22Z1jA),CN PFS - KIDS! Pizza.pdf (https://v5.airtableusercontent.com/v3/u/42/42/1749600000000/SfslNvffMrCxOiRtu50wQQ/88p2PZgxvClWZCR_a7CgrS7jY5J9YZHOjkTiULZxNbtOftZIp8rRl4rnHCAaqKxGQHUFMN3WhgfLY1JGthHxgoDsgv2fW-dJ9uqRuehdR4YPk_DSm_1bFv0dDHy9CmxjVyVopah_o3Ly8rNqdoDemKwQAKs-8iW6r47AVO1Rrfs/kYZEXUQKQfCFQDGHLTHomwqNedpyOKt2PkISH6rSUaQ)",,checked,,,,12/2/2024 9:43am,,,,,,,,,
Pasta Sauce-Casa KIDS!  ,"Produce, Processed",Canned Vegetables,1 gallon,4 gallons/case,Casa Visco,81319-83102,Self-distribute,,Yes,NY Grown & Certified ,,"Casa KIDS! Pasta sell sheet.pdf (https://v5.airtableusercontent.com/v3/u/42/42/1749600000000/hT_UFw-TAu4l2NRn_YYa2g/vPW611Ucta8rpo4LrSqAWMsGqP6do9vrJMifL_zT3bK48SSAOamBk4yAFJg8de53IMjfGVJAfd0DG55prFFt4h_rYfjiN2D8isIVNamkbqEM_qLlUAowd5u_vw7g8Rd_09NCg_VLSCvllSZXGDQveiyX0Iuwi7MqQNVnGeNiJ9PoV38MzAk-AFPefIDHfysv/xc_vQjWsBZ4vXu_dYIaT1gLkdsE2ERxZZN9FIgO63oc),CN PFS - KIDS! Pasta.pdf (https://v5.airtableusercontent.com/v3/u/42/42/1749600000000/T8nSF0iyDDsR-ANaHvs6fw/s2kY9hleW_Bym9OnlhsxpBEX-BkBxYo_ZZ38bL1a_q1kvltMM45f0a-cS5q0qQn7Gr7kA5lQ6PvbXqdzYsIJCfGmJ8QY9ogx49Xyo1KD-PNs_KwmRpRfciecsX7MAMczBGGe5QNttOO2nxpz1jrOKw2OSKH1eyEFyFVdfotqDPw/RRHRi8jHUCP7O-QsdmeaCoJO9ASGCx8wDHqPM43iJ4o)",,checked,,,,12/2/2024 9:43am,,,,,,,,,
Marinara,"Produce, Processed",Canned Vegetables,5 gallon,5 gallon,Trusted Harvest,,Hudson Harvest,,Yes,,,Trusted Harvest PFS - Marinara.pdf (https://v5.airtableusercontent.com/v3/u/42/42/1749600000000/FHWGPCB7hAoZBF150vKVgA/fqEflwLL-WsZztZlXetFtJGDUkEiG7iyzRMaB6BDv17PXBzoHQT9a76DiLrV8ToYSKicYrzYfbRwEDaF_TdvoBg40PljQ12vHhqofamaoESJer80z9Grn6zwDht64sU0R_dv02N26_xG18rStAeyeGYsP3Hn16iyhmaW0y1PdIlhbe4BVy8_WqROZTbL3YYr/ef_wvAg7KplMdJOkcQWGZbdlQ17xchdkwinAaYx3ZdE),,checked,,,,8/20/2024 4:59pm,,,,,,,,,
Tomato Basil Pasta Sauce,"Produce, Processed",Canned Vegetables,5 gallon,5 gallon,Trusted Harvest,,Hudson Harvest,,Yes,,,,PFS-Trusted Harvest Tomato Basil Sauce.pdf (https://v5.airtableusercontent.com/v3/u/42/42/1749600000000/qctoxFYqpDW4b6vZRKIlzg/uWO4HVsIaRyNWqLXHvre91STaipGA1QkKP5p12qH1DdTUzVbZRC7j4XCAoGP6iuG2qd-AzNII6rYAlXv3GFoMEwSHryqlsaYlUXAdESV4rVax4FbjoYhAQvAO6F1Dq8yuhHTw89zlWZzU4fMDQzy0M41BRhBVdvzgo9iXeBGA7NZJoc-K1AKCH7yf-IAhsHi/y5tPWQXjUfeXfwYIyD9Ly29W8qXhYNTvjLx5hj_xidw),checked,,,,8/20/2024 4:58pm,,,,,,,,,
Roasted Garlic Pasta Sauce,"Produce, Processed",Canned Vegetables,5 gallon,5 gallon,Trusted Harvest,,Hudson Harvest,,Yes,,,,PFS-Trusted Harvest Roasted Garlic Pasta Sauce.pdf (https://v5.airtableusercontent.com/v3/u/42/42/1749600000000/UDLsUytV3QXeK2NlFpfUEQ/AmJfopdM24AlCCPqzr8ATiGrXTW_eGfaLIYcFFOU5LiUx4CDC2TMuXAMWsHCV1BL4WlLYYqKIFF0Q9q3RAyST_xyYExlPkRl8jHBKJjXMf5KObDtbCajFxrxULm_ND95qmgx0clIIKZq0awOeV-NOMvChQT_RKbMAR3SRas0ixJMfnxGLXxlGCY2cSKEQmUVCWzLfjljJ4lheIyNp-0PiA/1v-hTqB66nZh2MaSBkbI93DWstsVr2TSZwLOO1FCWKQ),checked,,,,8/20/2024 4:58pm,,,,,,,,,
Pizza sauce,"Produce, Processed",Canned Vegetables,5 gallon,5 gallon,Trusted Harvest,,Hudson Harvest,,Yes,,,,Trusted Harvest PFS - Pizza Sauce 2024.pdf (https://v5.airtableusercontent.com/v3/u/42/42/1749600000000/c-rgd47uRreNiNivGC_5RQ/PhByzIcvyv5ycOM9w8OD62mFv5As-ohqlLv4plCJ4OPY3yN3amYkWITfw9qaXbdDSKATECnrhLcU9z1KcXfblP-bXPsmW9FiEgpmhekIkfW_KlM7tRJfQu0KY1VICh_3SlvdmKyg8FwJhCTaKGcL9S0xBCZGoA-ASbds7NTM101ebDyD-jiswkWt5aI6b9ZE/ggG4-MPEEQ3o3TvgpJP5t-ptVmg5QSf22hiupTFsTrM),checked,,,,8/20/2024 5:00pm,,,,,,,,,
Crushed tomatoes,"Produce, Processed",Canned Vegetables,5 gallon,5 gallon,Trusted Harvest,375,Hudson Harvest,,No,,,,PFS-Trusted Harvest Crushed Tomatoes.pdf (https://v5.airtableusercontent.com/v3/u/42/42/1749600000000/fTRVEmiOxRoowQjo5W7gDw/MAer1ggjv3IURAKw5l3NvKj5JThQIHFEWWGbGQqsO4QetZ5DsGRUDx-5UirxUf0WalzgeJ6rF-L3S6lUFvEfm7LB0nB9hQ4coapI5FO8Oeb7S8-GZj7b3G5h-7p5VdEvH8UW_8QUR1FLKRmjPn7Lsmwe3ERI8g6H4NLAaHUTf531H3D-xtbYdSvcBLRkCT3d/PhHeKCKCyuEcrpf3WFvkSkP_4uXr2EoyLrhWdgLquhA),,checked,,,9/13/2024 2:39pm,,,,,,,,,
Lion's Mane Nuggets,"Produce, Processed",Other,1 lb. bag,20 bags/cs,Flat 12 Mushrooms,,Flat 12 Mushrooms,,Yes,,,,Lions Mane Nuggets PFS.pdf (https://v5.airtableusercontent.com/v3/u/42/42/1749600000000/ZlS2xYXXepkKibp9eYc29w/NXnY9MFzaj--4wO-dEo-HSbEkkb00gODFdy4_1P6A5KS4uvED-OISgOoiKlzbq9tid3TAA6zBsSpF_NDFm9gnztc21VQgHaoDFJAauIyI8i2uNbaFOXduQK4e-faN23dRZeGD0LiWwD-MqJVO4KwTHg_txT8rv8JNTDtHN433I4/elTVWYW1L6Y5cwi9ryY6u-5pFmcH7fd4P2UGMot7odg),,,,,11/5/2024 11:19am,,,,,,,,,
Lion's Mane Patties,"Produce, Processed",Other,1 lb. bag,20 bags/cs,Flat 12 Mushrooms,,Flat 12 Mushrooms,,Yes,,,,Lions Mane Nuggets PFS.pdf (https://v5.airtableusercontent.com/v3/u/42/42/1749600000000/tppr91Okkt40xt0W2AIpAg/MkTCUhBylOnJHfa0P4cKs5Q4pmCC0t8v6KgcQczBxtOGqC8RF1sPlrvIB12rOycFTyq_A_tnUM_G_qSDX11EU94_zfzTlCFk7hVs4TUvdCdmtRfIDBtvJHO0OqlPIaRmSEwLOWAt_D9OgfW_VetrtRj3t21f_tvMi3FyRpxg4_o/HzT6HSVptMp91xV0dV2BJTtQf2xnmD5tALhOsKG8p4k),,,,,11/5/2024 11:21am,,,,,,,,,
"Lion's Mane Nuggets, Vegan, Gluten-free","Produce, Processed",Other,1 lb. bag,20 bags/cs,Flat 12 Mushrooms,,Flat 12 Mushrooms,,Yes,,,,GF_V Lions Mane Nuggets PFS.pdf (https://v5.airtableusercontent.com/v3/u/42/42/1749600000000/g5PMrN373otzgumXFMdc8A/Z_1DO2_QSoGEDYVaHnaTIJhZTEvx9afin8W6l_lHUiUJO-laG5-NC0IkKc0u5rVugicuJtifH59qDLUGOCgI_I4r9VJdAdDgCJNmlSa8lrocsKRMPQFzZJy_Ru5sNAwyvUjHX_ivK1NpgkATA99AXl5wLuSfYAVL7qLCj7agv1ScGXLYYL_9jpOE4aduCl7c/ug8WyAF4ydKBPHwJG0BXBkmIvUzkc_tocTlc6BmG3vw),,,,,11/5/2024 11:27am,,,,,,,,,
"Lion's Mane Patties, Vegan, Gluten-free","Produce, Processed",Other,1 lb. bag,20 bags/cs,Flat 12 Mushrooms,,Flat 12 Mushrooms,,Yes,,,,GF_V Lions Mane Patties PFS.pdf (https://v5.airtableusercontent.com/v3/u/42/42/1749600000000/70H8cLXNcvYk_wc7k3Rv0Q/XMtQ0jGQSZlGS_kyDFYzeICqsKxOonrgOO1Tsp3UcWLzAhKZCwLBcyTvm20lzyWu9Ccmua2OyOy1Qy_hcsn7T-VWvUUCpHVBK1PUHeJQS_OD7Q4DKCkmjeO6Iqh-V1eTTh_ah8y8ukb5BWvplU5DknWSGzxtpRphMoM-Rceujw0OpPSytnkvXUZctsEZ5AoJ/o86KPNCc_XEubHg8oHDll5FMrq6Hb-6_oH4fc4hxL1c),,,,,11/5/2024 11:28am,,,,,,,,,
"Wheat flour, all purpose",Grains & Cereals,"Cereals,Grains & Flours",25 lb. bag,,Farmer Ground,,Hudson Harvest,,Yes,,,,Farmer Ground all purpose flour.jpg (https://v5.airtableusercontent.com/v3/u/42/42/1749600000000/ie_083NjU4VxligGq1dElQ/YA63CvT7819GncwqED66tpI5RDIDO8D4urzqaxmW7B6sI7PmIMRwonxIvAwftTgz0sq1YcHXpSfdKgH4TwYlkAGygKtwIDgGSsAPXPkwWcQDgZ_7V7d-UCm6CNL2QlGxbvWLx9uQQ1NSZacwJ0VYxDjfshvRM2Jd4DEB5npRf9H3x35GgehqtneHuanU-8Y8/g7wWuo-t7OKo2FA51PrIN5rDlTcI_HTSgHWVWNtGMG4),checked,checked,,,5/29/2025 11:44am,,,,,,,,,
"Wheat berries, Organic, Red Fife",Grains & Cereals,"Cereals,Grains & Flours",50 lb. bag,50 lbs. bag,Gianforte Farms,,"Gianforte Farms,Headwater Food Hub",,Yes,NY Grown & Certified ,,Gianforte Farm F2S (1).pdf (https://v5.airtableusercontent.com/v3/u/42/42/1749600000000/zZF9-Emlg3iTJJwgEcm-Bg/SuINwuLy73j0oklzJ6lHuF1xNzjIKgDFPhTPsqYr7LAapI7CRoq7bXNcb-yY15IrtG6fm9zgIJT-HoCZUziahzJCFdEuQa2v5fmPQHf-bN4alrqPOKjGj5ivUDnCHrhMkwggfnuTHAye6SkhElWNbt3_MJAJaZVwuJSmdN4PQkQ/FACgvkYU01UzGCuaM3SrymQS3eUqS_q1f7r5ilTvG50),,,,,,4/11/2024 3:26pm,,,,,,,,,
"Wheat flour, Organic, Red Fife",Grains & Cereals,"Cereals,Grains & Flours",50 lb. bag,50 lb. bag,Gianforte Farms,,"Gianforte Farms,Headwater Food Hub",,Yes,NY Grown & Certified ,,Gianforte Farm F2S (1).pdf (https://v5.airtableusercontent.com/v3/u/42/42/1749600000000/zZF9-Emlg3iTJJwgEcm-Bg/SuINwuLy73j0oklzJ6lHuF1xNzjIKgDFPhTPsqYr7LAapI7CRoq7bXNcb-yY15IrtG6fm9zgIJT-HoCZUziahzJCFdEuQa2v5fmPQHf-bN4alrqPOKjGj5ivUDnCHrhMkwggfnuTHAye6SkhElWNbt3_MJAJaZVwuJSmdN4PQkQ/FACgvkYU01UzGCuaM3SrymQS3eUqS_q1f7r5ilTvG50),,,,,,4/11/2024 3:26pm,,,,,,,,,
"Wheat flour, Organic, Red Fife",Grains & Cereals,"Cereals,Grains & Flours",5 lb. bag,5x5 lb. cs.,Gianforte Farms,,"Gianforte Farms,Headwater Food Hub",,Yes,NY Grown & Certified ,,Gianforte Farm F2S (1).pdf (https://v5.airtableusercontent.com/v3/u/42/42/1749600000000/zZF9-Emlg3iTJJwgEcm-Bg/SuINwuLy73j0oklzJ6lHuF1xNzjIKgDFPhTPsqYr7LAapI7CRoq7bXNcb-yY15IrtG6fm9zgIJT-HoCZUziahzJCFdEuQa2v5fmPQHf-bN4alrqPOKjGj5ivUDnCHrhMkwggfnuTHAye6SkhElWNbt3_MJAJaZVwuJSmdN4PQkQ/FACgvkYU01UzGCuaM3SrymQS3eUqS_q1f7r5ilTvG50),,,,,,4/11/2024 3:26pm,,,,,,,,,
"Wheat flour, Organic, Red Fife",Grains & Cereals,"Cereals,Grains & Flours",2 lb. bag,10x2 lb. cs. ,Gianforte Farms,,"Gianforte Farms,Headwater Food Hub",,Yes,NY Grown & Certified ,,Gianforte Farm F2S (1).pdf (https://v5.airtableusercontent.com/v3/u/42/42/1749600000000/zZF9-Emlg3iTJJwgEcm-Bg/SuINwuLy73j0oklzJ6lHuF1xNzjIKgDFPhTPsqYr7LAapI7CRoq7bXNcb-yY15IrtG6fm9zgIJT-HoCZUziahzJCFdEuQa2v5fmPQHf-bN4alrqPOKjGj5ivUDnCHrhMkwggfnuTHAye6SkhElWNbt3_MJAJaZVwuJSmdN4PQkQ/FACgvkYU01UzGCuaM3SrymQS3eUqS_q1f7r5ilTvG50),,,,,,4/11/2024 3:26pm,,,,,,,,,
"Oats, Rolled, Organic",Grains & Cereals,"Cereals,Grains & Flours",40 lb. bag,40 lb. bag,Gianforte Farms,,"Gianforte Farms,Headwater Food Hub,Hudson Harvest",,Yes,NY Grown & Certified ,,Gianforte Farm F2S (1).pdf (https://v5.airtableusercontent.com/v3/u/42/42/1749600000000/zZF9-Emlg3iTJJwgEcm-Bg/SuINwuLy73j0oklzJ6lHuF1xNzjIKgDFPhTPsqYr7LAapI7CRoq7bXNcb-yY15IrtG6fm9zgIJT-HoCZUziahzJCFdEuQa2v5fmPQHf-bN4alrqPOKjGj5ivUDnCHrhMkwggfnuTHAye6SkhElWNbt3_MJAJaZVwuJSmdN4PQkQ/FACgvkYU01UzGCuaM3SrymQS3eUqS_q1f7r5ilTvG50),,,,,,5/1/2024 10:08pm,,,,,,,,,
"Oats, Rolled, Organic",Grains & Cereals,"Cereals,Grains & Flours",4 lb. bag,5x4 lb. cs.,Gianforte Farms,,"Gianforte Farms,Headwater Food Hub",,Yes,NY Grown & Certified ,,Gianforte Farm F2S (1).pdf (https://v5.airtableusercontent.com/v3/u/42/42/1749600000000/zZF9-Emlg3iTJJwgEcm-Bg/SuINwuLy73j0oklzJ6lHuF1xNzjIKgDFPhTPsqYr7LAapI7CRoq7bXNcb-yY15IrtG6fm9zgIJT-HoCZUziahzJCFdEuQa2v5fmPQHf-bN4alrqPOKjGj5ivUDnCHrhMkwggfnuTHAye6SkhElWNbt3_MJAJaZVwuJSmdN4PQkQ/FACgvkYU01UzGCuaM3SrymQS3eUqS_q1f7r5ilTvG50),,,,,,4/11/2024 3:26pm,,,,,,,,,
"Oats, Rolled, Organic",Grains & Cereals,"Cereals,Grains & Flours",1.5 lb. bag,10x1.5 lb. bag cs.,Gianforte Farms,,"Gianforte Farms,Headwater Food Hub",,Yes,NY Grown & Certified ,,Gianforte Farm F2S (1).pdf (https://v5.airtableusercontent.com/v3/u/42/42/1749600000000/zZF9-Emlg3iTJJwgEcm-Bg/SuINwuLy73j0oklzJ6lHuF1xNzjIKgDFPhTPsqYr7LAapI7CRoq7bXNcb-yY15IrtG6fm9zgIJT-HoCZUziahzJCFdEuQa2v5fmPQHf-bN4alrqPOKjGj5ivUDnCHrhMkwggfnuTHAye6SkhElWNbt3_MJAJaZVwuJSmdN4PQkQ/FACgvkYU01UzGCuaM3SrymQS3eUqS_q1f7r5ilTvG50),,,,,,4/11/2024 3:26pm,,,,,,,,,
"Flour, all purpose",Grains & Cereals,"Cereals,Grains & Flours",50 lb. bag,50 lb. bag,Milestone Mill,,Milestone Mill,,Yes,,,2025 Wholesale for Schools Product List-April 2025.pdf (https://v5.airtableusercontent.com/v3/u/42/42/1749600000000/JZYXsypnBBvcKF0hjRRAtQ/7n0AbdpwhQNaf8lEModvC-MmhLeTH7obHOmZh-vaxNsTKin1K6M3DMVYeYEG18F-pBBCrgr2yIvjtAGVl0HZrNcz6hd3PiFhGb2AunHY64fUQJe01lls-KVhy9RkxWIgY8124oZ7570gL2w-3Bd1H7dK6DoHpJXSG5_JtcVRVkPX9MhBS6__3Anr1I3beFrW_PfgKkXAHKvLXfTL10IDDA/fRaXbimP6KB-fUktBi5Y7my0mb0okxh6v0YKyT8wig8),Product Formulation Statement-ap flour.pdf (https://v5.airtableusercontent.com/v3/u/42/42/1749600000000/z8FU7jqx-VOVT-VwRoduvg/YSw0WYKu9Jwi_2bHVu0QcUQgPbdDsoGri3s_npRyzurjKjHF-FwHo36j-FeXB20NzPLZH20na7z897boKaS1PbI7itNokRohIX3QzurrIdGxIWNUtBNiHXIhtTd6mVD2M4VFTR6i2XgIM3m-zavcAX5esjLaRvR_S9LUqRkBQ9tsuu3yK-ZCyppVBoCtdbjc/sXSFTiUf5I5gqlnd8O5xfBLNUWWNFykbcBKBgN2F3ek),checked,checked,See sell sheet for delivery fees,,5/27/2025 9:26am,,,,,,,,,
"Flour, whole wheat, all purpose",Grains & Cereals,"Cereals,Grains & Flours",50 lb. bag,50 lb. bag,Milestone Mill,,Milestone Mill,,Yes,,,2025 Wholesale for Schools Product List-April 2025.pdf (https://v5.airtableusercontent.com/v3/u/42/42/1749600000000/7s0oCKdDPSEzVmA5KmE81A/HpqT6TiDO4FMblzI_QM57M5LfijWiTjDd8RymQdQY5wiG8TuwXdmgYEOkM7kwfryYhicbulKb5APFrOoIpw_M7xVRx_xHk6AQrcBiVS0eg-sEdobBtOM2MRcc6kbEqYx4ZTZQWYnJQ1FsbjxVnEl79JmR8PvWpU2ZhXOykr63hSPZJbG7r6bJFKw5LtyXhggeUWMFajr-wkSjSlEzqxScg/w-3JBvKue-VjtI8SKA2bpJWpBQcs2esa1K_6qGJ7ols),Milestone Mill-PFS-WW All Purpose.pdf (https://v5.airtableusercontent.com/v3/u/42/42/1749600000000/L9S7cd5b5nMuoShrQsK3Zw/zkiM96FEmB0zKKlYLq6kuHdJE6x2XtvCy1-5Ci4b-HBvgeq-KjCb6P8_XbS4-FbWa95UPiCAJrUwXdQTq_3ypv4MxKHY1NqN1skvjoRKhQzkyiv2mHRN7wo_g_C6lfi8S_y8ha8cLs4ZF_X2MFqBxVKl7ToQeOZ3is-nqPC5s-ge7cn9hTNhnhBPDyqT-v7Y/tCOqevKE3qRXsgPTX5wBCmpQniDrm1cY_WljYla3LPU),checked,checked,see sell sheet for delivery fees,,5/27/2025 9:25am,,,,,,,,,
Corn meal,Grains & Cereals,"Cereals,Grains & Flours",2 lb. bag,15x2 lb. bag,Milestone Mill,,Milestone Mill,,Yes,,,2025 Wholesale for Schools Product List-April 2025.pdf (https://v5.airtableusercontent.com/v3/u/42/42/1749600000000/DozdPT9Gr3yYw7xmhyPbqw/arKYd9yZuZf0SlOJ61GB_iMn3dnw59xrRU2EtRWUdeCsituwjgE6TMUCBVvk6n_24nWFhAz3WeUiLBOeKkSwSzHuaUUuHQ75VGyB_CUUXdnjD_k9D3rDDDtCopZe3MAF6Ecs1MDXrO8JDitjp5T6EdONwW0QzFKBQVfSnh2THrhaxPI60yBXOvEuxoaqDywy-HkSE0EY0Ht2w_AQUHqKow/dgG975EM6qgi8EHH2VWRsM5sUO6UQPHIb8IbceA732o),Milestone Mill-PFS-Corn Meal.pdf (https://v5.airtableusercontent.com/v3/u/42/42/1749600000000/k_10g9yzK7XwD8cEBUapAA/jgRjdbJ5-c2wWtuTAxm-rjGzVfe_xErV-sj874lX289VF2N5gwWPeFr-WM0fVpPV9ld0nrdt7CIjMmuNTTrEEM3wdbdc1GGDKlh00z715ebz1eQIiPSvOSh_Cj6UXgCMLqJgFruX4YUGrTGbHEXcvCNjJ9-66p5K50_g8DMzXYN40EwsotNqEBpnWL-qe5gK/WiTQmjJ9tNWlka9spmb8hJHEr3PXns10rykk2rBqxpI),checked,checked,see sell sheet for delivery fees,retail pack size only,5/27/2025 9:25am,,,,,,,,,
"Issa's Flame Baked Pita Chips, Whole Wheat",Grains & Cereals,"Snack Foods,Chips",2lb resealable bags,4 bags/cs,Issa's Flame Baked Pita Chips,NYS101,"US Foods Buffalo,Latina Boulevard,Renzi Foodservice,Ginsberg's Foods",USF: 6950817,Yes,NY Grown & Certified ,,"Issas_NYS k12- sell sheet.pdf (https://v5.airtableusercontent.com/v3/u/42/42/1749600000000/kSpBxbHwze0vLY0WmLdXOw/K3z4sHBdrTO5Nald_bzY0dG9Ki-bIqRdv0h309yA579GONVJvLhUsQIDn8o9s0RIenG5GmEMi397XvFbejQrcwAJX9vpbP9s3AbCQmwnLgiTzaDz-Zz18K2IRcAvPVpYh7wbaCWGNmKjwJduqpR_UzwZTRtG2dl0BQNuLj3iFM0/BpHUjWMvjjjkKw9Avx-S4NBg6oDt6GGJ5yYMYv1zU8k),ISSA'S- NYSk12 presentation.pptx (https://v5.airtableusercontent.com/v3/u/42/42/1749600000000/OHHkyxrvYm2_crM1B8u_xA/dvvPT3V3UO88EnfjmbzRK-VRNtQkfGluUJ3072JXYS4G8WF0cDNv1zc5YROxLL7vQfV8khuIjZJw0mRQDxaUyb7YF6p01tjsR6x34BkdsKcvJWCUPSHElxX-JZ6tvrnaKVPNU7GJRozuwpWB2LDrFU9yCGvq3WbUUg_RW4k8HSE/eDnNQ70SNMv-uL7uzoR5vWbB-xquOmB-bdpVbGvMlmo),Issa-s Product Info.pdf (https://v5.airtableusercontent.com/v3/u/42/42/1749600000000/QDORGadQRjmNEHCaZLkDWw/SN7wh8r3dkEklxB_hcWwY2JxLXte_bl6pP1LdsgPB0Kl-3E8NfisTGqOgXqbSwiUp2ijh2wIp-ESEnP5FIsqsL2Thmx8mgxZ_eQrDm8yZ8B3XYo37TpaEBCIpXO65D558YZtXSjeH-ZbYrOPA6z67M_dnqxchmpGDgyontV8WMw/9-X7g--e42oCJUSCPip4zk25HWarZ1-1TQms_9nJnRM)",Issa's Chips Certificate.pdf (https://v5.airtableusercontent.com/v3/u/42/42/1749600000000/Bq8cn6hIXxIrEGrCrf-7Cg/FbNNlPZafZ3pWcQlFWuIZ0Y68vKsBuVs6_ykbf4VYF2AchYYSE18zWcHqxv57kbN_MlpArdiciiftpahRB3sqAyWqdHSkN903ETbPR43M5QoriMRWaVfzvoA5qf-R8Q2K7CxQaqV3CTgOxbWq5XPLMyBWE28oCNxfpmREjZsVas/VtoNLhgjuOj3V_jLTOGbFbfCiDZmVi4sL5YU7TC8OeA),,checked,,,12/11/2024 5:44pm,,,Issa's Flame Baked Pita Chips,"Latina Boulevard, US Foods Buffalo",,,,,
"Issa's Flame Baked Pita Chips, Cinnamon Sugar",Grains & Cereals,"Snack Foods,Chips",2lb resealable bags,4 bags/cs,Issa's Flame Baked Pita Chips,NYS102,"US Foods Buffalo,Latina Boulevard,Ginsberg's Foods",USF: 5653105,Yes,NY Grown & Certified ,,"Issas_NYS k12- sell sheet.pdf (https://v5.airtableusercontent.com/v3/u/42/42/1749600000000/kSpBxbHwze0vLY0WmLdXOw/K3z4sHBdrTO5Nald_bzY0dG9Ki-bIqRdv0h309yA579GONVJvLhUsQIDn8o9s0RIenG5GmEMi397XvFbejQrcwAJX9vpbP9s3AbCQmwnLgiTzaDz-Zz18K2IRcAvPVpYh7wbaCWGNmKjwJduqpR_UzwZTRtG2dl0BQNuLj3iFM0/BpHUjWMvjjjkKw9Avx-S4NBg6oDt6GGJ5yYMYv1zU8k),ISSA'S- NYSk12 presentation.pptx (https://v5.airtableusercontent.com/v3/u/42/42/1749600000000/OHHkyxrvYm2_crM1B8u_xA/dvvPT3V3UO88EnfjmbzRK-VRNtQkfGluUJ3072JXYS4G8WF0cDNv1zc5YROxLL7vQfV8khuIjZJw0mRQDxaUyb7YF6p01tjsR6x34BkdsKcvJWCUPSHElxX-JZ6tvrnaKVPNU7GJRozuwpWB2LDrFU9yCGvq3WbUUg_RW4k8HSE/eDnNQ70SNMv-uL7uzoR5vWbB-xquOmB-bdpVbGvMlmo),Issa-s Product Info.pdf (https://v5.airtableusercontent.com/v3/u/42/42/1749600000000/QDORGadQRjmNEHCaZLkDWw/SN7wh8r3dkEklxB_hcWwY2JxLXte_bl6pP1LdsgPB0Kl-3E8NfisTGqOgXqbSwiUp2ijh2wIp-ESEnP5FIsqsL2Thmx8mgxZ_eQrDm8yZ8B3XYo37TpaEBCIpXO65D558YZtXSjeH-ZbYrOPA6z67M_dnqxchmpGDgyontV8WMw/9-X7g--e42oCJUSCPip4zk25HWarZ1-1TQms_9nJnRM)",Issa's Chips Certificate.pdf (https://v5.airtableusercontent.com/v3/u/42/42/1749600000000/xM05iL5hQvyzijfb8U3vXg/2AAnqkpoHmqn7jHB94AFnU-Ari0zt-qPZL4URCO5S0j6aEbuP59-QIgyeVVQGzic0ocxOzr30uELREzJ6gYukxoZLe7yOi84JPjQTH6OjuUHpHFmrk3mHC3HyJIb3nwTsnwAhiGABKE3f8QBz8v4-if_CX5S3CKgZNOoxhCvZSY/4EUoJvnyWQag1nqJ3DCt_75PWhNPIiyxq4Kg02wah4Q),,checked,,,12/11/2024 5:44pm,,,Issa's Flame Baked Pita Chips,"Latina Boulevard, US Foods Buffalo",,,,,
"Issa's Flame Baked Pita Chips, Spicy Harissa",Grains & Cereals,"Snack Foods,Chips",2lb resealable bags,4 bags/cs,Issa's Flame Baked Pita Chips,NYS61002,"US Foods Buffalo,Latina Boulevard,Renzi Foodservice,Ginsberg's Foods",,Yes,NY Grown & Certified ,,"Issas_NYS k12- sell sheet.pdf (https://v5.airtableusercontent.com/v3/u/42/42/1749600000000/kSpBxbHwze0vLY0WmLdXOw/K3z4sHBdrTO5Nald_bzY0dG9Ki-bIqRdv0h309yA579GONVJvLhUsQIDn8o9s0RIenG5GmEMi397XvFbejQrcwAJX9vpbP9s3AbCQmwnLgiTzaDz-Zz18K2IRcAvPVpYh7wbaCWGNmKjwJduqpR_UzwZTRtG2dl0BQNuLj3iFM0/BpHUjWMvjjjkKw9Avx-S4NBg6oDt6GGJ5yYMYv1zU8k),ISSA'S- NYSk12 presentation.pptx (https://v5.airtableusercontent.com/v3/u/42/42/1749600000000/OHHkyxrvYm2_crM1B8u_xA/dvvPT3V3UO88EnfjmbzRK-VRNtQkfGluUJ3072JXYS4G8WF0cDNv1zc5YROxLL7vQfV8khuIjZJw0mRQDxaUyb7YF6p01tjsR6x34BkdsKcvJWCUPSHElxX-JZ6tvrnaKVPNU7GJRozuwpWB2LDrFU9yCGvq3WbUUg_RW4k8HSE/eDnNQ70SNMv-uL7uzoR5vWbB-xquOmB-bdpVbGvMlmo),Issa-s Product Info.pdf (https://v5.airtableusercontent.com/v3/u/42/42/1749600000000/QDORGadQRjmNEHCaZLkDWw/SN7wh8r3dkEklxB_hcWwY2JxLXte_bl6pP1LdsgPB0Kl-3E8NfisTGqOgXqbSwiUp2ijh2wIp-ESEnP5FIsqsL2Thmx8mgxZ_eQrDm8yZ8B3XYo37TpaEBCIpXO65D558YZtXSjeH-ZbYrOPA6z67M_dnqxchmpGDgyontV8WMw/9-X7g--e42oCJUSCPip4zk25HWarZ1-1TQms_9nJnRM)",,,checked,,,12/11/2024 5:44pm,,,,,,,,,
Cheese Ravioli,Grains & Cereals,"Pasta,Cheese",40 lb.,40 lb.,WildKale,12 Y Y C 99,"WildKale,Headwater Food Hub",,Yes,,,,"Cheese Ravioli PFS.pdf (https://v5.airtableusercontent.com/v3/u/42/42/1749600000000/YqbGnTYINiiiQZoJf6EFbA/_VHB2Ubqbp9-2-W6k-NmDmzYDIsJFjVrQ-4buj1I3Fb5G90M2ul52zy1Q8yScX8uwR91zIvXxVZ0gFxy2XZbfltQM0ShIrVocw7ScxJEoADnhtfN8mBrSs9d3hZ3kTTUPkpwCXJWHzGS4UksEHacts93sB8RTL8ct__6mWlhRi8/iWp4-ZpU7qtJaIlX6iz7QaqHw_kb3ZCOSWumeTDBW6Y),Patry Flour Birkett Mills PFS.pdf (https://v5.airtableusercontent.com/v3/u/42/42/1749600000000/qG4ftZpjKD2SnhA7ejx_ZQ/UUI2PJtLGQSb_J13-92e2jJJNcC8BM4wybFrGiRliAlfJGe_c8mfDnAOIEHeb9Aqded5FKNrKLBAPQo5FsTYHYF3Ap9KZkLwsY0D21-EUC--Sm6pLjLYfv_a16jBFC7UkHNga_EJRnhXN-HMiGUHNZeQGCIsRFCzfXrZuIc_OB2LdnQfyYqOiguZY5MFPQkj/mGRP-1FmhCIKO9tqvoREJ9oO3CN_ntAQRBLTzYSwwaI),WW Flour Birkett Mills PFS.pdf (https://v5.airtableusercontent.com/v3/u/42/42/1749600000000/IF7WoFxsGQCkEyk_0c7E4A/hd3e23RS_WZ4uEjI2eSr0JM-OfGBBgVrPvtLIdlTvj66UxbT0X6DaCG7G5Tc-4ysdLRU8EqDpRJb6N6vNMohW2mhVBEtpONQy3u7E3a5dXQvqRVAkY5nMtgfEzGxcC4J2h2v4DSrZ6rT4hXtHveIsHPPdY79UeQ9JnXW4PH1ML2B9sHtvDvSp4NmRvfKMf41/yZqFX9H8Fdk0auVEq_IY3weh_Ff55b4MJfwYz-_dims)",checked,,,,5/17/2024 2:44pm,,,,,,,,,
"Sunrise Carrot Waffles, Whole Grain, Bulk",Grains & Cereals,Other,,144/cs,Kay Foods,SKU: CWGSW144NY / UPC: 658448235319,"US Foods Albany,Mivila Foods,Ginsberg's Foods,Latina Boulevard",USF: 1106351 Mivilla: 880557  Latina Boulevard: 31872,Yes,"Kosher,Halal",,NY EO 32 Products Binder.pdf (https://v5.airtableusercontent.com/v3/u/42/42/1749600000000/W7fx5J6VQVg6U-HBl7wIbw/p6gPKYe_LeHOnmC4MjR31xj-0gRpKK-1LQv37djfSc6dYeRLQ-uuA281-jRnbrwPA3-dl1V76CEeb5KClbXPUvRxvdZomcjBw4tjMGBSKCZS_a-rRRhyCJ9bg_JCs0BywdeGrli5ycCmVreTKXFPu-HeIrokOeJ6SNZOPRYh2WQ/dyWHnILSQusoED63TzPgMoLDXofxPh0HZvFcEZIeUi0),,,,"Working on more distribution options

",PFS available upon request.,5/22/2025 2:08pm,,,,,,,,,
"Sunrise Carrot Waffles, Whole Grain, Individually Wrapped",Grains & Cereals,Other,,72/cs,Kay Foods,SKU: CWGSWIW72NY / UPC: 658448235326,"US Foods Albany,Mivila Foods,Latina Boulevard,Ginsberg's Foods",Latina Boulevard: 31871,Yes,"Kosher,Halal",,NY EO 32 Products Binder.pdf (https://v5.airtableusercontent.com/v3/u/42/42/1749600000000/W7fx5J6VQVg6U-HBl7wIbw/p6gPKYe_LeHOnmC4MjR31xj-0gRpKK-1LQv37djfSc6dYeRLQ-uuA281-jRnbrwPA3-dl1V76CEeb5KClbXPUvRxvdZomcjBw4tjMGBSKCZS_a-rRRhyCJ9bg_JCs0BywdeGrli5ycCmVreTKXFPu-HeIrokOeJ6SNZOPRYh2WQ/dyWHnILSQusoED63TzPgMoLDXofxPh0HZvFcEZIeUi0),,,,"Working on more distribution options

",PFS available upon request.,5/22/2025 2:08pm,,,,,,,,,
Corn Tortillas,Grains & Cereals,Other,1 lb/pack,30 lb/case,Milestone Mill,TR30X1041,Milestone Mill,,Yes,,,2025 Wholesale for Schools Product List-April 2025.pdf (https://v5.airtableusercontent.com/v3/u/42/42/1749600000000/PZcl_Tsfhg_KFFJD0lnt-A/5YCAgB81MR8VuMLoXsxUPKfnHsPRkumduwTocSB3wA08ugkkOlTe3A1CCaCPwzyKQhJC_nJ1Ko5a3XPh_e70YL0iHkIS-1hE-hgJ1IGIfTizdB50NSxfXTVx8k-TAKruFh3wDYwZDWYoBwbewrTPI-G0WjVH6hYO3pkrdMRZ7Bku_w9cEcJS9nzNyuOvykrtaDOU2cmcjJNjlE75TqxEWw/mX6pwIfR29N8sM96Ab4A-ZYdZDOLG0JUzDLcRPPZgZo),Milestone Mill_Corn Tortillas_5.27.25 PFS.pdf (https://v5.airtableusercontent.com/v3/u/42/42/1749600000000/XizoD3qB7DL-WataSp8ZiA/loDIGBLF4UOw8yLvC87Yw-Xnm6l1CWLaqxSxZ7VbyRI6PDx6LocssyWYPzE7ZrZssUK7z5HrnFUGjTKl1uhjmFsuk9l7FZF5zDwq_m_uC34kqSVGCo2mzCnkMlOv8YkhIaWxN4obK0oSQOLTx5T1Mn6UcZFtndFYAGks1F669hwv3OLGVfaGabQDBoE0y-nknLTHvAo6jgxVLfjgXXDZWg/9dwikf9RvWanYFsoS-dZ4et6XmAUfo5hVBKmstXSHW0),checked,checked,,,5/27/2025 8:57am,,,,,,,,,
Corn Tortilla Chips,Grains & Cereals,Other,5 lb/pack,10 lb/case,Milestone Mill,TR05LB014,Milestone Mill,,Yes,,,"2025 Wholesale for Schools Product List-April 2025.pdf (https://v5.airtableusercontent.com/v3/u/42/42/1749600000000/PZcl_Tsfhg_KFFJD0lnt-A/5YCAgB81MR8VuMLoXsxUPKfnHsPRkumduwTocSB3wA08ugkkOlTe3A1CCaCPwzyKQhJC_nJ1Ko5a3XPh_e70YL0iHkIS-1hE-hgJ1IGIfTizdB50NSxfXTVx8k-TAKruFh3wDYwZDWYoBwbewrTPI-G0WjVH6hYO3pkrdMRZ7Bku_w9cEcJS9nzNyuOvykrtaDOU2cmcjJNjlE75TqxEWw/mX6pwIfR29N8sM96Ab4A-ZYdZDOLG0JUzDLcRPPZgZo),Nutirtion Label - Corn Tortilla Chips 2025.04.28.pdf (https://v5.airtableusercontent.com/v3/u/42/42/1749600000000/gBVb8EKZUZ4iXMEDQm1GkQ/WPo1V199wRzOBOCakBm08o4DMivwZh997JIkAv0dmwbghFnL4nKi0l0EciC8ce2g2ce5IVKnAK8boBfLx7tpUuX6dVVUCkb0EGrFnHOMnL-tFX_OmMUjKydlIhVcnJJdImzw6n8NqAnKQ3aDcqsUPyOBbPXrFuh5tvvOq1TTrccO9sxsSKyXAUfC4GdNr6PQmAfbSfolR87iXHmm2ZnDcA/lqdDeXV8XinuQVqUY8TzayyreYno_dvoGjw4GzGd4Fs)",Milestone Mill_Tortilla Chips_5.27.25 PFS.pdf (https://v5.airtableusercontent.com/v3/u/42/42/1749600000000/bjC1yAjPtWT-Xgm8mdBKBQ/oW1Q63sYyKrXghvsJCxbU-BaUn3_MJeD9yE9mYHauZv4PuzZRIc9TDTCfvb2tTqUxvLzZhusJhNPx58K7thGAn69whJD00qu-RHGvsFEDUM5mpiOfMDjDjJ5Ht-TkeEG0pYCQF5B1AgRgdayGcPGMtfG9Hqt_XrMuFfUw6InQJZrM32xMMvD2HFSkOccTKlAitUQ24vpf1KqD4UEWeYGDQ/bmr6PAYY9ZtwHWXcljwnPk7VenvEgkuyUA4-_8nsZBA),checked,checked,,,5/27/2025 9:21am,,,,,,,,,
"Pizza Crust, Stone-Milled, Whole Wheat",Grains & Cereals,Other,"16"" crust ",10 crusts/cs; 60 cs/pallett,One Mighty Mill,,Slate Foods,"SF 700
",No,NY Grown & Certified ,"Martens Farm NYGC Cert.pdf (https://v5.airtableusercontent.com/v3/u/42/42/1749600000000/yImqy53UJ1NJ0nCkvrK6JQ/cYsAl6yntfp0qThAHRQYL1JtzUau37_iHyW5N0J88M3gZM2DyQlWv-DQJpYfNJMwEjH2ttAgk4LAQZLFjEd7DwdYDfG3Fv_4nAc7WNM0d08t44jfnD-zQXb95Qn1mcin24tKD_GbGhfaEfsUGGg9SyYl4cq5eivUV0-5ucCtt0s/8XPTazqRP_99D8f6Ou4hzxSRYceS2WmLvixuQizy0YI),OMM NYGV Cert.pdf (https://v5.airtableusercontent.com/v3/u/42/42/1749600000000/YEnG7o-kZlGxg7SZukIJ2A/bhehqywNaNoItAy_lNyPSKu4UXGfZ0aKwxBimaqzO9AvUF3fygErzEXW0zIRC_2BrW2HHDpnBSsqMvhg1kMegZwMIXI02sfC53rtE9nthpWRA0Jd9HbAR8GkGJS_myGKFGqquHRJPtEXpTZCNYgpxIhJIqXkaH4_MycAJAC20A8/50rxDcY68NKUDozRKyVga729GFNYJYTXKxtem2lbjYc),OMM PFS.pdf (https://v5.airtableusercontent.com/v3/u/42/42/1749600000000/I2kUt17XI_0jTDNBu6upng/6TxcrENQtQI90lpuDaS7jQ11MgnyFICNBogz17dmSNi2RKUBFiSCu0EbloJzaMMxEDTETmuzqxBqN8GgrNLh8MaeE0D25q0dLEt19uSXRFaLOduP0st8T7lPMFQzQQURvwnsnhgh4cGWkgtUuxIp6t4T06wOvoCsGsSSYdMi1gA/zGxkTNVetafHZ2lPRQGcxO7O4tlzWP0FxJSHTk5N3so)",PZF-4614 PIZZA SHELL - FULL SPEC SHEET 11.6.24.pdf (https://v5.airtableusercontent.com/v3/u/42/42/1749600000000/YyTY4Bm8ywUsWb74z0jluA/hTlTE2wRp3M1jtO1KkG2t34FHL326Y2dx9DKqOcdD6lpCMyMPcOv-s-FzJpJ2mn21exOifra3zhtgOhRt2CEPGLqthOyV9s_XD2bj0LecxKS47lTQ8ml2kRxPz8bfhtDUMzz0gq1Qj33Cfm60vg_moQalEX1uojl4bts-UOmJ0fpij1gByEgkVf7Rc0AcauL0O4pqh2I8NFZdavV6BDLFQ/5DYTROGSHgDkHx3ZLFxwGqPWp50NgOSEz0oCOTZpcks),PFS One Mighty Mill.pdf (https://v5.airtableusercontent.com/v3/u/42/42/1749600000000/iemHTo601Fi33cgUIoXwOw/qGXikeICH3b9iarQBd4vb9mgfSy-texa3OdJajDfn44NfucFzEGLcv26NwU8OFxw2HjxgoqUBrrNEcFgJLOMbRXHQZ8R7E5AylEJ1A7MK_4SK7c7Y0YI8ahf37kJ0TrCSI1gAaYWj_IGKbBZBqirVt8SZO-tn0KeP_s9UF-Hh8Q/XsSVH2r7kPzmeEi_e1VrLqNfiG1U0qX9qkWW9LO1B7s),,,,,12/6/2024 1:51pm,,,,,,,,,
Potato Pierogi,Grains & Cereals,"Pasta,Processed Vegetables",40 lb.,40 lb.,WildKale,,"WildKale,Headwater Food Hub",,Yes,,,,"Dagele Farms Source Letter.pdf (https://v5.airtableusercontent.com/v3/u/42/42/1749600000000/RXdt7EAI2HUs2nMAjsQxWg/fVgyHdVoq1NX2srL9hpvIuacKWtTKfNG0RN-kFl1SI_M3Q8DPBaI2pE0DVJszouqRGeZ0uLK9iGpoSxn-cEm8rSK4LhN-gD-iFYRmAK9CGz5j4rJ09pC9Q2_a8ZBE2Y8ivgvUINbI08uCgyG4ApkWgP9jMYWTTXJfJOVKfJRFo0yOxUOGy2tIvhB1y0d49CO/IddaoAf7E4nyTH2_TilBfNCVWvqmLtIZB9l_PA4HZ8Y),Potato Pierogi PFS.pdf (https://v5.airtableusercontent.com/v3/u/42/42/1749600000000/9PiLBJeJC7NIBvJxJfdH9Q/Q0_29eRN82kBcDTKXatA0tYiFnCrG5GnhwLwUDuFaFsjF7Qzj0O6kHdBwb-Jl3TIB8KpYcx0H_pIxdPo4KgxUfrQZ7U0VVz4CYrkDVJHuN2FiBKBcj1Kl3wtDF8VLUxnQKiFgzgIQG6CQ7BKxGAoYbNmtytldevWqlh_Rleq2XQ/8lXhhaFJTudDydMPL_QPGm2WK6ntCsV2VV9YwZt1xGQ),Patry Flour Birkett Mills PFS.pdf (https://v5.airtableusercontent.com/v3/u/42/42/1749600000000/PNH9_ppYs0okZE4YlOWVAg/hKqvc-hMVsWCDeRxQiZ-VD5RtJB57s3p_DzfbFbR1fI-r8G8y7ydpoMdUc1Jf6Du3_wf5mKagBTzD2HrTfMrLfgocRulSS8PjUYGPtS3EFvSOZZ4P_ZBWZuVL7jhuTzlmIM6QTTu1jl5CqtPtmiZWnnKLyFKQ9MwDtPeYvMA5IExfEMvKddGS85URzciZtwv/r1YY_sQW5vp6_Z9l9MMBwwc3WVh3n2dlWJ5KqdCtH7A),WW Flour Birkett Mills PFS.pdf (https://v5.airtableusercontent.com/v3/u/42/42/1749600000000/qi6a5-W8aiMoGusaZXz0Bw/4YBRs6AiqNslPHrkiF2-yLGjx3rPCuEPUyTcFrZpqHw-khKTsFqLpSBP1Ex-mMLufT0mRtRHRqkcp8W-lRA-0CX4ezYKx28XmKxBLjKNcMC0SixohxXKJQZNYqOTT3hcslRRXn43LRuX8GTmq0wRbcun-3WgMaf8taRKUYAlL0CXJxtPJiK0UOYKKEETf0XX/YTDm_R8d6mo5BqiSZGiOO_f4a52lk3seW79MqLQHYYg)",checked,,,04 C Y D 99,6/4/2024 2:59pm,,,,,,,,,
"Ziti, Whole Wheat",Grains & Cereals,Pasta,5 lb. bag,3 bags/cs,NYC Sfoglini Pasta Shop,,"Ace Endico,Headwater Food Hub,Self Distribute - Sfoglini,Catskills Agrarian Alliance (607CSA),Comfort Food,Hub on the Hill,Hudson Harvest,Ginsberg's Foods,Antonnuci Foods",,Yes,NY Grown & Certified ,,Sfoglini Farm to School Pasta.pdf (https://v5.airtableusercontent.com/v3/u/42/42/1749600000000/H96Wt7flQ6S81G8EG7h9bw/jYOwGmd-fCTZNy3Qh7y-IsZo2DQt4_GmUv7N82ZJN1YGCDCG4rwrNeYa9_swQegEqpCIBf7C3l2Uk7uBD7RBk8-WvGuX-3zbtvIQi7wVo_s4i_KUsHcymSHh5Vc1aAC_K84TsraH64ICEZ3i8gmwjoLBtK0TCKX1Qhpcjs2YGxI/EBuA7-Py-d1bYI_a-YiMbwZ_BirYhq7bg-BiA96wZ0Y),Sfoglini_WWMacaroni_PFS.pdf (https://v5.airtableusercontent.com/v3/u/42/42/1749600000000/XAC8xp91bO7yHUTifCXURw/iCgzhwVA15n80wipanz2Wdc2Uw7eXtEWtA3_YIEF2fhGiqjEsodjsQFXS_zCcLGUg1OQH_PUt97qQopQwf3pvLTCFSCWh3VsDn43llI3CLIe1pm5KDgwpBQviNP75ouEb_Eb-vdKmNU9rR-61_pUcklpIutTfgaQfYttvesajFMV_DucRKU_X9_-4HY5is--/DJpv6DJogMrF_kzqfO5xiygE_wIWmcDvBMEl3oDaL9Q),checked,checked,Retail pack available through Hudson Harvest,,5/29/2025 11:49am,,,,,,,,,
"Fusilli, Whole Wheat",Grains & Cereals,Pasta,5 lb. bag,3 bags/cs,NYC Sfoglini Pasta Shop,,"Ace Endico,Headwater Food Hub,Self Distribute - Sfoglini,Catskills Agrarian Alliance (607CSA),Comfort Food,Hub on the Hill,Hudson Harvest,Ginsberg's Foods,Antonnuci Foods",,Yes,NY Grown & Certified ,,Sfoglini Farm to School Pasta.pdf (https://v5.airtableusercontent.com/v3/u/42/42/1749600000000/hxxIWOfLEtdzxzbuE5XS7w/tlwOG6d4chUs3Sef6hdF_ew1Ux9YpyFegZi1l7Zxz1BZOvPlCEP0bL4KeNezeIL-plkQbBtH8HaPSsq-JdFLlkqUy3YdDgvmMR9-kZmgIPY4xDQGx9J-xh934en-UzyCCxJGY5IIJkk2-SxKkRdm_-09POR2ihFRGPcHeqnKmcI/Upc76TtaSn8vXW0f6B11jMkV1TxaEoJdNp9t_HhsZ14),Sfoglini_WWFusilli_PFS.pdf (https://v5.airtableusercontent.com/v3/u/42/42/1749600000000/JMH_ptOLVZ-HcPfKjUPnEw/d0uTudETQ6SSo26zCNwrP_cmyP-BjMaWsSBWazGjfInWkEcRWf0B_W6V2nY2CZdYbtted8jD87i5oJP410es98pRTWYg-_rL7azvPqpW4n4deqvSekNFEz65N7LW-WT1_pGurZLvLoEbCGbY_uEcd5WU8TUqaNySYPLxQAXuoMi3Ie9XgJNBt3gXGx7-yt-W/MHAeIEj8z_pidBgmHh7jK9_MhsBmsUaDkQDOJGNS4EU),checked,checked,Retail pack available through Hudson Harvest,,5/29/2025 11:49am,,,,,,,,,
"Shells, Whole Wheat",Grains & Cereals,Pasta,5 lb. bag,3 bags/cs,NYC Sfoglini Pasta Shop,,"Ace Endico,Headwater Food Hub,Self Distribute - Sfoglini,Catskills Agrarian Alliance (607CSA),Comfort Food,Hub on the Hill,Ginsberg's Foods,Antonnuci Foods",,Yes,NY Grown & Certified ,,Sfoglini Farm to School Pasta.pdf (https://v5.airtableusercontent.com/v3/u/42/42/1749600000000/BFZ2qhWf6ptlc4NlXMrMkA/myZJty296oz8Erfl89xegSd-9de_RpH0Rmj1eyvVgfAc_-jsE3u9rdde7WEKR1NS5BK5TsQT66fc7-e1r4Nj6f-BBZHqwJQMJn_CVxKcloRHrDfnJV3V62QTItXfuIY0riiVuLV6XTQ8oo0TCTtQ0ycH3aJ0Qxd1KknbPTiW190/7fuimuNrzyUft2CpDWyWuxCCXEcPZjHIbg6kltKtjrA),,,checked,,,5/29/2025 11:49am,,,,,,,,,
Zucchini Carrot Loaf,Grains & Cereals,"""Bread, Rolls, & Muffins""",13.5 lb. bag,,WildKale,,"Headwater Food Hub,WildKale",,No,,,,PFS Zucchini Carrot Loaf.pdf (https://v5.airtableusercontent.com/v3/u/42/42/1749600000000/2O-r-6tK2Pvt6zynV1cfIw/LKklWvwNuSAfCHj5YapuJjeW_fOL9-jKQTdd3OtlJN0Bodx6Q3swF1cHyAcTFIZHkpz5Wz3gw-RkPzadeGz-pM-g-R0_lydBzqxj-SLkzv_eMET8z_3dsnmxRzI3YPo0q-8j2Ifntz6uApkk8abOJOPVvOplIvehLwkVRFVKlOs/up50q0Ezitd31KXEKm0pXd5dYj6cBoMcQISEjoaQSoE),,,Liquid egg PFS available upon request,,1/8/2025 9:49am,,,,,,,,,
"Cookies, Miss Mila's Whole Wheat Chocolate Chip",Other,Snack Foods,26 g cookie,48/cs,Roc Star Ice Cream,,Gilette Creamery,,Still Under Review,NY Grown & Certified ,,"Miss Milas Whole Wheat Chocolate Chip Cookies.pdf (https://v5.airtableusercontent.com/v3/u/42/42/1749600000000/DSwOotyN0VJuiRifCIaJ5w/w_UlR3T-GuqLXG5WYcpOjVPviOA3xYIAHHnEra-Kx4R5fGrmA-iJyMeXwRJ7wzeHAv0DCxks-PGGnFVZHPOGzHNRI-gAzCm3i4MmFrnc0WD0JOTQGeq2XaxlKHbQhmyyMo5-YRuEkMJTQBolviaSLWYsLy0s0KA62z-ZxSWstaCP6O8WIGzO7cH0tSJHeMy0/p6aPL-YEMmJAA0ZBFkqdPexIrFsL5t6LvuLiSLafqA0),Miss Mila's NYS Whole Wheat Choc Chip Cookie.pdf (https://v5.airtableusercontent.com/v3/u/42/42/1749600000000/tTmKn-DwzPFXAfL0Rc4gKA/VzbZxZ2dc7EWZ6aTjtexDAtLVmG0HlwnQlI_ZMvl_7N_WkAkw3c8x8UkM0wZNKxMfDrzjFLGOqYoOU_K0RGIxByC3x1xMQOukd0W0szGKnveClCjDBakM_F_lYKdBgCzowphYEugR_BJPf-njtR-RkuvOLGh6f6dR6PY9LGPk1W1TuDFcJpb3iCltlP2sAwG/KudX0COvdJVAXA8LYt4R_TTzhYuDbH6dMW97heXNvNQ)",,,,,Keep frozen until ready to use.,4/11/2024 3:27pm,,,,,,,,,
"Potato Chip, Heavy, Sea Salt, 1oz. bag",Other,"Snack Foods,Chips",1 oz. bag,60/cs,New York Chips,6431,"Braymiller,Taratino Foods,Kecks,Mento Produce,American Fruit and Vegetable Co.,Sunset Fruit and Vegetable Packing Company,Palmer Food Service,Eden Valley Growers,Latina Boulevard,Brigiotta's Farmland Produce,US Foods Buffalo,Ginsberg's Foods",USF: 3445908,No,,,,NY Chips signed PFS.pdf (https://v5.airtableusercontent.com/v3/u/42/42/1749600000000/1EzHA_Lnbrts9bICKitfWQ/PD402_g0vbdWrSk-OrGMJZ0QFWcEYXRdqbYkJzaQm9Ikp2kuiFHTkBAG8GyoWIO1ut0TlJWUTuwf5k7G_mCIVNNV2iX2kvEc37sIhVrDRCpf9DvhDr7ZchX-PhvdHiJapMSDlbze55rupJ5lfX4syw/_jRvMILtVmVq2l7nwHH767d4Ty_x0EpeaYlMctq3Vwk),,,,,1/23/2025 3:49pm,,,New York Chips,"Braymiller, American Fruit and Vegetable Co., Brigiotta's Farmland Produce, Kecks, Latina Boulevard, Mento Produce, Palmer Food Service, Sunset Fruit and Vegetable Packing Company, Taratino Foods, US Foods Buffalo, Eden Valley Growers",,,,,
"Potato Chip, Wavy, Sea Salt and Vinegar, 1oz. bag",Other,"Snack Foods,Chips",1 oz. bag,60/cs,New York Chips,6462,"Braymiller,Taratino Foods,Kecks,Mento Produce,American Fruit and Vegetable Co.,Sunset Fruit and Vegetable Packing Company,Palmer Food Service,Eden Valley Growers,Latina Boulevard,Brigiotta's Farmland Produce,US Foods Buffalo,Ginsberg's Foods",USF: 3832266,No,,,,NY Chips signed PFS.pdf (https://v5.airtableusercontent.com/v3/u/42/42/1749600000000/1EzHA_Lnbrts9bICKitfWQ/PD402_g0vbdWrSk-OrGMJZ0QFWcEYXRdqbYkJzaQm9Ikp2kuiFHTkBAG8GyoWIO1ut0TlJWUTuwf5k7G_mCIVNNV2iX2kvEc37sIhVrDRCpf9DvhDr7ZchX-PhvdHiJapMSDlbze55rupJ5lfX4syw/_jRvMILtVmVq2l7nwHH767d4Ty_x0EpeaYlMctq3Vwk),,,,,1/23/2025 3:48pm,,,New York Chips,"Braymiller, American Fruit and Vegetable Co., Brigiotta's Farmland Produce, Kecks, Latina Boulevard, Mento Produce, Palmer Food Service, Sunset Fruit and Vegetable Packing Company, Taratino Foods, US Foods Buffalo, Eden Valley Growers",,,,,
"Potato Chip, Wavy, Dinosaur BBQ, 1oz. bag",Other,"Snack Foods,Chips",1 oz. bag,60/cs,New York Chips,6455,"Braymiller,Taratino Foods,Kecks,Mento Produce,American Fruit and Vegetable Co.,Sunset Fruit and Vegetable Packing Company,Palmer Food Service,Eden Valley Growers,Latina Boulevard,Brigiotta's Farmland Produce,US Foods Buffalo",USF: 4917525,No,,,,NY Chips signed PFS.pdf (https://v5.airtableusercontent.com/v3/u/42/42/1749600000000/1EzHA_Lnbrts9bICKitfWQ/PD402_g0vbdWrSk-OrGMJZ0QFWcEYXRdqbYkJzaQm9Ikp2kuiFHTkBAG8GyoWIO1ut0TlJWUTuwf5k7G_mCIVNNV2iX2kvEc37sIhVrDRCpf9DvhDr7ZchX-PhvdHiJapMSDlbze55rupJ5lfX4syw/_jRvMILtVmVq2l7nwHH767d4Ty_x0EpeaYlMctq3Vwk),,,,,2/27/2024 1:34pm,,,New York Chips,"Braymiller, American Fruit and Vegetable Co., Brigiotta's Farmland Produce, Kecks, Latina Boulevard, Mento Produce, Palmer Food Service, Sunset Fruit and Vegetable Packing Company, Taratino Foods, US Foods Buffalo, Eden Valley Growers",,,,,
"Potato Chip, Wavy, Anchor Bar Buffalo Chicken Wing & Sea Salt, 1oz. bag",Other,"Snack Foods,Chips",1 oz. bag,60/cs,New York Chips,6493,"Braymiller,Taratino Foods,Kecks,Mento Produce,American Fruit and Vegetable Co.,Sunset Fruit and Vegetable Packing Company,Palmer Food Service,Eden Valley Growers,Latina Boulevard,Brigiotta's Farmland Produce,US Foods Buffalo",USF: 3263949,No,,,,NY Chips signed PFS.pdf (https://v5.airtableusercontent.com/v3/u/42/42/1749600000000/1EzHA_Lnbrts9bICKitfWQ/PD402_g0vbdWrSk-OrGMJZ0QFWcEYXRdqbYkJzaQm9Ikp2kuiFHTkBAG8GyoWIO1ut0TlJWUTuwf5k7G_mCIVNNV2iX2kvEc37sIhVrDRCpf9DvhDr7ZchX-PhvdHiJapMSDlbze55rupJ5lfX4syw/_jRvMILtVmVq2l7nwHH767d4Ty_x0EpeaYlMctq3Vwk),,,,,2/27/2024 1:34pm,,,New York Chips,"Braymiller, American Fruit and Vegetable Co., Brigiotta's Farmland Produce, Kecks, Latina Boulevard, Mento Produce, Palmer Food Service, Sunset Fruit and Vegetable Packing Company, Taratino Foods, US Foods Buffalo, Eden Valley Growers",,,,,
"Potato Chip, Wavy, Sour Cream & Onion, 1oz. bag",Other,"Snack Foods,Chips",1 oz. bag,60/cs,New York Chips,6479,"Braymiller,Taratino Foods,Kecks,Mento Produce,American Fruit and Vegetable Co.,Sunset Fruit and Vegetable Packing Company,Palmer Food Service,Eden Valley Growers,Latina Boulevard,Brigiotta's Farmland Produce,US Foods Buffalo",USF: 9211023,No,,,,NY Chips signed PFS.pdf (https://v5.airtableusercontent.com/v3/u/42/42/1749600000000/1EzHA_Lnbrts9bICKitfWQ/PD402_g0vbdWrSk-OrGMJZ0QFWcEYXRdqbYkJzaQm9Ikp2kuiFHTkBAG8GyoWIO1ut0TlJWUTuwf5k7G_mCIVNNV2iX2kvEc37sIhVrDRCpf9DvhDr7ZchX-PhvdHiJapMSDlbze55rupJ5lfX4syw/_jRvMILtVmVq2l7nwHH767d4Ty_x0EpeaYlMctq3Vwk),,,,,2/27/2024 1:34pm,,,New York Chips,"Braymiller, American Fruit and Vegetable Co., Brigiotta's Farmland Produce, Kecks, Latina Boulevard, Mento Produce, Palmer Food Service, Sunset Fruit and Vegetable Packing Company, Taratino Foods, US Foods Buffalo, Eden Valley Growers",,,,,
"Potato Chip, Wavy, Sea Salt, 1oz. bag",Other,"Snack Foods,Chips",1 oz. bag,60/cs,New York Chips,6448,"Braymiller,Taratino Foods,Kecks,Mento Produce,American Fruit and Vegetable Co.,Sunset Fruit and Vegetable Packing Company,Palmer Food Service,Eden Valley Growers,Latina Boulevard,Brigiotta's Farmland Produce,US Foods Buffalo,Renzi Foodservice,Ginsberg's Foods",USF: 9773617,No,,,,NY Chips signed PFS.pdf (https://v5.airtableusercontent.com/v3/u/42/42/1749600000000/1EzHA_Lnbrts9bICKitfWQ/PD402_g0vbdWrSk-OrGMJZ0QFWcEYXRdqbYkJzaQm9Ikp2kuiFHTkBAG8GyoWIO1ut0TlJWUTuwf5k7G_mCIVNNV2iX2kvEc37sIhVrDRCpf9DvhDr7ZchX-PhvdHiJapMSDlbze55rupJ5lfX4syw/_jRvMILtVmVq2l7nwHH767d4Ty_x0EpeaYlMctq3Vwk),,,,,1/23/2025 3:48pm,,,New York Chips,"Braymiller, American Fruit and Vegetable Co., Brigiotta's Farmland Produce, Kecks, Latina Boulevard, Mento Produce, Palmer Food Service, Sunset Fruit and Vegetable Packing Company, Taratino Foods, US Foods Buffalo, Eden Valley Growers",,,,,
Crushed Tomato Sauce,Other,"Processed Vegetables,Condiments & Sauces",16 oz.,12/cs,Headwater Food Hub,,Headwater Food Hub,,Still Under Review,,Headwater Food Hub Crushed Tomato Sauce (1).pdf (https://v5.airtableusercontent.com/v3/u/42/42/1749600000000/g8FWjZJRaRopPvYY2WraWQ/6A6wrp_ohy3VvzOJbXeMYDb9_uK5LEpqkM-qXDPXgxrJC4lwNN4RE__PjdW1lMPvK0ZP_AipKcOfiFJ5BcNJaW_8aS3oezP5e0_3TvdkOAXSbr28QB8YJmR78nsD082hUSoRHsOuDPBsvxj6M5LIGv4eSZBBtflfS9m-mwEZTAK90w0v_p5ypVWDlz4vl1wK/LSN0nukQGNCbC_k7sVG99fPWbHfWwUJc25qLikbfpWo),,,,,,,2/27/2024 1:34pm,,,,,,,,,
"Breaded Onion Rings, Whole Grain",Other,"Other,Processed Vegetables",2.25 oz,30 lb case,Kay Foods,SKU: CWGBOR30NY / UPC: 65844823533,"US Foods Albany,Mivila Foods,Ginsberg's Foods,Latina Boulevard","Mivilla: 910540 
Latina Boulevard: 31870

",Yes,"Kosher,Halal",,NY EO 32 Products Binder.pdf (https://v5.airtableusercontent.com/v3/u/42/42/1749600000000/W7fx5J6VQVg6U-HBl7wIbw/p6gPKYe_LeHOnmC4MjR31xj-0gRpKK-1LQv37djfSc6dYeRLQ-uuA281-jRnbrwPA3-dl1V76CEeb5KClbXPUvRxvdZomcjBw4tjMGBSKCZS_a-rRRhyCJ9bg_JCs0BywdeGrli5ycCmVreTKXFPu-HeIrokOeJ6SNZOPRYh2WQ/dyWHnILSQusoED63TzPgMoLDXofxPh0HZvFcEZIeUi0),,,,"Working on more distribution options

",PFS available upon request.,5/22/2025 2:08pm,,,,,,,,,
"Breaded Eggplant, Whole Grain",Other,"Other,Processed Vegetables",3.6 oz,20 lb case,Kay Foods,SKU: CWGBE20NY / UPC: 658448235364,"US Foods Albany,Mivila Foods",,Yes,"Kosher,Halal",,NY EO 32 Products Binder.pdf (https://v5.airtableusercontent.com/v3/u/42/42/1749600000000/W7fx5J6VQVg6U-HBl7wIbw/p6gPKYe_LeHOnmC4MjR31xj-0gRpKK-1LQv37djfSc6dYeRLQ-uuA281-jRnbrwPA3-dl1V76CEeb5KClbXPUvRxvdZomcjBw4tjMGBSKCZS_a-rRRhyCJ9bg_JCs0BywdeGrli5ycCmVreTKXFPu-HeIrokOeJ6SNZOPRYh2WQ/dyWHnILSQusoED63TzPgMoLDXofxPh0HZvFcEZIeUi0),,,,"Working on more distribution options

",PFS available upon request.,5/22/2025 2:08pm,,,,,,,,,
"Cheese Ravioli, Round",Other,Prepared Foods,10 lb,10 lb,Codino's,431,Sysco,,Yes,,,431 NYS Large Round Ravioli_Product Spec.pdf (https://v5.airtableusercontent.com/v3/u/42/42/1749600000000/LAuCJkWAACl3e-5b0VSiFQ/xHgDCc0aFjbVMzs5psYPo-HHfq4StMJFYhS-fcZ6F4N2Y0l9VLUGAyZdUXSJ1NKqsEUSD9lSWetL-es4afk5cNjzT2ZGSisoGtSAj5NkM2fAPN9ei4p9Bu9clY42mBY_8zZEdt9YKYxB6upk5x7jNHWbvMHo2lP0jKFfCNmzMjRgEvdC53wUeGWYpuvi0P1X/maojOre2fkByuyf7yIrlYSIIJhekx8Dd5k0fRrgdavI),431 NYS Large Round Ravioli_Formulation Signed.pdf (https://v5.airtableusercontent.com/v3/u/42/42/1749600000000/Tt_7oWDWnQyd40JHroYudw/_0JOQOEb5UOrCuWHXEhAK9XZpgg51IBXyAbnsPPHsc_hk0-UPuiK2gA5U1zqHO8uRsaFbpfW66N95kIm9XWZzS2bXB1MQg74k9E_n9QHiNzANQCxz7baPkTneIXv2nm2UO10qaWrVbGmV-xg7gOh66fvEtscuWX_hQ29lhx-KtoLDlTOsDGQyj6xGA5Uo8OI8MVrPcTfz0noBW8cQ6OClQ/HRBnB8zOO33s7wP5XratW0qIBFknml35DinnKBQAJr0),checked,,,,7/26/2024 10:28am,,,,,,,,,
"Cheese Ravioli, Square",Other,Prepared Foods,10 lb,10 lb,Codino's,415,Sysco,,Yes,,,415 Square Cheese Ravioli_Product Spec.pdf (https://v5.airtableusercontent.com/v3/u/42/42/1749600000000/P96XhZGziPLu4uNZOaKyyg/N2ep0G5fXleDqG5u5-Z62btqidq5fF5S45oG3er-O5ZdSx7BlnD1spBy-xg8v6jJkz2gbXpQ-5QTFKoKTKH7IOFSPcsV9zCTuo0UA5i6RtTA_GVuLLKJrbT3ODbyDo-adEwZGNd8SPl9M1MkTxHnRr-qK8qw4j4qaswPhU79ygSwlrPJSdWMTlGuNKIvLoOI/CfEdvcl5kHFIuToOOLAp9IsUP5aWkPNiVqYoiJzHGf8),415 Square Cheese Ravioli_Formulation Signed.pdf (https://v5.airtableusercontent.com/v3/u/42/42/1749600000000/NFSn0kL_cUOc-TK9vifCxg/6z2I-EzmGe-WWB76tCoNmzjQ_V08zL0Cit8iFj8Vg0Th9KXBVibNmpQq-wha3BeObmkxJfjG8IXxL6RP5n4MicxM6-cc1zvDusa72xo0xPPKmns86IOvd8Etj996CSQzwLrwtAMyjPJv1eD0oDFVzZ29Nz3BUs-6BaGoz_vopFgOjM7N1wKJUXLp0LllA2Ad7rPB6G8s0GEZ2EQVSzq7Bw/oeEG9x4uMx_ge7FQy0uYu55KeA2uJuDm1Rqf_XVlE6Y),checked,,,,7/26/2024 10:28am,,,,,,,,,
Stuffed Rigatoni,Other,Prepared Foods,5 lb,10 lb,Codino's,460,Sysco,,Yes,,,460 NYS Stuffed Rigatoni_Product Spec.pdf (https://v5.airtableusercontent.com/v3/u/42/42/1749600000000/AwqYbaXs2bL14Zgb6EBb5A/hwj24b7tJVbhZn-cEBpG5KVbGTuNBZ8u4gdrqoAcx2WzY9TJA86S5tPQx-ZbWl1yAx5eQqFXclK5Kd3crNvwLyAPf2icNao0aJp1GbCqpwJOjwBpA5nsn6_aU41hxKOg_BqH-BQ5ttvxt7FxOJG2Ks4Yox2WZ2MOX3051G2pMAIRp3jJ6cLwqCkggZeD-g2m/EFWv30yXYbHD6IiRD2olOHtu70lCfKPnReZh5JtW4ww),460 NYS Stuffed Rigatoni_Formulation Signed.pdf (https://v5.airtableusercontent.com/v3/u/42/42/1749600000000/o7O2DrGZhQHmWyi4PGG9VA/JyuC1EH9KCSnhxVsguT86_T5blKxIqeQquvTUlVy1x4gvJJluOgzHZdhQ8PiTBdAzxOjiBjc3XdR0L94ZOpIm4TuDREL5sBUrw3lJthWSLGciJXZyW0fyWxCKZM2Z0zPAH3X80CG2LC0WvCqy5mmxV8O9AWyll15AQb1LNu8-97aIFBzAJLsAwpfVSWy65NYtchzWPq6opxq81RKaWVWsA/U7_lFrZvaiQoslxeRT1fliVqvBsNJKdQnEQUAdPagiw),checked,,,,7/26/2024 10:28am,,,,,,,,,
Cheese Lasagna Rollettes,Other,Prepared Foods,2.625 lb,13.125 lb,Codino's,462,Sysco,,Yes,,,462 NYS Cheese Lasagna Rollups 3.5oz_Product Spec.pdf (https://v5.airtableusercontent.com/v3/u/42/42/1749600000000/oF7lLRS15fVeQ4MkK3BeCA/efIfOMOMxnnUHr3ZAEJbHsL3pJfZkGqBqv71z08agO_8U1LSeVMrzJrQi8djT5O5akmIvljFJ9WVf2mVfOla_Trof20cGjt-Kb6GwPmRFaBXGVMN3Wk_0uyo4DP9ijW7bwK6UVN8MJi5i0KTMw-4Q-XwQduFoMY40sWW30t4vIB2oQVRLxbunKjwMT7d4Ac-Bp88AK6RgOrhg3fr6MHtIw/djI7xOgDVWAqtxz3QiHM5ud1qCpXoaEkUjiC6bBieFw),462 NYS Cheese Lasagna Rollups 3.5oz_Formulation Signed.pdf (https://v5.airtableusercontent.com/v3/u/42/42/1749600000000/eJF6yksPJsKNtLixi9Y4eg/FdUNl6bHg6uU1OZ5mg2jo28_7UJFXM_XPN5FyR6TrRS98h5TCTc2_pVg7e5Jn9IGKFVN8CSTzOuj_HIpBfEZkE4LS9i_x2CynsoOIb5SG1n_5l9BLETXX8F3SEMpNVPTfTKLY5RaoN0uHtYME8ODiQuBcHmw481Ro5bScoWusp3j6qEWoNskciYq4dhcw87APkjUE_7FZbxHtbIeUxw0Ew/eneO7x46BfiNYyxuzKXaolQgqSpVRtLoU8Pk2Mj8aqA),checked,,,,7/26/2024 10:29am,,,,,,,,,
Manicotti,Other,Prepared Foods,15 pc/tray,17.5 lb,Codino's,481,Sysco,,Yes,,,481 NYS Manicotti_Product Spec.pdf (https://v5.airtableusercontent.com/v3/u/42/42/1749600000000/UQkfp1AZPavNnQSZ2kwASw/TVeUVE5KytCIErrFp1HdXVYAio41kY267ggddwEuXhCtdSWD1g-zpRP3ANYGi-N1rJjf3IjcWs88eq0b6KRLHAs7umNAonOvOicOGq2i3c4Bpkr8aKCvqKaTARHxiLdn-zhLKpQiNLC3qUadR4EEHMTR99bDm4zbbOrXJZe7q6kneanlhBj1g5aBLU0Tne0w/22EQXuy6_DJsq2LiLfk_DPEQJIATUJc-9Zx3-TGWA6w),481 NYS Manicotti_Formulation Signed.pdf (https://v5.airtableusercontent.com/v3/u/42/42/1749600000000/tRun95jtcGLuSIr-xswYew/AiM1caGyfd0jK214HxW98BwDSx0APZSVQlTp2GAHtfRyEHumpGuhxZ1R8Z406l5tULV_eiLP2bHyzGH7SO362Zm7i3EEHh13ncnVi0v7a4jqAugwex5jyNv9RiVrT9Anx_00acT3DXfgET0avC31sPlmCyOfpLSZmGWUfP5JON9NsM3kH1s2kXn0GL77eJCl/805SyNQ84XDEM6RNYp43PCfiUxV1SAqDCQw9DRM9eHk),checked,,,,7/26/2024 10:29am,,,,,,,,,
Cheese Stuffed Shells,Other,Prepared Foods,18 pc/tray,18 lb,Codino's,492,Sysco,,Yes,,,492 Stuffed Shells_Product Spec.pdf (https://v5.airtableusercontent.com/v3/u/42/42/1749600000000/YNhMluKhN2q-S1oVRN9CYQ/-UqmW3szG_hU0dOC2g7oMw-6xhCU3E7ep1VVhNStbZFanMMo04M7UkQ5WA9I0vopaYGWA8bl1Ca8z_ylHckb9yPn2JNXhGtzHXH8LLPG8hXAWkGBWjSGxw21lwkdAhPDGcSa9UCHAdu-xIm3R3cHeGW36xHIiykcR8_LSGGJZTvjABtKVcUik9QQXrUXHYm0/jVemtVrfqST_u5p-AxfRz3m7Sd3t7QpQZlu-msp-oGI),492 Stuffed Shells_Formulation Signed.pdf (https://v5.airtableusercontent.com/v3/u/42/42/1749600000000/zrFJa3v1TawhXFXMqaGN8A/gIKE4MyjRBcSQ6gARLuUzmP-I0xKKVqvMhJspTmB7I00XxrVYl67R_q3_DkvCvctnwmcQiuOoVz3p3K7whKRmOqqBHWwq7auD6Q5Nkp-Cr8LsdW0R65umkvLZhh7z9bpZORDjRwSaLFQmA0eySEGXuZceN48QEMCyjHMtH0jacynial8L87ElCZts3hRhwde/LLiihS8F2rBRYvXDAjStbwKcPHBbW4Dl-WBPuUlxpXs),checked,,,,7/26/2024 10:29am,,,,,,,,,
Maple Syrup,Other,Maple Syrup and Honey,Gallon,4/cs,Belle Hollow Farms LLC,SF 141,Slate Foods,,Yes,,,Slate Products with Detailed Specs.pdf (https://v5.airtableusercontent.com/v3/u/42/42/1749600000000/tRH4W2hI1L-801kxPyn7eA/-NE5sNMgVVoX_K4fLukD3mecWvXuy2DT4ffGCvG-mSAGuKIOasID9sj67q8Z6wYSaJZ1TpBtsjFX6pp5uukthnGuP0FEllzi3oEUcdcaCJkvkVi80xGmxXt_S1SjZuwspi1zOlko3XnB9hVdW483KDy72XH5IuCcoDSEQQBYq-g/mcuiPOIA0mQHfJliO8YgyztPB5CRLUOvZPd-dpn1im0),,,,,,8/16/2024 12:25pm,,,,,,,,,
Maple Syrup,Other,Maple Syrup and Honey,1 gallon,1 gallon,Catskill Mountain Sugar House,,Ginsberg's Foods,,Still Under Review,,,,PFS-Catskill Mountain Sugarhouse.pdf (https://v5.airtableusercontent.com/v3/u/42/42/1749600000000/7G8syC8QKEKxahyh9Nlozg/WkgzzqTS6aN37jBu3p_6JSyYb4a4Yh-asDQ3GIew26ujK63Z0fA9BGViGlsuD2oHXmmhp3wuICEojvrPR75uaDAFMM6zNSq7YDeSZbg7QBAICge1fm2QYmmMcpO5i6lG1chKG5FEQ1qZrN4rAMNPppW7S_l9ZwTxqFKALoKVnz8cG2eFdQSNKgTwx2DxNqp2/CBDKYX2fSr-JdcjIj1ZbXEuBf2bLsc8MbwFPKIfAgHg),,checked,,,12/11/2024 5:47pm,,,,,,,,,
Maple Syrup,Other,Maple Syrup and Honey,Gallon,4/cs,Off Road Maple,,Slate Foods,,Yes,,,Slate Products with Detailed Specs.pdf (https://v5.airtableusercontent.com/v3/u/42/42/1749600000000/tRH4W2hI1L-801kxPyn7eA/-NE5sNMgVVoX_K4fLukD3mecWvXuy2DT4ffGCvG-mSAGuKIOasID9sj67q8Z6wYSaJZ1TpBtsjFX6pp5uukthnGuP0FEllzi3oEUcdcaCJkvkVi80xGmxXt_S1SjZuwspi1zOlko3XnB9hVdW483KDy72XH5IuCcoDSEQQBYq-g/mcuiPOIA0mQHfJliO8YgyztPB5CRLUOvZPd-dpn1im0),,,,"Place orders directly through Slate Foods, who works with multiple delivery partners.",,8/16/2024 12:25pm,,,,,,,,,
Maple Syrup,Other,Maple Syrup and Honey,Gallon,4/cs,Sterling Valley Maple,,Headwater Food Hub,,Still Under Review,,,,,,,,,8/16/2024 12:24pm,,,,,,,,,
"Eggs, Medium, White and Brown","Dairy, Eggs, & Cheese",Eggs,,30 dozen/case,Slate Foods,,Slate Foods,,Still Under Review,NY Grown & Certified ,,,,,,,,4/11/2024 3:27pm,,,,,,,,,
"Eggs, Large","Dairy, Eggs, & Cheese",Eggs,,9 doz./cs. or flat,Stewart's Shops Corp.,,Stewart's Shops Corp.,,Still Under Review,NY Grown & Certified ,,,,,,,,4/11/2024 3:27pm,,,Stewart's Shops Corp.,Stewart's Shops Corp.,,,,,
"Bison French Onion Dip, 24 oz.","Dairy, Eggs, & Cheese",Condiments & Sauces,24 oz.,12/cs,Upstate Niagara Cooperative Inc.,9443,"Upstate Niagara Cooperative Inc.,Latina Boulevard,Renzi Foodservice,Depew Dairy,Hudson Dairy",,Yes,NY Grown & Certified ,Upstate Niagara Cooperative Certificate.pdf (https://v5.airtableusercontent.com/v3/u/42/42/1749600000000/oSLLuxiohSZ2B0ouBNVPOQ/MwKv5G_c5d_TVm0tsiXr6L5Eyr_KSTb2qbDrctYtdya6JhqNumiJPrV76uFF-a9cAnYasXv-X5CDILR7lYlAIWr2FFb8T0aZ2HajsfP6J1YvxEWq45umI-N7Zh6F5b68UlXrxYW1fSZr5gMMexC0MfK4jWo9u5lHhqVcUS4OHESJIdzg9zq9vKI0xK7HMJGe/ByczUdXTXt8RzQGlfJ3onYJytlo3gsE4UhCFYfJfyi8),Upstate 2023.pdf (https://v5.airtableusercontent.com/v3/u/42/42/1749600000000/wsNdxLYajRuA9lrCOoLNlg/HIbf7bEyGDY6yRBCs-IFPq6ibpCAO3QClJCFKqvcMTKm4wHJ1UbCNRg03mqiZR5YPFz6gdVmD7TVZz2z9atK6ArqsZ8G02CBHcoCh6VCS63IDuyroH2ORhwykxCM-BgTHQtOGxNp0ifrQ1VSeBN2kQ/fpwjcOkhUaalwg5XhUzwj2Za6QkLTWzFr7eHpJl17B8),,,,,,5/17/2024 11:58am,,,"""Upstate Niagara Cooperative, Inc.""","Hudson Dairy, Depew Dairy, ""Upstate Niagara Cooperative, Inc."", Latina Boulevard, Renzi Foodservice",,,,,
"Bison French Onion Dip, 16 oz.","Dairy, Eggs, & Cheese",Condiments & Sauces,16 oz.,12/cs,Upstate Niagara Cooperative Inc.,9670,"Upstate Niagara Cooperative Inc.,Latina Boulevard,Renzi Foodservice,Depew Dairy,Hudson Dairy",,Yes,NY Grown & Certified ,Upstate Niagara Cooperative Certificate.pdf (https://v5.airtableusercontent.com/v3/u/42/42/1749600000000/oSLLuxiohSZ2B0ouBNVPOQ/MwKv5G_c5d_TVm0tsiXr6L5Eyr_KSTb2qbDrctYtdya6JhqNumiJPrV76uFF-a9cAnYasXv-X5CDILR7lYlAIWr2FFb8T0aZ2HajsfP6J1YvxEWq45umI-N7Zh6F5b68UlXrxYW1fSZr5gMMexC0MfK4jWo9u5lHhqVcUS4OHESJIdzg9zq9vKI0xK7HMJGe/ByczUdXTXt8RzQGlfJ3onYJytlo3gsE4UhCFYfJfyi8),Upstate 2023.pdf (https://v5.airtableusercontent.com/v3/u/42/42/1749600000000/wsNdxLYajRuA9lrCOoLNlg/HIbf7bEyGDY6yRBCs-IFPq6ibpCAO3QClJCFKqvcMTKm4wHJ1UbCNRg03mqiZR5YPFz6gdVmD7TVZz2z9atK6ArqsZ8G02CBHcoCh6VCS63IDuyroH2ORhwykxCM-BgTHQtOGxNp0ifrQ1VSeBN2kQ/fpwjcOkhUaalwg5XhUzwj2Za6QkLTWzFr7eHpJl17B8),,,,,,5/17/2024 11:58am,,,"""Upstate Niagara Cooperative, Inc.""","Hudson Dairy, Depew Dairy, ""Upstate Niagara Cooperative, Inc."", Latina Boulevard, Renzi Foodservice",,,,,
"Bison French Onion Dip, 12 oz.","Dairy, Eggs, & Cheese",Condiments & Sauces,12 oz.,12/cs,Upstate Niagara Cooperative Inc.,9438,"Upstate Niagara Cooperative Inc.,Latina Boulevard,Renzi Foodservice,Depew Dairy,Hudson Dairy",,Yes,NY Grown & Certified ,Upstate Niagara Cooperative Certificate.pdf (https://v5.airtableusercontent.com/v3/u/42/42/1749600000000/oSLLuxiohSZ2B0ouBNVPOQ/MwKv5G_c5d_TVm0tsiXr6L5Eyr_KSTb2qbDrctYtdya6JhqNumiJPrV76uFF-a9cAnYasXv-X5CDILR7lYlAIWr2FFb8T0aZ2HajsfP6J1YvxEWq45umI-N7Zh6F5b68UlXrxYW1fSZr5gMMexC0MfK4jWo9u5lHhqVcUS4OHESJIdzg9zq9vKI0xK7HMJGe/ByczUdXTXt8RzQGlfJ3onYJytlo3gsE4UhCFYfJfyi8),Upstate 2023.pdf (https://v5.airtableusercontent.com/v3/u/42/42/1749600000000/wsNdxLYajRuA9lrCOoLNlg/HIbf7bEyGDY6yRBCs-IFPq6ibpCAO3QClJCFKqvcMTKm4wHJ1UbCNRg03mqiZR5YPFz6gdVmD7TVZz2z9atK6ArqsZ8G02CBHcoCh6VCS63IDuyroH2ORhwykxCM-BgTHQtOGxNp0ifrQ1VSeBN2kQ/fpwjcOkhUaalwg5XhUzwj2Za6QkLTWzFr7eHpJl17B8),,,,,,5/17/2024 11:58am,,,"""Upstate Niagara Cooperative, Inc.""","Hudson Dairy, Depew Dairy, ""Upstate Niagara Cooperative, Inc."", Latina Boulevard, Renzi Foodservice",,,,,
"NY Vintage Cheddar Cheese Bar, 12/6 oz","Dairy, Eggs, & Cheese",Cheese,,12/6 oz.,Agrimark / Cabot,,"Air Stream Foods,Ginsberg's Foods,Hillcrest Foods,Sysco Albany,US Foods Albany,Baldor Foods,Bartlett Dairy,Duso Food Distributors Inc.,J. Kings Foodservice Professionals",,Still Under Review,NY Grown & Certified ,,,,,,,,4/11/2024 3:28pm,,,Agrimark / Cabot,"Air Stream Foods, Baldor Foods, Bartlett Dairy, ""Duso Food Distributors, Inc."", Ginsberg's Foods, Hillcrest Foods, J. Kings Foodservice Professionals, Sysco Albany, US Foods Albany",,,,,
"NY Extra Sharp Yellow Cheddar Cheese Bar, 12/8 oz.","Dairy, Eggs, & Cheese",Cheese,,12/8 oz.,Agrimark / Cabot,0771,"Air Stream Foods,Ginsberg's Foods,Hillcrest Foods,Sysco Albany,US Foods Albany,Baldor Foods,Bartlett Dairy,Duso Food Distributors Inc.,J. Kings Foodservice Professionals",,Still Under Review,NY Grown & Certified ,,,,,,,,4/11/2024 3:28pm,,,Agrimark / Cabot,"Air Stream Foods, Baldor Foods, Bartlett Dairy, ""Duso Food Distributors, Inc."", Ginsberg's Foods, Hillcrest Foods, J. Kings Foodservice Professionals, Sysco Albany, US Foods Albany",,,,,
"NY Extra Sharp White Cheddar Cheese Bar, 12/8 oz.","Dairy, Eggs, & Cheese",Cheese,,12/8 oz.,Agrimark / Cabot,0771,"Air Stream Foods,Ginsberg's Foods,Hillcrest Foods,Sysco Albany,US Foods Albany,Baldor Foods,Bartlett Dairy,Duso Food Distributors Inc.,J. Kings Foodservice Professionals",,Still Under Review,NY Grown & Certified ,,,,,,,,4/11/2024 3:28pm,,,Agrimark / Cabot,"Air Stream Foods, Baldor Foods, Bartlett Dairy, ""Duso Food Distributors, Inc."", Ginsberg's Foods, Hillcrest Foods, J. Kings Foodservice Professionals, Sysco Albany, US Foods Albany",,,,,
"NY Extra Sharp Yellow Cheddar Cheese Deli Bar, 12/8 oz","Dairy, Eggs, & Cheese",Cheese,,12/8 oz.,Agrimark / Cabot,1230,"Air Stream Foods,Ginsberg's Foods,Hillcrest Foods,Sysco Albany,US Foods Albany,Baldor Foods,Bartlett Dairy,Duso Food Distributors Inc.,J. Kings Foodservice Professionals",,Still Under Review,NY Grown & Certified ,,,,,,,,4/11/2024 3:28pm,,,Agrimark / Cabot,"Air Stream Foods, Baldor Foods, Bartlett Dairy, ""Duso Food Distributors, Inc."", Ginsberg's Foods, Hillcrest Foods, J. Kings Foodservice Professionals, Sysco Albany, US Foods Albany",,,,,
"Adirondack NY White Cheddar Cheese 4x4 Parchment Bar, 12/6 oz.","Dairy, Eggs, & Cheese",Cheese,,12/6 oz.,Agrimark / Cabot,1510,"Air Stream Foods,Ginsberg's Foods,Hillcrest Foods,Sysco Albany,US Foods Albany,Baldor Foods,Bartlett Dairy,Duso Food Distributors Inc.,J. Kings Foodservice Professionals",,Still Under Review,NY Grown & Certified ,,,,,,,,4/11/2024 3:28pm,,,Agrimark / Cabot,"Air Stream Foods, Baldor Foods, Bartlett Dairy, ""Duso Food Distributors, Inc."", Ginsberg's Foods, Hillcrest Foods, J. Kings Foodservice Professionals, Sysco Albany, US Foods Albany",,,,,
"NY Extra Sharp White Cheddar Cheese Brick, Vertical Display, 6/2 lb.","Dairy, Eggs, & Cheese",Cheese,,6/2 lb.,Agrimark / Cabot,1779,"Air Stream Foods,Ginsberg's Foods,Hillcrest Foods,Sysco Albany,US Foods Albany,Baldor Foods,Bartlett Dairy,Duso Food Distributors Inc.,J. Kings Foodservice Professionals",,Still Under Review,NY Grown & Certified ,,,,,,,,4/11/2024 3:28pm,,,Agrimark / Cabot,"Air Stream Foods, Baldor Foods, Bartlett Dairy, ""Duso Food Distributors, Inc."", Ginsberg's Foods, Hillcrest Foods, J. Kings Foodservice Professionals, Sysco Albany, US Foods Albany",,,,,
"NY Extra Sharp White Cheddar Cheese, Shredded, 12/8 oz.","Dairy, Eggs, & Cheese",Cheese,,12/8 oz.,Agrimark / Cabot,1228,"Air Stream Foods,Ginsberg's Foods,Hillcrest Foods,Sysco Albany,US Foods Albany,Baldor Foods,Bartlett Dairy,Duso Food Distributors Inc.,J. Kings Foodservice Professionals",,Still Under Review,NY Grown & Certified ,,,,,,,,4/11/2024 3:28pm,,,Agrimark / Cabot,"Air Stream Foods, Baldor Foods, Bartlett Dairy, ""Duso Food Distributors, Inc."", Ginsberg's Foods, Hillcrest Foods, J. Kings Foodservice Professionals, Sysco Albany, US Foods Albany",,,,,
"NY Extra Sharp Yellow Shingled Cheese Slices, 12/7 oz.","Dairy, Eggs, & Cheese",Cheese,,12/7 oz.,Agrimark / Cabot,1945,"Air Stream Foods,Ginsberg's Foods,Hillcrest Foods,Sysco Albany,US Foods Albany,Baldor Foods,Bartlett Dairy,Duso Food Distributors Inc.,J. Kings Foodservice Professionals",,Still Under Review,NY Grown & Certified ,,,,,,,,4/11/2024 3:28pm,,,Agrimark / Cabot,"Air Stream Foods, Baldor Foods, Bartlett Dairy, ""Duso Food Distributors, Inc."", Ginsberg's Foods, Hillcrest Foods, J. Kings Foodservice Professionals, Sysco Albany, US Foods Albany",,,,,
"NY Extra Sharp White Cheddar Cheese Slices, Stacked, 12/8 oz.","Dairy, Eggs, & Cheese",Cheese,,12/8 oz.,Agrimark / Cabot,1229,"Air Stream Foods,Ginsberg's Foods,Hillcrest Foods,Sysco Albany,US Foods Albany,Baldor Foods,Bartlett Dairy,Duso Food Distributors Inc.,J. Kings Foodservice Professionals",,Still Under Review,NY Grown & Certified ,,,,,,,,4/11/2024 3:28pm,,,Agrimark / Cabot,"Air Stream Foods, Baldor Foods, Bartlett Dairy, ""Duso Food Distributors, Inc."", Ginsberg's Foods, Hillcrest Foods, J. Kings Foodservice Professionals, Sysco Albany, US Foods Albany",,,,,
NY Extra Sharp Yellow Cheddar Cheese Snack Sticks,"Dairy, Eggs, & Cheese",Cheese,,12/7.5 oz.,Agrimark / Cabot,1954,"Air Stream Foods,Ginsberg's Foods,Hillcrest Foods,Sysco Albany,US Foods Albany,Baldor Foods,Bartlett Dairy,Duso Food Distributors Inc.,J. Kings Foodservice Professionals",,Still Under Review,NY Grown & Certified ,,,,,,,,4/11/2024 3:28pm,,,Agrimark / Cabot,"Air Stream Foods, Baldor Foods, Bartlett Dairy, ""Duso Food Distributors, Inc."", Ginsberg's Foods, Hillcrest Foods, J. Kings Foodservice Professionals, Sysco Albany, US Foods Albany",,,,,
"Mild Yellow Cheddar Cheese Block, McCadam","Dairy, Eggs, & Cheese",Cheese,,44 lbs.,Agrimark / Cabot,8910,"Air Stream Foods,Ginsberg's Foods,Hillcrest Foods,Sysco Albany,US Foods Albany,Baldor Foods,Bartlett Dairy,Duso Food Distributors Inc.,J. Kings Foodservice Professionals",,Still Under Review,NY Grown & Certified ,,,,,,,,4/11/2024 3:28pm,,,Agrimark / Cabot,"Air Stream Foods, Baldor Foods, Bartlett Dairy, ""Duso Food Distributors, Inc."", Ginsberg's Foods, Hillcrest Foods, J. Kings Foodservice Professionals, Sysco Albany, US Foods Albany",,,,,
"Sharp Yellow Cheddar Cheese Block, McCadam","Dairy, Eggs, & Cheese",Cheese,,44 lbs.,Agrimark / Cabot,8942,"Air Stream Foods,Ginsberg's Foods,Hillcrest Foods,Sysco Albany,US Foods Albany,Baldor Foods,Bartlett Dairy,Duso Food Distributors Inc.,J. Kings Foodservice Professionals",,Still Under Review,NY Grown & Certified ,,,,,,,,4/11/2024 3:28pm,,,Agrimark / Cabot,"Air Stream Foods, Baldor Foods, Bartlett Dairy, ""Duso Food Distributors, Inc."", Ginsberg's Foods, Hillcrest Foods, J. Kings Foodservice Professionals, Sysco Albany, US Foods Albany",,,,,
"Extra Sharp Yellow Cheddar Cheese Block, McCadam","Dairy, Eggs, & Cheese",Cheese,,44 lbs.,Agrimark / Cabot,8944,"Air Stream Foods,Ginsberg's Foods,Hillcrest Foods,Sysco Albany,US Foods Albany,Baldor Foods,Bartlett Dairy,Duso Food Distributors Inc.,J. Kings Foodservice Professionals",,Still Under Review,NY Grown & Certified ,,,,,,,,4/11/2024 3:28pm,,,Agrimark / Cabot,"Air Stream Foods, Baldor Foods, Bartlett Dairy, ""Duso Food Distributors, Inc."", Ginsberg's Foods, Hillcrest Foods, J. Kings Foodservice Professionals, Sysco Albany, US Foods Albany",,,,,
"Premium Yellow Cheddar Cheese Block, McCadam","Dairy, Eggs, & Cheese",Cheese,,44 lbs.,Agrimark / Cabot,8913,"Air Stream Foods,Ginsberg's Foods,Hillcrest Foods,Sysco Albany,US Foods Albany,Baldor Foods,Bartlett Dairy,Duso Food Distributors Inc.,J. Kings Foodservice Professionals",,Still Under Review,NY Grown & Certified ,,,,,,,,4/11/2024 3:28pm,,,Agrimark / Cabot,"Air Stream Foods, Baldor Foods, Bartlett Dairy, ""Duso Food Distributors, Inc."", Ginsberg's Foods, Hillcrest Foods, J. Kings Foodservice Professionals, Sysco Albany, US Foods Albany",,,,,
"Current Yellow Cheddar Cheese Block, McCadam","Dairy, Eggs, & Cheese",Cheese,,44 lbs.,Agrimark / Cabot,8925,"Air Stream Foods,Ginsberg's Foods,Hillcrest Foods,Sysco Albany,US Foods Albany,Baldor Foods,Bartlett Dairy,Duso Food Distributors Inc.,J. Kings Foodservice Professionals",,Still Under Review,NY Grown & Certified ,,,,,,,,4/11/2024 3:28pm,,,Agrimark / Cabot,"Air Stream Foods, Baldor Foods, Bartlett Dairy, ""Duso Food Distributors, Inc."", Ginsberg's Foods, Hillcrest Foods, J. Kings Foodservice Professionals, Sysco Albany, US Foods Albany",,,,,
"Current White Cheddar Cheese Block, McCadam","Dairy, Eggs, & Cheese",Cheese,,44 lbs.,Agrimark / Cabot,8919,"Air Stream Foods,Ginsberg's Foods,Hillcrest Foods,Sysco Albany,US Foods Albany,Baldor Foods,Bartlett Dairy,Duso Food Distributors Inc.,J. Kings Foodservice Professionals",,Still Under Review,NY Grown & Certified ,,,,,,,,4/11/2024 3:28pm,,,Agrimark / Cabot,"Air Stream Foods, Baldor Foods, Bartlett Dairy, ""Duso Food Distributors, Inc."", Ginsberg's Foods, Hillcrest Foods, J. Kings Foodservice Professionals, Sysco Albany, US Foods Albany",,,,,
"Mild White Cheddar Cheese Block, McCadam","Dairy, Eggs, & Cheese",Cheese,,44 lbs.,Agrimark / Cabot,8940,"Air Stream Foods,Ginsberg's Foods,Hillcrest Foods,Sysco Albany,US Foods Albany,Baldor Foods,Bartlett Dairy,Duso Food Distributors Inc.,J. Kings Foodservice Professionals",,Still Under Review,NY Grown & Certified ,,,,,,,,4/11/2024 3:28pm,,,Agrimark / Cabot,"Air Stream Foods, Baldor Foods, Bartlett Dairy, ""Duso Food Distributors, Inc."", Ginsberg's Foods, Hillcrest Foods, J. Kings Foodservice Professionals, Sysco Albany, US Foods Albany",,,,,
"Medium White Cheddar Cheese Block, McCadam","Dairy, Eggs, & Cheese",Cheese,,44 lbs.,Agrimark / Cabot,8267,"Air Stream Foods,Ginsberg's Foods,Hillcrest Foods,Sysco Albany,US Foods Albany,Baldor Foods,Bartlett Dairy,Duso Food Distributors Inc.,J. Kings Foodservice Professionals",,Still Under Review,NY Grown & Certified ,,,,,,,,4/11/2024 3:28pm,,,Agrimark / Cabot,"Air Stream Foods, Baldor Foods, Bartlett Dairy, ""Duso Food Distributors, Inc."", Ginsberg's Foods, Hillcrest Foods, J. Kings Foodservice Professionals, Sysco Albany, US Foods Albany",,,,,
"Sharp White Cheddar Cheese Block, McCadm","Dairy, Eggs, & Cheese",Cheese,,44 lbs.,Agrimark / Cabot,8941,"Air Stream Foods,Ginsberg's Foods,Hillcrest Foods,Sysco Albany,US Foods Albany,Baldor Foods,Bartlett Dairy,Duso Food Distributors Inc.,J. Kings Foodservice Professionals",,Still Under Review,NY Grown & Certified ,,,,,,,,4/11/2024 3:28pm,,,Agrimark / Cabot,"Air Stream Foods, Baldor Foods, Bartlett Dairy, ""Duso Food Distributors, Inc."", Ginsberg's Foods, Hillcrest Foods, J. Kings Foodservice Professionals, Sysco Albany, US Foods Albany",,,,,
"Extra Sharp White Cheddar Cheese Block, McCadam","Dairy, Eggs, & Cheese",Cheese,,44 lbs.,Agrimark / Cabot,8943,"Air Stream Foods,Ginsberg's Foods,Hillcrest Foods,Sysco Albany,US Foods Albany,Baldor Foods,Bartlett Dairy,Duso Food Distributors Inc.,J. Kings Foodservice Professionals",,Still Under Review,NY Grown & Certified ,,,,,,,,4/11/2024 3:28pm,,,Agrimark / Cabot,"Air Stream Foods, Baldor Foods, Bartlett Dairy, ""Duso Food Distributors, Inc."", Ginsberg's Foods, Hillcrest Foods, J. Kings Foodservice Professionals, Sysco Albany, US Foods Albany",,,,,
"Premium White Cheddar Cheese Block, McCadam","Dairy, Eggs, & Cheese",Cheese,,44 lbs.,Agrimark / Cabot,8903,"Air Stream Foods,Ginsberg's Foods,Hillcrest Foods,Sysco Albany,US Foods Albany,Baldor Foods,Bartlett Dairy,Duso Food Distributors Inc.,J. Kings Foodservice Professionals",,Still Under Review,NY Grown & Certified ,,,,,,,,4/11/2024 3:28pm,,,Agrimark / Cabot,"Air Stream Foods, Baldor Foods, Bartlett Dairy, ""Duso Food Distributors, Inc."", Ginsberg's Foods, Hillcrest Foods, J. Kings Foodservice Professionals, Sysco Albany, US Foods Albany",,,,,
"Swiss Cheese Loaf, McCadam","Dairy, Eggs, & Cheese",Cheese,,2/8 lb.,Agrimark / Cabot,8808,"Air Stream Foods,Ginsberg's Foods,Hillcrest Foods,Sysco Albany,US Foods Albany,Baldor Foods,Bartlett Dairy,Duso Food Distributors Inc.,J. Kings Foodservice Professionals",,Still Under Review,NY Grown & Certified ,,,,,,,,4/11/2024 3:28pm,,,Agrimark / Cabot,"Air Stream Foods, Baldor Foods, Bartlett Dairy, ""Duso Food Distributors, Inc."", Ginsberg's Foods, Hillcrest Foods, J. Kings Foodservice Professionals, Sysco Albany, US Foods Albany",,,,,
"Jalapeno Muenster Cheese Loaf, McCadam","Dairy, Eggs, & Cheese",Cheese,,2/5.5 lb.,Agrimark / Cabot,8279,"Air Stream Foods,Ginsberg's Foods,Hillcrest Foods,Sysco Albany,US Foods Albany,Baldor Foods,Bartlett Dairy,Duso Food Distributors Inc.,J. Kings Foodservice Professionals",,Still Under Review,NY Grown & Certified ,,,,,,,,4/11/2024 3:28pm,,,Agrimark / Cabot,"Air Stream Foods, Baldor Foods, Bartlett Dairy, ""Duso Food Distributors, Inc."", Ginsberg's Foods, Hillcrest Foods, J. Kings Foodservice Professionals, Sysco Albany, US Foods Albany",,,,,
"Muenster Cheese Loaf, 3/5.5 lb., McCadam","Dairy, Eggs, & Cheese",Cheese,,3/5.5 lb.,Agrimark / Cabot,8813,"Air Stream Foods,Ginsberg's Foods,Hillcrest Foods,Sysco Albany,US Foods Albany,Baldor Foods,Bartlett Dairy,Duso Food Distributors Inc.,J. Kings Foodservice Professionals",,Still Under Review,NY Grown & Certified ,,,,,,,,4/11/2024 3:28pm,,,Agrimark / Cabot,"Air Stream Foods, Baldor Foods, Bartlett Dairy, ""Duso Food Distributors, Inc."", Ginsberg's Foods, Hillcrest Foods, J. Kings Foodservice Professionals, Sysco Albany, US Foods Albany",,,,,
"Muenster Cheese Loaf, 6/5.5 lb, McCadam","Dairy, Eggs, & Cheese",Cheese,,6/5.5 lb.,Agrimark / Cabot,8820,"Air Stream Foods,Ginsberg's Foods,Hillcrest Foods,Sysco Albany,US Foods Albany,Baldor Foods,Bartlett Dairy,Duso Food Distributors Inc.,J. Kings Foodservice Professionals",Sysco SUPC: 1960048,Still Under Review,NY Grown & Certified ,,,,,,,,4/11/2024 3:28pm,,,Agrimark / Cabot,"Air Stream Foods, Baldor Foods, Bartlett Dairy, ""Duso Food Distributors, Inc."", Ginsberg's Foods, Hillcrest Foods, J. Kings Foodservice Professionals, Sysco Albany, US Foods Albany",,,,,
"Provolone Cheese Loaf, McCadam","Dairy, Eggs, & Cheese",Cheese,,2/6 lb.,Agrimark / Cabot,8809,"Air Stream Foods,Ginsberg's Foods,Hillcrest Foods,Sysco Albany,US Foods Albany,Baldor Foods,Bartlett Dairy,Duso Food Distributors Inc.,J. Kings Foodservice Professionals",,Still Under Review,NY Grown & Certified ,,,,,,,,4/11/2024 3:28pm,,,Agrimark / Cabot,"Air Stream Foods, Baldor Foods, Bartlett Dairy, ""Duso Food Distributors, Inc."", Ginsberg's Foods, Hillcrest Foods, J. Kings Foodservice Professionals, Sysco Albany, US Foods Albany",,,,,
"Sharp Yellow Cheddar Cheese Print, McCadam","Dairy, Eggs, & Cheese",Cheese,,10 lb. Print,Agrimark / Cabot,8259,"Air Stream Foods,Ginsberg's Foods,Hillcrest Foods,US Foods Albany,Baldor Foods,Bartlett Dairy,Duso Food Distributors Inc.,J. Kings Foodservice Professionals,Sysco Metro NY",Sysco SUPC: 919837,Still Under Review,NY Grown & Certified ,,,,,,,,4/11/2024 3:28pm,,,Agrimark / Cabot,"Air Stream Foods, Baldor Foods, Bartlett Dairy, ""Duso Food Distributors, Inc."", Ginsberg's Foods, Hillcrest Foods, J. Kings Foodservice Professionals, Sysco Metro NY, US Foods Albany",,,,,
"Extra Sharp Yellow Cheddar Cheese Print, McCadam","Dairy, Eggs, & Cheese",Cheese,,10 lb. Print,Agrimark / Cabot,8041,"Air Stream Foods,Ginsberg's Foods,Hillcrest Foods,Sysco Albany,US Foods Albany,Baldor Foods,Bartlett Dairy,Duso Food Distributors Inc.,J. Kings Foodservice Professionals",,Still Under Review,NY Grown & Certified ,,,,,,,,4/11/2024 3:28pm,,,Agrimark / Cabot,"Air Stream Foods, Baldor Foods, Bartlett Dairy, ""Duso Food Distributors, Inc."", Ginsberg's Foods, Hillcrest Foods, J. Kings Foodservice Professionals, Sysco Albany, US Foods Albany",,,,,
"Sharp White Cheddar Cheese Print, McCadam","Dairy, Eggs, & Cheese",Cheese,,10 lb. Print,Agrimark / Cabot,8261,"Air Stream Foods,Ginsberg's Foods,Hillcrest Foods,Sysco Albany,US Foods Albany,Baldor Foods,Bartlett Dairy,Duso Food Distributors Inc.,J. Kings Foodservice Professionals",,Still Under Review,NY Grown & Certified ,,,,,,,,4/11/2024 3:28pm,,,Agrimark / Cabot,"Air Stream Foods, Baldor Foods, Bartlett Dairy, ""Duso Food Distributors, Inc."", Ginsberg's Foods, Hillcrest Foods, J. Kings Foodservice Professionals, Sysco Albany, US Foods Albany",,,,,
"Extra Sharp White Cheddar Cheese Print, McCadam","Dairy, Eggs, & Cheese",Cheese,,10 lb. Print,Agrimark / Cabot,8044,"Air Stream Foods,Ginsberg's Foods,Hillcrest Foods,Sysco Albany,US Foods Albany,Baldor Foods,Bartlett Dairy,Duso Food Distributors Inc.,J. Kings Foodservice Professionals",,Still Under Review,NY Grown & Certified ,,,,,,,,4/11/2024 3:28pm,,,Agrimark / Cabot,"Air Stream Foods, Baldor Foods, Bartlett Dairy, ""Duso Food Distributors, Inc."", Ginsberg's Foods, Hillcrest Foods, J. Kings Foodservice Professionals, Sysco Albany, US Foods Albany",,,,,
"Horseradish Cheddar Cheese Print, McCadam","Dairy, Eggs, & Cheese",Cheese,,10 lb. Print,Agrimark / Cabot,8025,"Air Stream Foods,Ginsberg's Foods,Hillcrest Foods,Sysco Albany,US Foods Albany,Baldor Foods,Bartlett Dairy,Duso Food Distributors Inc.,J. Kings Foodservice Professionals",,Still Under Review,NY Grown & Certified ,,,,,,,,4/11/2024 3:28pm,,,Agrimark / Cabot,"Air Stream Foods, Baldor Foods, Bartlett Dairy, ""Duso Food Distributors, Inc."", Ginsberg's Foods, Hillcrest Foods, J. Kings Foodservice Professionals, Sysco Albany, US Foods Albany",,,,,
"Mild Yellow Cheddar Cheese Dairy Bar, McCadam","Dairy, Eggs, & Cheese",Cheese,,12/8 oz. ,Agrimark / Cabot,8007,"Air Stream Foods,Ginsberg's Foods,Hillcrest Foods,Sysco Albany,US Foods Albany,Baldor Foods,Bartlett Dairy,Duso Food Distributors Inc.,J. Kings Foodservice Professionals",,Still Under Review,NY Grown & Certified ,,,,,,,,4/11/2024 3:28pm,,,Agrimark / Cabot,"Air Stream Foods, Baldor Foods, Bartlett Dairy, ""Duso Food Distributors, Inc."", Ginsberg's Foods, Hillcrest Foods, J. Kings Foodservice Professionals, Sysco Albany, US Foods Albany",,,,,
"Sharp Yellow Cheddar Cheese Dairy Bar, McCadam","Dairy, Eggs, & Cheese",Cheese,,12/8 oz. ,Agrimark / Cabot,8008,"Air Stream Foods,Ginsberg's Foods,Hillcrest Foods,Sysco Albany,US Foods Albany,Baldor Foods,Bartlett Dairy,Duso Food Distributors Inc.,J. Kings Foodservice Professionals",,Still Under Review,NY Grown & Certified ,,,,,,,,4/11/2024 3:28pm,,,Agrimark / Cabot,"Air Stream Foods, Baldor Foods, Bartlett Dairy, ""Duso Food Distributors, Inc."", Ginsberg's Foods, Hillcrest Foods, J. Kings Foodservice Professionals, Sysco Albany, US Foods Albany",,,,,
"Extra Sharp Yellow Cheddar Cheese Dairy Bar, McCadam","Dairy, Eggs, & Cheese",Cheese,,12/8 oz. ,Agrimark / Cabot,8006,"Air Stream Foods,Ginsberg's Foods,Hillcrest Foods,Sysco Albany,US Foods Albany,Baldor Foods,Bartlett Dairy,Duso Food Distributors Inc.,J. Kings Foodservice Professionals",,Still Under Review,NY Grown & Certified ,,,,,,,,4/11/2024 3:28pm,,,Agrimark / Cabot,"Air Stream Foods, Baldor Foods, Bartlett Dairy, ""Duso Food Distributors, Inc."", Ginsberg's Foods, Hillcrest Foods, J. Kings Foodservice Professionals, Sysco Albany, US Foods Albany",,,,,
"Sharp White Cheddar Cheese Dairy Bar, McCadam","Dairy, Eggs, & Cheese",Cheese,,12/8 oz. ,Agrimark / Cabot,8010,"Air Stream Foods,Ginsberg's Foods,Hillcrest Foods,Sysco Albany,US Foods Albany,Baldor Foods,Bartlett Dairy,Duso Food Distributors Inc.,J. Kings Foodservice Professionals",,Still Under Review,NY Grown & Certified ,,,,,,,,4/11/2024 3:28pm,,,Agrimark / Cabot,"Air Stream Foods, Baldor Foods, Bartlett Dairy, ""Duso Food Distributors, Inc."", Ginsberg's Foods, Hillcrest Foods, J. Kings Foodservice Professionals, Sysco Albany, US Foods Albany",,,,,
"Extra Sharp White Cheddar Cheese Dairy Bar, McCadam","Dairy, Eggs, & Cheese",Cheese,,12/8 oz. ,Agrimark / Cabot,8013,"Air Stream Foods,Ginsberg's Foods,Hillcrest Foods,Sysco Albany,US Foods Albany,Baldor Foods,Bartlett Dairy,Duso Food Distributors Inc.,J. Kings Foodservice Professionals",,Still Under Review,NY Grown & Certified ,,,,,,,,4/11/2024 3:28pm,,,Agrimark / Cabot,"Air Stream Foods, Baldor Foods, Bartlett Dairy, ""Duso Food Distributors, Inc."", Ginsberg's Foods, Hillcrest Foods, J. Kings Foodservice Professionals, Sysco Albany, US Foods Albany",,,,,
"Adirondack Reserve White Cheddar Cheese Dairy Bar, McCadam","Dairy, Eggs, & Cheese",Cheese,,12/8 oz. ,Agrimark / Cabot,8015,"Air Stream Foods,Ginsberg's Foods,Hillcrest Foods,Sysco Albany,US Foods Albany,Baldor Foods,Bartlett Dairy,Duso Food Distributors Inc.,J. Kings Foodservice Professionals",,Still Under Review,NY Grown & Certified ,,,,,,,,4/11/2024 3:28pm,,,Agrimark / Cabot,"Air Stream Foods, Baldor Foods, Bartlett Dairy, ""Duso Food Distributors, Inc."", Ginsberg's Foods, Hillcrest Foods, J. Kings Foodservice Professionals, Sysco Albany, US Foods Albany",,,,,
"Monterey Jack Cheese Dairy Bar, McCadam","Dairy, Eggs, & Cheese",Cheese,,12/8 oz. ,Agrimark / Cabot,8012,"Air Stream Foods,Ginsberg's Foods,Hillcrest Foods,Sysco Albany,US Foods Albany,Baldor Foods,Bartlett Dairy,Duso Food Distributors Inc.,J. Kings Foodservice Professionals",,Still Under Review,NY Grown & Certified ,,,,,,,,4/11/2024 3:28pm,,,Agrimark / Cabot,"Air Stream Foods, Baldor Foods, Bartlett Dairy, ""Duso Food Distributors, Inc."", Ginsberg's Foods, Hillcrest Foods, J. Kings Foodservice Professionals, Sysco Albany, US Foods Albany",,,,,
"Muenster Cheese Dairy Bar, McCadam","Dairy, Eggs, & Cheese",Cheese,,12/8 oz. ,Agrimark / Cabot,8147,"Air Stream Foods,Ginsberg's Foods,Hillcrest Foods,Sysco Albany,US Foods Albany,Baldor Foods,Bartlett Dairy,Duso Food Distributors Inc.,J. Kings Foodservice Professionals",,Still Under Review,NY Grown & Certified ,,,,,,,,4/11/2024 3:28pm,,,Agrimark / Cabot,"Air Stream Foods, Baldor Foods, Bartlett Dairy, ""Duso Food Distributors, Inc."", Ginsberg's Foods, Hillcrest Foods, J. Kings Foodservice Professionals, Sysco Albany, US Foods Albany",,,,,
"Sharp White Cheddar Cheese Brick, McCadam","Dairy, Eggs, & Cheese",Cheese,,6/24 oz.,Agrimark / Cabot,8686,"Air Stream Foods,Ginsberg's Foods,Hillcrest Foods,Sysco Albany,US Foods Albany,Baldor Foods,Bartlett Dairy,Duso Food Distributors Inc.,J. Kings Foodservice Professionals",,Still Under Review,NY Grown & Certified ,,,,,,,,4/11/2024 3:28pm,,,Agrimark / Cabot,"Air Stream Foods, Baldor Foods, Bartlett Dairy, ""Duso Food Distributors, Inc."", Ginsberg's Foods, Hillcrest Foods, J. Kings Foodservice Professionals, Sysco Albany, US Foods Albany",,,,,
"Extra Sharp White Cheddar Cheese Brick, McCadam","Dairy, Eggs, & Cheese",Cheese,,6/24 oz.,Agrimark / Cabot,8688,"Air Stream Foods,Ginsberg's Foods,Hillcrest Foods,Sysco Albany,US Foods Albany,Baldor Foods,Bartlett Dairy,Duso Food Distributors Inc.,J. Kings Foodservice Professionals",,Still Under Review,NY Grown & Certified ,,,,,,,,4/11/2024 3:28pm,,,Agrimark / Cabot,"Air Stream Foods, Baldor Foods, Bartlett Dairy, ""Duso Food Distributors, Inc."", Ginsberg's Foods, Hillcrest Foods, J. Kings Foodservice Professionals, Sysco Albany, US Foods Albany",,,,,
"Mozzarella, Whole Milk, Low Moisture, Shredded (Belgioioso)","Dairy, Eggs, & Cheese",Cheese,5 lb.,25 lb./cs (5/5# packs),Belgioioso Cheese,76014,"Best Choice,Slate Foods,Latina Boulevard,OGS Downstate Distribution Center,Behlog & Sons Produce,Renzi Foodservice,Dagele Brothers Produce,Sysco Long Island,Sysco Metro NY,Sysco Syracuse,Sysco Albany,US Foods Albany,US Foods,Performance Food Service Metro,Performance Food Service Springfield,Palmer Food Service,Curtze Food,Jacobstein Food Service,G and C Food Service,Ginsberg's Foods,Driscoll Foods - Upstate NY (Amsterdam),Ace Endico,Ferarro Foods,DiCarlo Foods,Chef's Warehouse,Driscoll Foods - Metro NY",SF 300,Yes,NY Grown & Certified ,,Slate-Belgioioso-Polly-O Spec Sheets.pdf (https://v5.airtableusercontent.com/v3/u/42/42/1749600000000/GX5A-iJJHOw4ilXBkAAsEw/VEzG8EgyxIbCXPHLJ8J-sQQ7YY7ZBixQAOYT1DFRUs7mTPimfSrbHa-gShx4dFur6RrGQX8YEuLWw9yB4bIz7Z4KcSxpjeNjaphcJs_V71VvgiJaBVeJAFMjGSnZCsz2tiYt_PV0dyvapC0530pdCbjN5LACx3Yxbi7BJ5PVC0Ol0OMbw9uG4cavNZgurlmA/XDfZdihaEExxTOuWC1FA2po9My1ky5LWmfAHKCKjGCI),,,,,,12/11/2024 8:09am,,,,,,,,,
"Ricotta, Whole Milk ","Dairy, Eggs, & Cheese",Cheese,5 lb. tub,30 lb. (6/5# tubs),Belgioioso Cheese,77008,"Best Choice,Slate Foods,Latina Boulevard,OGS Downstate Distribution Center,Behlog & Sons Produce,Renzi Foodservice,Dagele Brothers Produce,Sysco Long Island,Sysco Metro NY,Sysco Syracuse,Sysco Albany,US Foods Albany,US Foods,Performance Food Service Metro,Performance Food Service Springfield,Palmer Food Service,Curtze Food,Jacobstein Food Service,G and C Food Service,Ginsberg's Foods,Driscoll Foods - Upstate NY (Amsterdam),Ace Endico,Ferarro Foods,DiCarlo Foods,Chef's Warehouse,Driscoll Foods - Metro NY",SF 301,Yes,NY Grown & Certified ,,Slate-Belgioioso-Polly-O Spec Sheets.pdf (https://v5.airtableusercontent.com/v3/u/42/42/1749600000000/GX5A-iJJHOw4ilXBkAAsEw/VEzG8EgyxIbCXPHLJ8J-sQQ7YY7ZBixQAOYT1DFRUs7mTPimfSrbHa-gShx4dFur6RrGQX8YEuLWw9yB4bIz7Z4KcSxpjeNjaphcJs_V71VvgiJaBVeJAFMjGSnZCsz2tiYt_PV0dyvapC0530pdCbjN5LACx3Yxbi7BJ5PVC0Ol0OMbw9uG4cavNZgurlmA/XDfZdihaEExxTOuWC1FA2po9My1ky5LWmfAHKCKjGCI),,,,,,12/11/2024 8:09am,,,,,,,,,
"Polly-O String Cheese, Part Skim ","Dairy, Eggs, & Cheese",Cheese,,30 lb./cs. (480 ct.),Belgioioso Cheese,75043,"Best Choice,Latina Boulevard,OGS Downstate Distribution Center,Behlog & Sons Produce,Renzi Foodservice,Dagele Brothers Produce,Sysco Long Island,Sysco Metro NY,Sysco Syracuse,Sysco Albany,US Foods Albany,US Foods,Performance Food Service Metro,Performance Food Service Springfield,Palmer Food Service,Curtze Food,Jacobstein Food Service,G and C Food Service,Ginsberg's Foods,Driscoll Foods - Upstate NY (Amsterdam),Ace Endico,Ferarro Foods,DiCarlo Foods,Chef's Warehouse,Driscoll Foods - Metro NY,Slate Foods",SF 302,Yes,NY Grown & Certified ,,Slate-Belgioioso-Polly-O Spec Sheets.pdf (https://v5.airtableusercontent.com/v3/u/42/42/1749600000000/GX5A-iJJHOw4ilXBkAAsEw/VEzG8EgyxIbCXPHLJ8J-sQQ7YY7ZBixQAOYT1DFRUs7mTPimfSrbHa-gShx4dFur6RrGQX8YEuLWw9yB4bIz7Z4KcSxpjeNjaphcJs_V71VvgiJaBVeJAFMjGSnZCsz2tiYt_PV0dyvapC0530pdCbjN5LACx3Yxbi7BJ5PVC0Ol0OMbw9uG4cavNZgurlmA/XDfZdihaEExxTOuWC1FA2po9My1ky5LWmfAHKCKjGCI),,,,,,12/11/2024 8:09am,,,,,,,,,
"Mozzarella, Whole Milk, Fresh (Belgioioso)","Dairy, Eggs, & Cheese",Cheese,10 lb.,10 lb. case,Belgioioso Cheese,91035,"Best Choice,Slate Foods,Latina Boulevard,OGS Downstate Distribution Center,Behlog & Sons Produce,Renzi Foodservice,Dagele Brothers Produce,Sysco Long Island,Sysco Metro NY,Sysco Syracuse,Sysco Albany,US Foods Albany,US Foods,Performance Food Service Metro,Performance Food Service Springfield,Palmer Food Service,Curtze Food,Jacobstein Food Service,G and C Food Service,Ginsberg's Foods,Driscoll Foods - Upstate NY (Amsterdam),Ace Endico,Ferarro Foods,DiCarlo Foods,Chef's Warehouse,Driscoll Foods - Metro NY","SF 303
",Yes,NY Grown & Certified ,,Slate-Belgioioso-Polly-O Spec Sheets.pdf (https://v5.airtableusercontent.com/v3/u/42/42/1749600000000/GX5A-iJJHOw4ilXBkAAsEw/VEzG8EgyxIbCXPHLJ8J-sQQ7YY7ZBixQAOYT1DFRUs7mTPimfSrbHa-gShx4dFur6RrGQX8YEuLWw9yB4bIz7Z4KcSxpjeNjaphcJs_V71VvgiJaBVeJAFMjGSnZCsz2tiYt_PV0dyvapC0530pdCbjN5LACx3Yxbi7BJ5PVC0Ol0OMbw9uG4cavNZgurlmA/XDfZdihaEExxTOuWC1FA2po9My1ky5LWmfAHKCKjGCI),,,,,,12/11/2024 8:09am,,,,,,,,,
"Mozzarella, Pesto Braid, Fresh (Belgioioso)","Dairy, Eggs, & Cheese",Cheese,8 oz.,8/8 oz.,Belgioioso Cheese,10011,"Best Choice,Slate Foods,Latina Boulevard,OGS Downstate Distribution Center,Behlog & Sons Produce,Renzi Foodservice,Dagele Brothers Produce,Sysco Long Island,Sysco Metro NY,Sysco Syracuse,Sysco Albany,US Foods Albany,US Foods,Performance Food Service Metro,Performance Food Service Springfield,Palmer Food Service,Curtze Food,Jacobstein Food Service,G and C Food Service,Ginsberg's Foods,Driscoll Foods - Upstate NY (Amsterdam),Ace Endico,Ferarro Foods,DiCarlo Foods,Chef's Warehouse,Driscoll Foods - Metro NY",,Yes,NY Grown & Certified ,,,,,,,,12/11/2024 8:09am,,,,,,,,,
"Mozzarella, Zesty Braid, Fresh (Belgioioso)","Dairy, Eggs, & Cheese",Cheese,8 oz.,8/8 oz.,Belgioioso Cheese,10013,"Best Choice,Slate Foods,Latina Boulevard,OGS Downstate Distribution Center,Behlog & Sons Produce,Renzi Foodservice,Dagele Brothers Produce,Sysco Long Island,Sysco Metro NY,Sysco Syracuse,Sysco Albany,US Foods Albany,US Foods,Performance Food Service Metro,Performance Food Service Springfield,Palmer Food Service,Curtze Food,Jacobstein Food Service,G and C Food Service,Ginsberg's Foods,Driscoll Foods - Upstate NY (Amsterdam),Ace Endico,Ferarro Foods,DiCarlo Foods,Chef's Warehouse,Driscoll Foods - Metro NY",,Yes,NY Grown & Certified ,,,,,,,,12/11/2024 8:09am,,,,,,,,,
"Mozzarella, Hatch Chili Braid, Fresh (Belgioioso)","Dairy, Eggs, & Cheese",Cheese,8 oz.,8/8 oz.,Belgioioso Cheese,10016,"Best Choice,Slate Foods,Latina Boulevard,OGS Downstate Distribution Center,Behlog & Sons Produce,Renzi Foodservice,Dagele Brothers Produce,Sysco Long Island,Sysco Metro NY,Sysco Syracuse,Sysco Albany,US Foods Albany,US Foods,Performance Food Service Metro,Performance Food Service Springfield,Palmer Food Service,Curtze Food,Jacobstein Food Service,G and C Food Service,Ginsberg's Foods,Driscoll Foods - Upstate NY (Amsterdam),Ace Endico,Ferarro Foods,DiCarlo Foods,Chef's Warehouse,Driscoll Foods - Metro NY",,Yes,NY Grown & Certified ,,,,,,,,12/11/2024 8:09am,,,,,,,,,
"Mozzarella, Zesty Marinated Braid, Fresh (Cappiello)","Dairy, Eggs, & Cheese",Cheese,8 oz.,12/8 oz.,Belgioioso Cheese,10001,"Best Choice,Slate Foods,Latina Boulevard,OGS Downstate Distribution Center,Behlog & Sons Produce,Renzi Foodservice,Dagele Brothers Produce,Sysco Long Island,Sysco Metro NY,Sysco Syracuse,Sysco Albany,US Foods Albany,US Foods,Performance Food Service Metro,Performance Food Service Springfield,Palmer Food Service,Curtze Food,Jacobstein Food Service,G and C Food Service,Ginsberg's Foods,Driscoll Foods - Upstate NY (Amsterdam),Ace Endico,Ferarro Foods,DiCarlo Foods,Chef's Warehouse,Driscoll Foods - Metro NY",,Yes,NY Grown & Certified ,,,,,,,,12/11/2024 8:09am,,,,,,,,,
"Mozzarella, Pesto Italiano Braid, Fresh (Cappiello)","Dairy, Eggs, & Cheese",Cheese,8 oz. ,12/8 oz.,Belgioioso Cheese,10007,"Best Choice,Slate Foods,Latina Boulevard,OGS Downstate Distribution Center,Behlog & Sons Produce,Renzi Foodservice,Dagele Brothers Produce,Sysco Long Island,Sysco Metro NY,Sysco Syracuse,Sysco Albany,US Foods Albany,US Foods,Performance Food Service Metro,Performance Food Service Springfield,Palmer Food Service,Curtze Food,Jacobstein Food Service,G and C Food Service,Ginsberg's Foods,Driscoll Foods - Upstate NY (Amsterdam),Ace Endico,Ferarro Foods,DiCarlo Foods,Chef's Warehouse,Driscoll Foods - Metro NY",,Yes,NY Grown & Certified ,,,,,,,,12/11/2024 8:09am,,,,,,,,,
"Mozzarella, Zesty Marinated Braid, Fresh (Cappiello)","Dairy, Eggs, & Cheese",Cheese,2-8 oz.,12/2-8 oz.,Belgioioso Cheese,12200,"Best Choice,Slate Foods,Latina Boulevard,OGS Downstate Distribution Center,Behlog & Sons Produce,Renzi Foodservice,Dagele Brothers Produce,Sysco Long Island,Sysco Metro NY,Sysco Syracuse,Sysco Albany,US Foods Albany,US Foods,Performance Food Service Metro,Performance Food Service Springfield,Palmer Food Service,Curtze Food,Jacobstein Food Service,G and C Food Service,Ginsberg's Foods,Driscoll Foods - Upstate NY (Amsterdam),Ace Endico,Ferarro Foods,DiCarlo Foods,Chef's Warehouse,Driscoll Foods - Metro NY",,Yes,NY Grown & Certified ,,,,,,,,12/11/2024 8:09am,,,,,,,,,
"Mozzarella, Zesty Marinated Braid, Fresh (Cappiello)","Dairy, Eggs, & Cheese",Cheese,8 oz.,6/8 oz.,Belgioioso Cheese,10101,"Best Choice,Slate Foods,Latina Boulevard,OGS Downstate Distribution Center,Behlog & Sons Produce,Renzi Foodservice,Dagele Brothers Produce,Sysco Long Island,Sysco Metro NY,Sysco Syracuse,Sysco Albany,US Foods Albany,US Foods,Performance Food Service Metro,Performance Food Service Springfield,Palmer Food Service,Curtze Food,Jacobstein Food Service,G and C Food Service,Ginsberg's Foods,Driscoll Foods - Upstate NY (Amsterdam),Ace Endico,Ferarro Foods,DiCarlo Foods,Chef's Warehouse,Driscoll Foods - Metro NY",,Yes,NY Grown & Certified ,,,,,,,,12/11/2024 8:09am,,,,,,,,,
"Scamorza-rella, Smoked (Belgioioso)","Dairy, Eggs, & Cheese",Cheese,8 oz.,12/8 oz.,Belgioioso Cheese,000132,"Best Choice,Slate Foods,Latina Boulevard,OGS Downstate Distribution Center,Behlog & Sons Produce,Renzi Foodservice,Dagele Brothers Produce,Sysco Long Island,Sysco Metro NY,Sysco Syracuse,Sysco Albany,US Foods Albany,US Foods,Performance Food Service Metro,Performance Food Service Springfield,Palmer Food Service,Curtze Food,Jacobstein Food Service,G and C Food Service,Ginsberg's Foods,Driscoll Foods - Upstate NY (Amsterdam),Ace Endico,Ferarro Foods,DiCarlo Foods,Chef's Warehouse,Driscoll Foods - Metro NY",,Yes,NY Grown & Certified ,,,,,,,,12/11/2024 8:09am,,,,,,,,,
Scamorza-rella (Belgioioso),"Dairy, Eggs, & Cheese",Cheese,8 oz.,12/8 oz.,Belgioioso Cheese,00133,"Best Choice,Slate Foods,Latina Boulevard,OGS Downstate Distribution Center,Behlog & Sons Produce,Renzi Foodservice,Dagele Brothers Produce,Sysco Long Island,Sysco Metro NY,Sysco Syracuse,Sysco Albany,US Foods Albany,US Foods,Performance Food Service Metro,Performance Food Service Springfield,Palmer Food Service,Curtze Food,Jacobstein Food Service,G and C Food Service,Ginsberg's Foods,Driscoll Foods - Upstate NY (Amsterdam),Ace Endico,Ferarro Foods,DiCarlo Foods,Chef's Warehouse,Driscoll Foods - Metro NY",,Yes,NY Grown & Certified ,,,,,,,,12/11/2024 8:09am,,,,,,,,,
"Scamorza-rella, Sliced Log (Belgioioso)","Dairy, Eggs, & Cheese",Cheese,8 oz. ,8/8 oz.,Belgioioso Cheese,00142,"Best Choice,Slate Foods,Latina Boulevard,OGS Downstate Distribution Center,Behlog & Sons Produce,Renzi Foodservice,Dagele Brothers Produce,Sysco Long Island,Sysco Metro NY,Sysco Syracuse,Sysco Albany,US Foods Albany,US Foods,Performance Food Service Metro,Performance Food Service Springfield,Palmer Food Service,Curtze Food,Jacobstein Food Service,G and C Food Service,Ginsberg's Foods,Driscoll Foods - Upstate NY (Amsterdam),Ace Endico,Ferarro Foods,DiCarlo Foods,Chef's Warehouse,Driscoll Foods - Metro NY",,Yes,NY Grown & Certified ,,,,,,,,12/11/2024 8:09am,,,,,,,,,
"Scamorza-rella, Smoked, Sliced Log (Belgioioso)","Dairy, Eggs, & Cheese",Cheese,8 oz.,8/8 oz.,Belgioioso Cheese,00143,"Best Choice,Slate Foods,Latina Boulevard,OGS Downstate Distribution Center,Behlog & Sons Produce,Renzi Foodservice,Dagele Brothers Produce,Sysco Long Island,Sysco Metro NY,Sysco Syracuse,Sysco Albany,US Foods Albany,US Foods,Performance Food Service Metro,Performance Food Service Springfield,Palmer Food Service,Curtze Food,Jacobstein Food Service,G and C Food Service,Ginsberg's Foods,Driscoll Foods - Upstate NY (Amsterdam),Ace Endico,Ferarro Foods,DiCarlo Foods,Chef's Warehouse,Driscoll Foods - Metro NY",,Yes,NY Grown & Certified ,,,,checked,,,,12/11/2024 8:09am,,,,,,,,,
"Mozzarella, Zesty Marinated, Sliced, Fresh, Log (Belgioioso)","Dairy, Eggs, & Cheese",Cheese,8 oz.,8/8 oz.,Belgioioso Cheese,10024,"Best Choice,Slate Foods,Latina Boulevard,OGS Downstate Distribution Center,Behlog & Sons Produce,Renzi Foodservice,Dagele Brothers Produce,Sysco Long Island,Sysco Metro NY,Sysco Syracuse,Sysco Albany,US Foods Albany,US Foods,Performance Food Service Metro,Performance Food Service Springfield,Palmer Food Service,Curtze Food,Jacobstein Food Service,G and C Food Service,Ginsberg's Foods,Driscoll Foods - Upstate NY (Amsterdam),Ace Endico,Ferarro Foods,DiCarlo Foods,Chef's Warehouse,Driscoll Foods - Metro NY",,Yes,NY Grown & Certified ,,,,,,,,12/11/2024 8:09am,,,,,,,,,
"Mozzarella, Pesto Marinated, Sliced, Fresh, Log (Belgioioso)","Dairy, Eggs, & Cheese",Cheese,8 oz.,8/8 oz.,Belgioioso Cheese,10025,"Best Choice,Slate Foods,Latina Boulevard,OGS Downstate Distribution Center,Behlog & Sons Produce,Renzi Foodservice,Dagele Brothers Produce,Sysco Long Island,Sysco Metro NY,Sysco Syracuse,Sysco Albany,US Foods Albany,US Foods,Performance Food Service Metro,Performance Food Service Springfield,Palmer Food Service,Curtze Food,Jacobstein Food Service,G and C Food Service,Ginsberg's Foods,Driscoll Foods - Upstate NY (Amsterdam),Ace Endico,Ferarro Foods,DiCarlo Foods,Chef's Warehouse,Driscoll Foods - Metro NY",,Yes,NY Grown & Certified ,,,,,,,,12/11/2024 8:09am,,,,,,,,,
"Mozzarella, Smoked, Log (Belgioioso)","Dairy, Eggs, & Cheese",Cheese,15.5 oz.,8/15.5 oz.,Belgioioso Cheese,10030,"Best Choice,Slate Foods,Latina Boulevard,OGS Downstate Distribution Center,Behlog & Sons Produce,Renzi Foodservice,Dagele Brothers Produce,Sysco Long Island,Sysco Metro NY,Sysco Syracuse,Sysco Albany,US Foods Albany,US Foods,Performance Food Service Metro,Performance Food Service Springfield,Palmer Food Service,Curtze Food,Jacobstein Food Service,G and C Food Service,Ginsberg's Foods,Driscoll Foods - Upstate NY (Amsterdam),Ace Endico,Ferarro Foods,DiCarlo Foods,Chef's Warehouse,Driscoll Foods - Metro NY",,Yes,NY Grown & Certified ,,,,,,,,12/11/2024 8:09am,,,,,,,,,
"Mozzarella, Smoked, Fresh, Ball (Belgioioso)","Dairy, Eggs, & Cheese",Cheese,8 oz.,12/8 oz.,Belgioioso Cheese,10040,"Best Choice,Slate Foods,Latina Boulevard,OGS Downstate Distribution Center,Behlog & Sons Produce,Renzi Foodservice,Dagele Brothers Produce,Sysco Long Island,Sysco Metro NY,Sysco Syracuse,Sysco Albany,US Foods Albany,US Foods,Performance Food Service Metro,Performance Food Service Springfield,Palmer Food Service,Curtze Food,Jacobstein Food Service,G and C Food Service,Ginsberg's Foods,Driscoll Foods - Upstate NY (Amsterdam),Ace Endico,Ferarro Foods,DiCarlo Foods,Chef's Warehouse,Driscoll Foods - Metro NY",,Yes,NY Grown & Certified ,,,,,,,,12/11/2024 8:09am,,,,,,,,,
"Mozzarella, Smoked, Fresh, Log (Belgioioso)","Dairy, Eggs, & Cheese",Cheese,2 lb.,6/2 lb.,Belgioioso Cheese,23200,"Best Choice,Slate Foods,Latina Boulevard,OGS Downstate Distribution Center,Behlog & Sons Produce,Renzi Foodservice,Dagele Brothers Produce,Sysco Long Island,Sysco Metro NY,Sysco Syracuse,Sysco Albany,US Foods Albany,US Foods,Performance Food Service Metro,Performance Food Service Springfield,Palmer Food Service,Curtze Food,Jacobstein Food Service,G and C Food Service,Ginsberg's Foods,Driscoll Foods - Upstate NY (Amsterdam),Ace Endico,Ferarro Foods,DiCarlo Foods,Chef's Warehouse,Driscoll Foods - Metro NY",,Yes,NY Grown & Certified ,,,,,,,,12/11/2024 8:09am,,,,,,,,,
"Mozzarella, Ball, Fresh (Cappiello)","Dairy, Eggs, & Cheese",Cheese,8 oz.,12/8 oz.,Belgioioso Cheese,10050,"Best Choice,Slate Foods,Latina Boulevard,OGS Downstate Distribution Center,Behlog & Sons Produce,Renzi Foodservice,Dagele Brothers Produce,Sysco Long Island,Sysco Metro NY,Sysco Syracuse,Sysco Albany,US Foods Albany,US Foods,Performance Food Service Metro,Performance Food Service Springfield,Palmer Food Service,Curtze Food,Jacobstein Food Service,G and C Food Service,Ginsberg's Foods,Driscoll Foods - Upstate NY (Amsterdam),Ace Endico,Ferarro Foods,DiCarlo Foods,Chef's Warehouse,Driscoll Foods - Metro NY",,Yes,NY Grown & Certified ,,,,,,,,12/11/2024 8:09am,,,,,,,,,
"Mozzarella, Ball, Smoked, Fresh (Cappiello)","Dairy, Eggs, & Cheese",Cheese,8 oz.,12/8 oz.,Belgioioso Cheese,10041,"Best Choice,Slate Foods,Latina Boulevard,OGS Downstate Distribution Center,Behlog & Sons Produce,Renzi Foodservice,Dagele Brothers Produce,Sysco Long Island,Sysco Metro NY,Sysco Syracuse,Sysco Albany,US Foods Albany,US Foods,Performance Food Service Metro,Performance Food Service Springfield,Palmer Food Service,Curtze Food,Jacobstein Food Service,G and C Food Service,Ginsberg's Foods,Driscoll Foods - Upstate NY (Amsterdam),Ace Endico,Ferarro Foods,DiCarlo Foods,Chef's Warehouse,Driscoll Foods - Metro NY",,Yes,NY Grown & Certified ,,,,,,,,12/11/2024 8:09am,,,,,,,,,
"Mozzarella, Sliced, Fresh, Log (Cappiello)","Dairy, Eggs, & Cheese",Cheese,8 oz.,12/8 oz.,Belgioioso Cheese,10055,"Best Choice,Slate Foods,Latina Boulevard,OGS Downstate Distribution Center,Behlog & Sons Produce,Renzi Foodservice,Dagele Brothers Produce,Sysco Long Island,Sysco Metro NY,Sysco Syracuse,Sysco Albany,US Foods Albany,US Foods,Performance Food Service Metro,Performance Food Service Springfield,Palmer Food Service,Curtze Food,Jacobstein Food Service,G and C Food Service,Ginsberg's Foods,Driscoll Foods - Upstate NY (Amsterdam),Ace Endico,Ferarro Foods,DiCarlo Foods,Chef's Warehouse,Driscoll Foods - Metro NY",,Yes,NY Grown & Certified ,,,,,,,,12/11/2024 8:09am,,,,,,,,,
"Mozzarella, Ball (no brand)","Dairy, Eggs, & Cheese",Cheese,3-8 oz.,3/3-8 oz.,Belgioioso Cheese,10071,"Best Choice,Slate Foods,Latina Boulevard,OGS Downstate Distribution Center,Behlog & Sons Produce,Renzi Foodservice,Dagele Brothers Produce,Sysco Long Island,Sysco Metro NY,Sysco Syracuse,Sysco Albany,US Foods Albany,US Foods,Performance Food Service Metro,Performance Food Service Springfield,Palmer Food Service,Curtze Food,Jacobstein Food Service,G and C Food Service,Ginsberg's Foods,Driscoll Foods - Upstate NY (Amsterdam),Ace Endico,Ferarro Foods,DiCarlo Foods,Chef's Warehouse,Driscoll Foods - Metro NY",,Yes,NY Grown & Certified ,,,,,,,,12/11/2024 8:09am,,,,,,,,,
"Mozzarella, Ball (generic)","Dairy, Eggs, & Cheese",Cheese,3-8 oz.,3/3-8 oz.,Belgioioso Cheese,10072,"Best Choice,Slate Foods,Latina Boulevard,OGS Downstate Distribution Center,Behlog & Sons Produce,Renzi Foodservice,Dagele Brothers Produce,Sysco Long Island,Sysco Metro NY,Sysco Syracuse,Sysco Albany,US Foods Albany,US Foods,Performance Food Service Metro,Performance Food Service Springfield,Palmer Food Service,Curtze Food,Jacobstein Food Service,G and C Food Service,Ginsberg's Foods,Driscoll Foods - Upstate NY (Amsterdam),Ace Endico,Ferarro Foods,DiCarlo Foods,Chef's Warehouse,Driscoll Foods - Metro NY",,Yes,NY Grown & Certified ,,,,,,,,12/11/2024 8:09am,,,,,,,,,
"Mozzarella, Ball, Smoked (no brand)","Dairy, Eggs, & Cheese",Cheese,3-8 oz.,3/3-8 oz.,Belgioioso Cheese,10076,"Best Choice,Slate Foods,Latina Boulevard,OGS Downstate Distribution Center,Behlog & Sons Produce,Renzi Foodservice,Dagele Brothers Produce,Sysco Long Island,Sysco Metro NY,Sysco Syracuse,Sysco Albany,US Foods Albany,US Foods,Performance Food Service Metro,Performance Food Service Springfield,Palmer Food Service,Curtze Food,Jacobstein Food Service,G and C Food Service,Ginsberg's Foods,Driscoll Foods - Upstate NY (Amsterdam),Ace Endico,Ferarro Foods,DiCarlo Foods,Chef's Warehouse,Driscoll Foods - Metro NY",,Yes,NY Grown & Certified ,,,,,,,,12/11/2024 8:09am,,,,,,,,,
"Mozzarella, Log (no brand)","Dairy, Eggs, & Cheese",Cheese,3-1 lb.,3/3-1 lb.,Belgioioso Cheese,10091,"Best Choice,Slate Foods,Latina Boulevard,OGS Downstate Distribution Center,Behlog & Sons Produce,Renzi Foodservice,Dagele Brothers Produce,Sysco Long Island,Sysco Metro NY,Sysco Syracuse,Sysco Albany,US Foods Albany,US Foods,Performance Food Service Metro,Performance Food Service Springfield,Palmer Food Service,Curtze Food,Jacobstein Food Service,G and C Food Service,Ginsberg's Foods,Driscoll Foods - Upstate NY (Amsterdam),Ace Endico,Ferarro Foods,DiCarlo Foods,Chef's Warehouse,Driscoll Foods - Metro NY",,Yes,NY Grown & Certified ,,,,,,,,12/11/2024 8:09am,,,,,,,,,
"Mozzarella, Sliced, Fresh, Log (Cappiello)","Dairy, Eggs, & Cheese",Cheese,1 lb.,8/1 lb.,Belgioioso Cheese,91003,"Best Choice,Slate Foods,Latina Boulevard,OGS Downstate Distribution Center,Behlog & Sons Produce,Renzi Foodservice,Dagele Brothers Produce,Sysco Long Island,Sysco Metro NY,Sysco Syracuse,Sysco Albany,US Foods Albany,US Foods,Performance Food Service Metro,Performance Food Service Springfield,Palmer Food Service,Curtze Food,Jacobstein Food Service,G and C Food Service,Ginsberg's Foods,Driscoll Foods - Upstate NY (Amsterdam),Ace Endico,Ferarro Foods,DiCarlo Foods,Chef's Warehouse,Driscoll Foods - Metro NY",,Yes,NY Grown & Certified ,,,,,,,,12/11/2024 8:09am,,,,,,,,,
"Mozzarella, Fresh, Log (Cappiello)","Dairy, Eggs, & Cheese",Cheese,1 lb.,8/1 lb.,Belgioioso Cheese,91009,"Best Choice,Slate Foods,Latina Boulevard,OGS Downstate Distribution Center,Behlog & Sons Produce,Renzi Foodservice,Dagele Brothers Produce,Sysco Long Island,Sysco Metro NY,Sysco Syracuse,Sysco Albany,US Foods Albany,US Foods,Performance Food Service Metro,Performance Food Service Springfield,Palmer Food Service,Curtze Food,Jacobstein Food Service,G and C Food Service,Ginsberg's Foods,Driscoll Foods - Upstate NY (Amsterdam),Ace Endico,Ferarro Foods,DiCarlo Foods,Chef's Warehouse,Driscoll Foods - Metro NY",,Yes,NY Grown & Certified ,,,,,,,,12/11/2024 8:09am,,,,,,,,,
"Mozzarella, Fresh, Slicing Loaf (Belgioioso)","Dairy, Eggs, & Cheese",Cheese,2.5 lb.,4/2.5 lb.,Belgioioso Cheese,91024,"Best Choice,Slate Foods,Latina Boulevard,OGS Downstate Distribution Center,Behlog & Sons Produce,Renzi Foodservice,Dagele Brothers Produce,Sysco Long Island,Sysco Metro NY,Sysco Syracuse,Sysco Albany,US Foods Albany,US Foods,Performance Food Service Metro,Performance Food Service Springfield,Palmer Food Service,Curtze Food,Jacobstein Food Service,G and C Food Service,Ginsberg's Foods,Driscoll Foods - Upstate NY (Amsterdam),Ace Endico,Ferarro Foods,DiCarlo Foods,Chef's Warehouse,Driscoll Foods - Metro NY",,Yes,NY Grown & Certified ,,,,,,,,12/11/2024 8:09am,,,,,,,,,
"Mozzarella, Fresh, Slicing Loaf (Belgioioso) ","Dairy, Eggs, & Cheese",Cheese,2.5 lb.,2/2.5 lb.,Belgioioso Cheese,91034,"Best Choice,Slate Foods,Latina Boulevard,OGS Downstate Distribution Center,Behlog & Sons Produce,Renzi Foodservice,Dagele Brothers Produce,Sysco Long Island,Sysco Metro NY,Sysco Syracuse,Sysco Albany,US Foods Albany,US Foods,Performance Food Service Metro,Performance Food Service Springfield,Palmer Food Service,Curtze Food,Jacobstein Food Service,G and C Food Service,Ginsberg's Foods,Driscoll Foods - Upstate NY (Amsterdam),Ace Endico,Ferarro Foods,DiCarlo Foods,Chef's Warehouse,Driscoll Foods - Metro NY",,Yes,NY Grown & Certified ,,,,,,,,12/11/2024 8:09am,,,,,,,,,
"Mozzarella, Fresh, Slicing Loaf (Belgioioso)","Dairy, Eggs, & Cheese",Cheese,2 lb.,2/5 lb.,Belgioioso Cheese,91035,"Best Choice,Slate Foods,Latina Boulevard,OGS Downstate Distribution Center,Behlog & Sons Produce,Renzi Foodservice,Dagele Brothers Produce,Sysco Long Island,Sysco Metro NY,Sysco Syracuse,Sysco Albany,US Foods Albany,US Foods,Performance Food Service Metro,Performance Food Service Springfield,Palmer Food Service,Curtze Food,Jacobstein Food Service,G and C Food Service,Ginsberg's Foods,Driscoll Foods - Upstate NY (Amsterdam),Ace Endico,Ferarro Foods,DiCarlo Foods,Chef's Warehouse,Driscoll Foods - Metro NY",,Yes,NY Grown & Certified ,,,,,,,,12/11/2024 8:09am,,,,,,,,,
"Mozzarella, Smoked, Fresh, Loaf","Dairy, Eggs, & Cheese",Cheese,5 lb.,2/5 lb.,Belgioioso Cheese,91060,"Best Choice,Slate Foods,Latina Boulevard,OGS Downstate Distribution Center,Behlog & Sons Produce,Renzi Foodservice,Dagele Brothers Produce,Sysco Long Island,Sysco Metro NY,Sysco Syracuse,Sysco Albany,US Foods Albany,US Foods,Performance Food Service Metro,Performance Food Service Springfield,Palmer Food Service,Curtze Food,Jacobstein Food Service,G and C Food Service,Ginsberg's Foods,Driscoll Foods - Upstate NY (Amsterdam),Ace Endico,Ferarro Foods,DiCarlo Foods,Chef's Warehouse,Driscoll Foods - Metro NY",,Yes,NY Grown & Certified ,,,,,,,,12/11/2024 8:09am,,,,,,,,,
"Mozzarella, Chunk, Whole Milk (Casaro)","Dairy, Eggs, & Cheese",Cheese,1 lb.,12/1 lb.,Belgioioso Cheese,91019,"Best Choice,Slate Foods,Latina Boulevard,OGS Downstate Distribution Center,Behlog & Sons Produce,Renzi Foodservice,Dagele Brothers Produce,Sysco Long Island,Sysco Metro NY,Sysco Syracuse,Sysco Albany,US Foods Albany,US Foods,Performance Food Service Metro,Performance Food Service Springfield,Palmer Food Service,Curtze Food,Jacobstein Food Service,G and C Food Service,Ginsberg's Foods,Driscoll Foods - Upstate NY (Amsterdam),Ace Endico,Ferarro Foods,DiCarlo Foods,Chef's Warehouse,Driscoll Foods - Metro NY",,Yes,NY Grown & Certified ,,,,,,,,12/11/2024 8:09am,,,,,,,,,
"Mozzarella, Loaf, Whole Milk Low Moisture (Belgioioso)","Dairy, Eggs, & Cheese",Cheese,5 lb.,8/5 lb.,Belgioioso Cheese,91040,"Best Choice,Slate Foods,Latina Boulevard,OGS Downstate Distribution Center,Behlog & Sons Produce,Renzi Foodservice,Dagele Brothers Produce,Sysco Long Island,Sysco Metro NY,Sysco Syracuse,Sysco Albany,US Foods Albany,US Foods,Performance Food Service Metro,Performance Food Service Springfield,Palmer Food Service,Curtze Food,Jacobstein Food Service,G and C Food Service,Ginsberg's Foods,Driscoll Foods - Upstate NY (Amsterdam),Ace Endico,Ferarro Foods,DiCarlo Foods,Chef's Warehouse,Driscoll Foods - Metro NY",,Yes,NY Grown & Certified ,,,,,,,,12/11/2024 8:09am,,,,,,,,,
"Mozzarella, Loaf, Whole Milk Low Moisture (Belgioioso)","Dairy, Eggs, & Cheese",Cheese,5 lb.,2/5 lb.,Belgioioso Cheese,91041,"Best Choice,Slate Foods,Latina Boulevard,OGS Downstate Distribution Center,Behlog & Sons Produce,Renzi Foodservice,Dagele Brothers Produce,Sysco Long Island,Sysco Metro NY,Sysco Syracuse,Sysco Albany,US Foods Albany,US Foods,Performance Food Service Metro,Performance Food Service Springfield,Palmer Food Service,Curtze Food,Jacobstein Food Service,G and C Food Service,Ginsberg's Foods,Driscoll Foods - Upstate NY (Amsterdam),Ace Endico,Ferarro Foods,DiCarlo Foods,Chef's Warehouse,Driscoll Foods - Metro NY",,Yes,NY Grown & Certified ,,,,,,,,12/11/2024 8:09am,,,,,,,,,
"Ricotta, Traditional, Whole Milk","Dairy, Eggs, & Cheese",Cheese,1 lb.,12/1 lb.,Belgioioso Cheese,91151,"Best Choice,Slate Foods,Latina Boulevard,OGS Downstate Distribution Center,Behlog & Sons Produce,Renzi Foodservice,Dagele Brothers Produce,Sysco Long Island,Sysco Metro NY,Sysco Syracuse,Sysco Albany,US Foods Albany,US Foods,Performance Food Service Metro,Performance Food Service Springfield,Palmer Food Service,Curtze Food,Jacobstein Food Service,G and C Food Service,Ginsberg's Foods,Driscoll Foods - Upstate NY (Amsterdam),Ace Endico,Ferarro Foods,DiCarlo Foods,Chef's Warehouse,Driscoll Foods - Metro NY",,Yes,NY Grown & Certified ,,,,,,,,12/11/2024 8:09am,,,,,,,,,
"Ricotta, Traditional, Whole Milk ","Dairy, Eggs, & Cheese",Cheese,2 lb.,6/2 lb.,Belgioioso Cheese,91152,"Best Choice,Slate Foods,Latina Boulevard,OGS Downstate Distribution Center,Behlog & Sons Produce,Renzi Foodservice,Dagele Brothers Produce,Sysco Long Island,Sysco Metro NY,Sysco Syracuse,Sysco Albany,US Foods Albany,US Foods,Performance Food Service Metro,Performance Food Service Springfield,Palmer Food Service,Curtze Food,Jacobstein Food Service,G and C Food Service,Ginsberg's Foods,Driscoll Foods - Upstate NY (Amsterdam),Ace Endico,Ferarro Foods,DiCarlo Foods,Chef's Warehouse,Driscoll Foods - Metro NY",,Yes,NY Grown & Certified ,,,,,,,,12/11/2024 8:09am,,,,,,,,,
"Ricotta, Traditional, Whole Milk ","Dairy, Eggs, & Cheese",Cheese,5 lb.,6/5 lb.,Belgioioso Cheese,91155,"Best Choice,Slate Foods,Latina Boulevard,OGS Downstate Distribution Center,Behlog & Sons Produce,Renzi Foodservice,Dagele Brothers Produce,Sysco Long Island,Sysco Metro NY,Sysco Syracuse,Sysco Albany,US Foods Albany,US Foods,Performance Food Service Metro,Performance Food Service Springfield,Palmer Food Service,Curtze Food,Jacobstein Food Service,G and C Food Service,Ginsberg's Foods,Driscoll Foods - Upstate NY (Amsterdam),Ace Endico,Ferarro Foods,DiCarlo Foods,Chef's Warehouse,Driscoll Foods - Metro NY",,Yes,NY Grown & Certified ,,,,,,,,12/11/2024 8:09am,,,,,,,,,
"Ricotta, Whole Milk (Casaro)","Dairy, Eggs, & Cheese",Cheese,2 lb.,6/2 lb.,Belgioioso Cheese,91139,"Best Choice,Slate Foods,Latina Boulevard,OGS Downstate Distribution Center,Behlog & Sons Produce,Renzi Foodservice,Dagele Brothers Produce,Sysco Long Island,Sysco Metro NY,Sysco Syracuse,Sysco Albany,US Foods Albany,US Foods,Performance Food Service Metro,Performance Food Service Springfield,Palmer Food Service,Curtze Food,Jacobstein Food Service,G and C Food Service,Ginsberg's Foods,Driscoll Foods - Upstate NY (Amsterdam),Ace Endico,Ferarro Foods,DiCarlo Foods,Chef's Warehouse,Driscoll Foods - Metro NY",,Yes,NY Grown & Certified ,,,,,,,,12/11/2024 8:09am,,,,,,,,,
"Mozzarella String Cheese, LMPS (Polly-O)","Dairy, Eggs, & Cheese",Cheese,1 oz,168/1 oz,Belgioioso Cheese,75046,Slate Foods,,Yes,NY Grown & Certified ,,,,checked,,,,4/8/2025 2:51pm,,,,,,,,,
"Mozzarella, Whole Milk, Low Moisture, Chunk (Polly-O)","Dairy, Eggs, & Cheese",Cheese,2 lb,12/2 lb,Belgioioso Cheese,76010,Slate Foods,,Yes,NY Grown & Certified ,,,,checked,,,,4/8/2025 2:51pm,,,,,,,,,
"Ricotta, Part Skim (Polly-O)","Dairy, Eggs, & Cheese",Cheese,2 lb,6/2 lb,Belgioioso Cheese,77007,Slate Foods,,Yes,NY Grown & Certified ,,,,checked,,,,4/8/2025 2:51pm,,,,,,,,,
"Ricotta, Whole Milk (Polly-O) ","Dairy, Eggs, & Cheese",Cheese,2 lb,6/2 lb,Belgioioso Cheese,77007,Slate Foods,,Yes,NY Grown & Certified ,,,,checked,,,,4/8/2025 2:51pm,,,,,,,,,
"Ricotta, Part Skim (Polly-O)","Dairy, Eggs, & Cheese",Cheese,3 lb,6/2 lb,Belgioioso Cheese,77007,Slate Foods,,Yes,NY Grown & Certified ,,,,checked,,,,4/8/2025 2:51pm,,,,,,,,,
"Ricotta, Whole Milk (Polly-O) ","Dairy, Eggs, & Cheese",Cheese,3 lb,6/2 lb,Belgioioso Cheese,77007,Slate Foods,,Yes,NY Grown & Certified ,,,,checked,,,,4/8/2025 2:51pm,,,,,,,,,
"Mozzarella, Low-Moisture, Chunk (Belgioioso)","Dairy, Eggs, & Cheese",Cheese,1 lb.,12 x 1 lb.,Belgioioso Cheese,76005,Slate Foods,SF 305,Yes,NY Grown & Certified ,,,,,,,Nourish NY ONLY ,12/11/2024 8:09am,,,,,,,,,
"Cream Cheese, Milan","Dairy, Eggs, & Cheese",Cheese,30lb,,Gourmet Dairy,0036,"""Benz’s Food Products, Inc."",Better Dairy",,,Kosher,,Gourmet Dairy_Milan Cream Cheese 30lb_20250327.pdf (https://v5.airtableusercontent.com/v3/u/42/42/1749600000000/kDf1ckLFelOvH5YFiIN8_A/37NSGT9VWee2ATlTcgZMwOElHWqLuUKjRNkAbVK_ZZKHgCYoMRIJxHn77iudSLFiyPxiMnMoWMabfAAMvg9Y_0pTWd-skJ-uXiwttjMthWEbrFTQwMkWJaumopxwlW3bxaaavJAiUQqFWPxNtXUq2pwqdjiFgUNurl-dOOgpbGouaMW3CJc8HAFl9SrRIloTX5z1Cwj79WVbXSMbGVeXGg/WQxKJLnhjAJKt1d3WkyTPiWlSdF9r8w92h4PX9wxZdY),,,,,,4/8/2025 2:38pm,,,,,,,,,
"Ricotta, Milan","Dairy, Eggs, & Cheese",Cheese,35lb,,Gourmet Dairy,0035,"""Benz’s Food Products, Inc."",Better Dairy",,,Kosher,,Gourmet Dairy_Ricotta 35lb_20250327.pdf (https://v5.airtableusercontent.com/v3/u/42/42/1749600000000/_tbB4bPlKr2dLT1TYhP5MA/KCTeP9-0LPidq-j2kUijjuwm8prRs0uXiUnyVkgrECKzqmRuQcYfFt9NumsPm6TiURJygdWIdYIgGshfSMY5-fiVexoGiIF-IULk02gqokIUpvibsaahIwCJDD-3SWi5LQJKemdUFs33xFMKMuBd8JdY_IHu5CZYzK9CErKWru1luVwREOO5VYL0BAZ96EzZ/UMu381XvoCcopqpBbsA55aJfEWkp0hWpQVYXlfaucLY),,,,,,4/8/2025 2:39pm,,,,,,,,,
"Mozzarella, Shredded, Milan","Dairy, Eggs, & Cheese",Cheese,5lb,,Gourmet Dairy,0034,"""Benz’s Food Products, Inc."",Better Dairy",,,Kosher,,Gourmet Dairy_Milan Shredded Mozz 5lb_20250327.pdf (https://v5.airtableusercontent.com/v3/u/42/42/1749600000000/dvr62R-3E_aidCKZnD4Sgw/9WsySIYVtQnDi131ookEKCdacYhLd1b_s39zFxomzdxLD0hYmesO4oxAvQUWHOlYKQyaa81fPL6xWqbGcCA79LZd18GnME3ykg8pEFRV--8QYhl8e3CuwkEphlPwmRdzJKKnOgZJVue7MJJX54dvMEPF9kD7b5W2xxWE9uP7vA0Z0aeKHwUEIBK3MndshXt8NtVZv3sFrbbZ0BiEOenvOQ/rv-k189oduR23TO-MMEnFBfh_SMxxcFSgKpamXXGKDE),,,,,,4/8/2025 2:38pm,,,,,,,,,
"Pizza Cheese, Feather Shredded, 4/5 lb. RICO","Dairy, Eggs, & Cheese",Cheese,4/5 lb.,,Great Lakes Cheese Co.,102551,US Foods,,Still Under Review,NY Grown & Certified ,GLC NY Grown and Certified List 2021.pdf (https://v5.airtableusercontent.com/v3/u/42/42/1749600000000/gwtQtG7XruS9TjSpocVufA/n5c-_hcd9DqqKKHPfZE8dnFN0URJioKgGWV-zlCUEeZLbJ9u_fUc0BvTQ0wKMSI_O_lOxge1DrZuyWPTbIESvwiL3RJ1wgfjxwLl99KkawNgDeKP9u5214kd2V_hf0pGcoA0eXipWivFAYccQHYGVtyjSaLCBCRzI0SPApf9A8Q/ohyoiMHnvjN3lXl391ursknf2zwzbEK2kSrcr4PvhBs),,,,,,See list of NYG&C products for Great Lakes cheese posted in record 1. ,4/11/2024 3:28pm,,,Great Lakes Cheese Co.,US Foods,,,,,
"Mozzarella Cheese, Low Moisture Whole Milk, Feather Shredded, 4/5 lb. (Great Lakes Cheese)","Dairy, Eggs, & Cheese",Cheese,4/5 lb.,,Great Lakes Cheese Co.,102418,US Foods Buffalo,USF: 4902243,Still Under Review,NY Grown & Certified ,GLC NY Grown and Certified List 2021.pdf (https://v5.airtableusercontent.com/v3/u/42/42/1749600000000/BFBcSMoynMs4-JeZ8AYRpA/SJtdBhciAop_uVraTotnHR4RVxCuddxCzVsPFOrfWoLeTN0jAbS_veVM1Nhy7CoOHKrwRFgMZ7QXa98IP7yXFngs-tey2pcbPfLOg3eCo7KMuN8Gdk0pbJC5UTObvJoQv02df5pWjv-sckqMi50KTO1eMGPNVdhdjacZJylkri8/7iwOVDRM02q2KTbTekwXoLZl3hx-tIp_GdQt2bHrxps),,,,,,See list of NYG&C products for Great Lakes cheese posted in record 1. ,4/11/2024 3:28pm,,,Great Lakes Cheese Co.,US Foods Buffalo,,,,,
"50/50 Whole Milk Provolone Cheese, Feather Shredded, 4/5 lb. PANI","Dairy, Eggs, & Cheese",Cheese,4/5 lb.,,Great Lakes Cheese Co.,162450,US Foods,,Still Under Review,NY Grown & Certified ,GLC NY Grown and Certified List 2021.pdf (https://v5.airtableusercontent.com/v3/u/42/42/1749600000000/5MZzN8Koe8eJUAPBCTYUWA/I71w1qtMxFFx9AOktNT7LX8fMgRCehZ6M7SO9JbdqSpAyrI95j39tL0_C7HqOGRDLrvO9E8f0xDD-x_Q1rokv6_KEyUGh998R5GyqfeVrCKYTnc8uvGo9gqhgvkmbxOKrcpI-E1YIyOcfdEh-BHtDqndHG0G_qBWl2eJ0USWxNM/UCpomYerP1psI3SqMwc-uEHnrQDusNhZLuU4LrB8jEI),,,,,,See list of NYG&C products for Great Lakes cheese posted in record 1. ,4/11/2024 3:28pm,,,Great Lakes Cheese Co.,US Foods,,,,,
"50/50 Whole Milk Provolone Cheese, Feather Shredded, 4/5 lb. (Great Lakes Cheese)","Dairy, Eggs, & Cheese",Cheese,4/5 lb.,,Great Lakes Cheese Co.,102324,US Foods,,Still Under Review,NY Grown & Certified ,GLC NY Grown and Certified List 2021.pdf (https://v5.airtableusercontent.com/v3/u/42/42/1749600000000/5MZzN8Koe8eJUAPBCTYUWA/I71w1qtMxFFx9AOktNT7LX8fMgRCehZ6M7SO9JbdqSpAyrI95j39tL0_C7HqOGRDLrvO9E8f0xDD-x_Q1rokv6_KEyUGh998R5GyqfeVrCKYTnc8uvGo9gqhgvkmbxOKrcpI-E1YIyOcfdEh-BHtDqndHG0G_qBWl2eJ0USWxNM/UCpomYerP1psI3SqMwc-uEHnrQDusNhZLuU4LrB8jEI),,,,,,See list of NYG&C products for Great Lakes cheese posted in record 1. ,4/11/2024 3:28pm,,,Great Lakes Cheese Co.,US Foods,,,,,
"Mozzarella Cheese, Low Moisture Part Skim, Feather Shredded, 4/5 lb. (Bella Isola)","Dairy, Eggs, & Cheese",Cheese,4/5 lb.,,Great Lakes Cheese Co.,102389,Sysco Syracuse,Sysco SUPC: 2371854,Still Under Review,NY Grown & Certified ,GLC NY Grown and Certified List 2021.pdf (https://v5.airtableusercontent.com/v3/u/42/42/1749600000000/BFBcSMoynMs4-JeZ8AYRpA/SJtdBhciAop_uVraTotnHR4RVxCuddxCzVsPFOrfWoLeTN0jAbS_veVM1Nhy7CoOHKrwRFgMZ7QXa98IP7yXFngs-tey2pcbPfLOg3eCo7KMuN8Gdk0pbJC5UTObvJoQv02df5pWjv-sckqMi50KTO1eMGPNVdhdjacZJylkri8/7iwOVDRM02q2KTbTekwXoLZl3hx-tIp_GdQt2bHrxps),,,,,,See list of NYG&C products for Great Lakes cheese posted in record 1. ,4/11/2024 3:28pm,,,Great Lakes Cheese Co.,Sysco Syracuse,,,,,
"Mozzarella Cheese, Low Moisture Whole Milk, DIC 4/5 lb. (Great Lakes Cheese)","Dairy, Eggs, & Cheese",Cheese,4/5 lb.,,Great Lakes Cheese Co.,102285,"US Foods,Renzi Foodservice",,Still Under Review,NY Grown & Certified ,GLC NY Grown and Certified List 2021.pdf (https://v5.airtableusercontent.com/v3/u/42/42/1749600000000/BFBcSMoynMs4-JeZ8AYRpA/SJtdBhciAop_uVraTotnHR4RVxCuddxCzVsPFOrfWoLeTN0jAbS_veVM1Nhy7CoOHKrwRFgMZ7QXa98IP7yXFngs-tey2pcbPfLOg3eCo7KMuN8Gdk0pbJC5UTObvJoQv02df5pWjv-sckqMi50KTO1eMGPNVdhdjacZJylkri8/7iwOVDRM02q2KTbTekwXoLZl3hx-tIp_GdQt2bHrxps),,,,,,See list of NYG&C products for Great Lakes cheese posted in record 1. ,4/11/2024 3:28pm,,,Great Lakes Cheese Co.,US Foods,,,,,
"75/25 Whole Milk Cheddar Cheese W, Shredded, 4/5 lb. PIZM","Dairy, Eggs, & Cheese",Cheese,4/5 lb.,,Great Lakes Cheese Co.,169251,US Foods,,Still Under Review,NY Grown & Certified ,GLC NY Grown and Certified List 2021.pdf (https://v5.airtableusercontent.com/v3/u/42/42/1749600000000/5MZzN8Koe8eJUAPBCTYUWA/I71w1qtMxFFx9AOktNT7LX8fMgRCehZ6M7SO9JbdqSpAyrI95j39tL0_C7HqOGRDLrvO9E8f0xDD-x_Q1rokv6_KEyUGh998R5GyqfeVrCKYTnc8uvGo9gqhgvkmbxOKrcpI-E1YIyOcfdEh-BHtDqndHG0G_qBWl2eJ0USWxNM/UCpomYerP1psI3SqMwc-uEHnrQDusNhZLuU4LrB8jEI),,,,,,See list of NYG&C products for Great Lakes cheese posted in record 1. ,4/11/2024 3:28pm,,,Great Lakes Cheese Co.,US Foods,,,,,
"50/50 Provolone Cheese, Thin Shredded, 4/5 lb. (Calabria)","Dairy, Eggs, & Cheese",Cheese,4/5 lb.,,Great Lakes Cheese Co.,102305,Sysco,,Still Under Review,NY Grown & Certified ,GLC NY Grown and Certified List 2021.pdf (https://v5.airtableusercontent.com/v3/u/42/42/1749600000000/5MZzN8Koe8eJUAPBCTYUWA/I71w1qtMxFFx9AOktNT7LX8fMgRCehZ6M7SO9JbdqSpAyrI95j39tL0_C7HqOGRDLrvO9E8f0xDD-x_Q1rokv6_KEyUGh998R5GyqfeVrCKYTnc8uvGo9gqhgvkmbxOKrcpI-E1YIyOcfdEh-BHtDqndHG0G_qBWl2eJ0USWxNM/UCpomYerP1psI3SqMwc-uEHnrQDusNhZLuU4LrB8jEI),,,,,,See list of NYG&C products for Great Lakes cheese posted in record 1. ,4/11/2024 3:28pm,,,Great Lakes Cheese Co.,Sysco,,,,,
"50/50 Part Skim Provolone Cheese, Shredded, 4/5 lb. (Great Lakes Cheese)","Dairy, Eggs, & Cheese",Cheese,4/5 lb.,,Great Lakes Cheese Co.,102300,US Foods,,Still Under Review,NY Grown & Certified ,GLC NY Grown and Certified List 2021.pdf (https://v5.airtableusercontent.com/v3/u/42/42/1749600000000/5MZzN8Koe8eJUAPBCTYUWA/I71w1qtMxFFx9AOktNT7LX8fMgRCehZ6M7SO9JbdqSpAyrI95j39tL0_C7HqOGRDLrvO9E8f0xDD-x_Q1rokv6_KEyUGh998R5GyqfeVrCKYTnc8uvGo9gqhgvkmbxOKrcpI-E1YIyOcfdEh-BHtDqndHG0G_qBWl2eJ0USWxNM/UCpomYerP1psI3SqMwc-uEHnrQDusNhZLuU4LrB8jEI),,,,,,See list of NYG&C products for Great Lakes cheese posted in record 1. ,4/11/2024 3:28pm,,,Great Lakes Cheese Co.,US Foods,,,,,
"75/25 Whole Milk Cheddar Cheese W DIC, 4/5 lb. PIZM","Dairy, Eggs, & Cheese",Cheese,4/5 lb.,,Great Lakes Cheese Co.,102524 / 169251,US Foods,,Still Under Review,NY Grown & Certified ,GLC NY Grown and Certified List 2021.pdf (https://v5.airtableusercontent.com/v3/u/42/42/1749600000000/5MZzN8Koe8eJUAPBCTYUWA/I71w1qtMxFFx9AOktNT7LX8fMgRCehZ6M7SO9JbdqSpAyrI95j39tL0_C7HqOGRDLrvO9E8f0xDD-x_Q1rokv6_KEyUGh998R5GyqfeVrCKYTnc8uvGo9gqhgvkmbxOKrcpI-E1YIyOcfdEh-BHtDqndHG0G_qBWl2eJ0USWxNM/UCpomYerP1psI3SqMwc-uEHnrQDusNhZLuU4LrB8jEI),,,,,,See list of NYG&C products for Great Lakes cheese posted in record 1. ,4/11/2024 3:28pm,,,Great Lakes Cheese Co.,US Foods,,,,,
"50/50 Whole Milk Provolone Cheese DIC, 4/5 lb. (Empire)","Dairy, Eggs, & Cheese",Cheese,4/5 lb.,,Great Lakes Cheese Co.,169410,Sysco,,Still Under Review,NY Grown & Certified ,GLC NY Grown and Certified List 2021.pdf (https://v5.airtableusercontent.com/v3/u/42/42/1749600000000/5MZzN8Koe8eJUAPBCTYUWA/I71w1qtMxFFx9AOktNT7LX8fMgRCehZ6M7SO9JbdqSpAyrI95j39tL0_C7HqOGRDLrvO9E8f0xDD-x_Q1rokv6_KEyUGh998R5GyqfeVrCKYTnc8uvGo9gqhgvkmbxOKrcpI-E1YIyOcfdEh-BHtDqndHG0G_qBWl2eJ0USWxNM/UCpomYerP1psI3SqMwc-uEHnrQDusNhZLuU4LrB8jEI),,,,,,See list of NYG&C products for Great Lakes cheese posted in record 1. ,4/11/2024 3:28pm,,,Great Lakes Cheese Co.,Sysco,,,,,
"Mozzarella Cheese, Low Moisture Part Skim, Shredded, 4/5 lb. (Great Lakes Cheese)","Dairy, Eggs, & Cheese",Cheese,4/5 lb.,,Great Lakes Cheese Co.,102393 / 15033,"US Foods,Palmer Food Service",,Still Under Review,NY Grown & Certified ,GLC NY Grown and Certified List 2021.pdf (https://v5.airtableusercontent.com/v3/u/42/42/1749600000000/BFBcSMoynMs4-JeZ8AYRpA/SJtdBhciAop_uVraTotnHR4RVxCuddxCzVsPFOrfWoLeTN0jAbS_veVM1Nhy7CoOHKrwRFgMZ7QXa98IP7yXFngs-tey2pcbPfLOg3eCo7KMuN8Gdk0pbJC5UTObvJoQv02df5pWjv-sckqMi50KTO1eMGPNVdhdjacZJylkri8/7iwOVDRM02q2KTbTekwXoLZl3hx-tIp_GdQt2bHrxps),,,,,,See list of NYG&C products for Great Lakes cheese posted in record 1. ,4/11/2024 3:28pm,,,Great Lakes Cheese Co.,"Palmer Food Service, US Foods",,,,,
"NY Extra Sharp Cheddar Cheese, Shredded, 6/2 lb.","Dairy, Eggs, & Cheese",Cheese,6/2 lb.,,Great Lakes Cheese Co.,164193,Sysco,,Still Under Review,NY Grown & Certified ,,,,,,,See list of NYG&C products for Great Lakes cheese posted in record 1. ,4/11/2024 3:28pm,,,Great Lakes Cheese Co.,Sysco,,,,,
"50/50 Whole Milk Provolone Cheese DIC, 4/5 lb. GUYS","Dairy, Eggs, & Cheese",Cheese,4/5 lb.,,Great Lakes Cheese Co.,167394,Sysco,,Still Under Review,NY Grown & Certified ,GLC NY Grown and Certified List 2021.pdf (https://v5.airtableusercontent.com/v3/u/42/42/1749600000000/5MZzN8Koe8eJUAPBCTYUWA/I71w1qtMxFFx9AOktNT7LX8fMgRCehZ6M7SO9JbdqSpAyrI95j39tL0_C7HqOGRDLrvO9E8f0xDD-x_Q1rokv6_KEyUGh998R5GyqfeVrCKYTnc8uvGo9gqhgvkmbxOKrcpI-E1YIyOcfdEh-BHtDqndHG0G_qBWl2eJ0USWxNM/UCpomYerP1psI3SqMwc-uEHnrQDusNhZLuU4LrB8jEI),,,,,,See list of NYG&C products for Great Lakes cheese posted in record 1. ,4/11/2024 3:28pm,,,Great Lakes Cheese Co.,Sysco,,,,,
"NY Sharp Cheddar Cheese, Sliced, 6/24 oz., TWPK (Adams)","Dairy, Eggs, & Cheese",Cheese,6/24 lb.,,Great Lakes Cheese Co.,167334 /168825,"US Foods,Sysco Syracuse,Renzi Foodservice",Sysco SUPC: 1186131,Still Under Review,NY Grown & Certified ,GLC NY Grown and Certified List 2021.pdf (https://v5.airtableusercontent.com/v3/u/42/42/1749600000000/_MV6rThvrXlyLJceiLYxzA/tRwDJIMXBbiaRbvKYMq7vYk-CM87uZoX5EXezdnVC4aPNxBQzooUzLrvuwzDxzm3hWHEVEM93mHh1fUKrkJuRpvYpjMTOLRzYou9liva08LPx7rfdvexRQ0v9pEYweDW4Opzk2nmdfNHf7H08oFKLw4JAUT89-Dzyh2_Epk91XM/0t3RoHytHTNtjDN-WZhpaYXGH28_7H0wFROkAL2V_iA),,,,,,See list of NYG&C products for Great Lakes cheese posted in record 1. ,4/11/2024 3:28pm,,,Great Lakes Cheese Co.,"Sysco Syracuse, US Foods",,,,,
"Cheddar Cheese, Sharp, NY, Sliced, 8/20 oz., TWPK (Adams)","Dairy, Eggs, & Cheese",Cheese,8/20 lb.,,Great Lakes Cheese Co.,167550,"Sysco,US Foods",,Still Under Review,NY Grown & Certified ,GLC NY Grown and Certified List 2021.pdf (https://v5.airtableusercontent.com/v3/u/42/42/1749600000000/_MV6rThvrXlyLJceiLYxzA/tRwDJIMXBbiaRbvKYMq7vYk-CM87uZoX5EXezdnVC4aPNxBQzooUzLrvuwzDxzm3hWHEVEM93mHh1fUKrkJuRpvYpjMTOLRzYou9liva08LPx7rfdvexRQ0v9pEYweDW4Opzk2nmdfNHf7H08oFKLw4JAUT89-Dzyh2_Epk91XM/0t3RoHytHTNtjDN-WZhpaYXGH28_7H0wFROkAL2V_iA),,,,,,See list of NYG&C products for Great Lakes cheese posted in record 1. ,4/8/2025 2:40pm,,,Great Lakes Cheese Co.,"Sysco, US Foods",,,,,
"Pizza Cheese, DIC, 4/5 lb. RICO","Dairy, Eggs, & Cheese",Cheese,4/5 lb.,,Great Lakes Cheese Co.,102495,Sysco,,Still Under Review,NY Grown & Certified ,GLC NY Grown and Certified List 2021.pdf (https://v5.airtableusercontent.com/v3/u/42/42/1749600000000/gwtQtG7XruS9TjSpocVufA/n5c-_hcd9DqqKKHPfZE8dnFN0URJioKgGWV-zlCUEeZLbJ9u_fUc0BvTQ0wKMSI_O_lOxge1DrZuyWPTbIESvwiL3RJ1wgfjxwLl99KkawNgDeKP9u5214kd2V_hf0pGcoA0eXipWivFAYccQHYGVtyjSaLCBCRzI0SPApf9A8Q/ohyoiMHnvjN3lXl391ursknf2zwzbEK2kSrcr4PvhBs),,,,,,See list of NYG&C products for Great Lakes cheese posted in record 1. ,4/11/2024 3:28pm,,,Great Lakes Cheese Co.,Sysco,,,,,
NY Extra Sharp Cheddar Cheese W 2/5 lb.,"Dairy, Eggs, & Cheese",Cheese,2/5 lb.,,Great Lakes Cheese Co.,162408,US Foods,,Still Under Review,NY Grown & Certified ,,,,,,,See list of NYG&C products for Great Lakes cheese posted in record 1. ,4/11/2024 3:28pm,,,Great Lakes Cheese Co.,US Foods,,,,,
"Mozzarella Cheese, Low Moisture Whole Milk, Feather Shredded, 4/5 lb. (Sicily)","Dairy, Eggs, & Cheese",Cheese,4/5 lb.,,Great Lakes Cheese Co.,102423,Sysco,,Still Under Review,NY Grown & Certified ,GLC NY Grown and Certified List 2021.pdf (https://v5.airtableusercontent.com/v3/u/42/42/1749600000000/BFBcSMoynMs4-JeZ8AYRpA/SJtdBhciAop_uVraTotnHR4RVxCuddxCzVsPFOrfWoLeTN0jAbS_veVM1Nhy7CoOHKrwRFgMZ7QXa98IP7yXFngs-tey2pcbPfLOg3eCo7KMuN8Gdk0pbJC5UTObvJoQv02df5pWjv-sckqMi50KTO1eMGPNVdhdjacZJylkri8/7iwOVDRM02q2KTbTekwXoLZl3hx-tIp_GdQt2bHrxps),,,,,,See list of NYG&C products for Great Lakes cheese posted in record 1. ,4/11/2024 3:28pm,,,Great Lakes Cheese Co.,Sysco,,,,,
"Mozzarella Cheese, Low Moisture Whole Milk, Feather Shredded, 4/5 lb. (Empire)","Dairy, Eggs, & Cheese",Cheese,4/5 lb.,,Great Lakes Cheese Co.,102417,"US Foods Buffalo,Renzi Foodservice",USF: 8691610 ,Still Under Review,NY Grown & Certified ,GLC NY Grown and Certified List 2021.pdf (https://v5.airtableusercontent.com/v3/u/42/42/1749600000000/BFBcSMoynMs4-JeZ8AYRpA/SJtdBhciAop_uVraTotnHR4RVxCuddxCzVsPFOrfWoLeTN0jAbS_veVM1Nhy7CoOHKrwRFgMZ7QXa98IP7yXFngs-tey2pcbPfLOg3eCo7KMuN8Gdk0pbJC5UTObvJoQv02df5pWjv-sckqMi50KTO1eMGPNVdhdjacZJylkri8/7iwOVDRM02q2KTbTekwXoLZl3hx-tIp_GdQt2bHrxps),,,,,,See list of NYG&C products for Great Lakes cheese posted in record 1. ,4/11/2024 3:28pm,,,Great Lakes Cheese Co.,US Foods Buffalo,,,,,
"Mozzarella Cheese, Low Moisture Part Skim, 8/6 lb. (Empire)","Dairy, Eggs, & Cheese",Cheese,8/6 lb.,,Great Lakes Cheese Co.,102445,US Foods,,Still Under Review,NY Grown & Certified ,GLC NY Grown and Certified List 2021.pdf (https://v5.airtableusercontent.com/v3/u/42/42/1749600000000/BFBcSMoynMs4-JeZ8AYRpA/SJtdBhciAop_uVraTotnHR4RVxCuddxCzVsPFOrfWoLeTN0jAbS_veVM1Nhy7CoOHKrwRFgMZ7QXa98IP7yXFngs-tey2pcbPfLOg3eCo7KMuN8Gdk0pbJC5UTObvJoQv02df5pWjv-sckqMi50KTO1eMGPNVdhdjacZJylkri8/7iwOVDRM02q2KTbTekwXoLZl3hx-tIp_GdQt2bHrxps),,,,,,See list of NYG&C products for Great Lakes cheese posted in record 1. ,4/11/2024 3:28pm,,,Great Lakes Cheese Co.,US Foods,,,,,
"Mozzarella Cheese, Low Moisture Whole Milk, 8/6 lb. (Empire)","Dairy, Eggs, & Cheese",Cheese,8/6 lb.,,Great Lakes Cheese Co.,102467,US Foods Buffalo,USF: 226944,Still Under Review,NY Grown & Certified ,GLC NY Grown and Certified List 2021.pdf (https://v5.airtableusercontent.com/v3/u/42/42/1749600000000/BFBcSMoynMs4-JeZ8AYRpA/SJtdBhciAop_uVraTotnHR4RVxCuddxCzVsPFOrfWoLeTN0jAbS_veVM1Nhy7CoOHKrwRFgMZ7QXa98IP7yXFngs-tey2pcbPfLOg3eCo7KMuN8Gdk0pbJC5UTObvJoQv02df5pWjv-sckqMi50KTO1eMGPNVdhdjacZJylkri8/7iwOVDRM02q2KTbTekwXoLZl3hx-tIp_GdQt2bHrxps),,,,,,See list of NYG&C products for Great Lakes cheese posted in record 1. ,4/11/2024 3:28pm,,,Great Lakes Cheese Co.,US Foods Buffalo,,,,,
"Mozzarella Cheese, Low Moisture Whole Milk, Feather Shredded, 4/5 lb. (Bella Isola)","Dairy, Eggs, & Cheese",Cheese,4/5 lb.,,Great Lakes Cheese Co.,102412,Sysco Syracuse,Sysco SUPC: 2371862,Still Under Review,NY Grown & Certified ,GLC NY Grown and Certified List 2021.pdf (https://v5.airtableusercontent.com/v3/u/42/42/1749600000000/BFBcSMoynMs4-JeZ8AYRpA/SJtdBhciAop_uVraTotnHR4RVxCuddxCzVsPFOrfWoLeTN0jAbS_veVM1Nhy7CoOHKrwRFgMZ7QXa98IP7yXFngs-tey2pcbPfLOg3eCo7KMuN8Gdk0pbJC5UTObvJoQv02df5pWjv-sckqMi50KTO1eMGPNVdhdjacZJylkri8/7iwOVDRM02q2KTbTekwXoLZl3hx-tIp_GdQt2bHrxps),,,,,,See list of NYG&C products for Great Lakes cheese posted in record 1. ,4/11/2024 3:28pm,,,Great Lakes Cheese Co.,Sysco Syracuse,,,,,
"50/50 Whole Milk Provolone DIC, 4/5 lb. (Great Lakes Cheese)","Dairy, Eggs, & Cheese",Cheese,4/5 lb.,,Great Lakes Cheese Co.,102513,US Foods,,Still Under Review,NY Grown & Certified ,GLC NY Grown and Certified List 2021.pdf (https://v5.airtableusercontent.com/v3/u/42/42/1749600000000/5MZzN8Koe8eJUAPBCTYUWA/I71w1qtMxFFx9AOktNT7LX8fMgRCehZ6M7SO9JbdqSpAyrI95j39tL0_C7HqOGRDLrvO9E8f0xDD-x_Q1rokv6_KEyUGh998R5GyqfeVrCKYTnc8uvGo9gqhgvkmbxOKrcpI-E1YIyOcfdEh-BHtDqndHG0G_qBWl2eJ0USWxNM/UCpomYerP1psI3SqMwc-uEHnrQDusNhZLuU4LrB8jEI),,,,,,See list of NYG&C products for Great Lakes cheese posted in record 1. ,4/11/2024 3:28pm,,,Great Lakes Cheese Co.,US Foods,,,,,
"50/50 Part Skim Cheddar Cheese W, Feather Shredded, 4/5 lb. (Unlabeled)","Dairy, Eggs, & Cheese",Cheese,4/5 lb.,,Great Lakes Cheese Co.,102368,US Foods,,Still Under Review,NY Grown & Certified ,GLC NY Grown and Certified List 2021.pdf (https://v5.airtableusercontent.com/v3/u/42/42/1749600000000/5MZzN8Koe8eJUAPBCTYUWA/I71w1qtMxFFx9AOktNT7LX8fMgRCehZ6M7SO9JbdqSpAyrI95j39tL0_C7HqOGRDLrvO9E8f0xDD-x_Q1rokv6_KEyUGh998R5GyqfeVrCKYTnc8uvGo9gqhgvkmbxOKrcpI-E1YIyOcfdEh-BHtDqndHG0G_qBWl2eJ0USWxNM/UCpomYerP1psI3SqMwc-uEHnrQDusNhZLuU4LrB8jEI),,,,,,See list of NYG&C products for Great Lakes cheese posted in record 1. ,4/11/2024 3:28pm,,,Great Lakes Cheese Co.,US Foods,,,,,
"75/25 Whole Milk Cheddar Cheese W, Shredded, 4/5 lb. (Cara Donna)","Dairy, Eggs, & Cheese",Cheese,4/5 lb.,,Great Lakes Cheese Co.,102530,US Foods,,Still Under Review,NY Grown & Certified ,GLC NY Grown and Certified List 2021.pdf (https://v5.airtableusercontent.com/v3/u/42/42/1749600000000/5MZzN8Koe8eJUAPBCTYUWA/I71w1qtMxFFx9AOktNT7LX8fMgRCehZ6M7SO9JbdqSpAyrI95j39tL0_C7HqOGRDLrvO9E8f0xDD-x_Q1rokv6_KEyUGh998R5GyqfeVrCKYTnc8uvGo9gqhgvkmbxOKrcpI-E1YIyOcfdEh-BHtDqndHG0G_qBWl2eJ0USWxNM/UCpomYerP1psI3SqMwc-uEHnrQDusNhZLuU4LrB8jEI),,,,,,See list of NYG&C products for Great Lakes cheese posted in record 1. ,4/11/2024 3:28pm,,,Great Lakes Cheese Co.,US Foods,,,,,
"50/40/10 Part Skim Provolone & Cheddar W DIC, 4/5 lb. (Cara Donna)","Dairy, Eggs, & Cheese",Cheese,4/5 lb.,,Great Lakes Cheese Co.,102490,US Foods,,Still Under Review,NY Grown & Certified ,GLC NY Grown and Certified List 2021.pdf (https://v5.airtableusercontent.com/v3/u/42/42/1749600000000/5MZzN8Koe8eJUAPBCTYUWA/I71w1qtMxFFx9AOktNT7LX8fMgRCehZ6M7SO9JbdqSpAyrI95j39tL0_C7HqOGRDLrvO9E8f0xDD-x_Q1rokv6_KEyUGh998R5GyqfeVrCKYTnc8uvGo9gqhgvkmbxOKrcpI-E1YIyOcfdEh-BHtDqndHG0G_qBWl2eJ0USWxNM/UCpomYerP1psI3SqMwc-uEHnrQDusNhZLuU4LrB8jEI),,,,,,See list of NYG&C products for Great Lakes cheese posted in record 1. ,4/11/2024 3:28pm,,,Great Lakes Cheese Co.,US Foods,,,,,
"50/25/25 Whole Milk Provolone & Cheddar Cheese, Feather Shredded, 4/5 lb. (Unlabeled)","Dairy, Eggs, & Cheese",Cheese,4/5 lb.,,Great Lakes Cheese Co.,102329,Sysco,,Still Under Review,NY Grown & Certified ,GLC NY Grown and Certified List 2021.pdf (https://v5.airtableusercontent.com/v3/u/42/42/1749600000000/5MZzN8Koe8eJUAPBCTYUWA/I71w1qtMxFFx9AOktNT7LX8fMgRCehZ6M7SO9JbdqSpAyrI95j39tL0_C7HqOGRDLrvO9E8f0xDD-x_Q1rokv6_KEyUGh998R5GyqfeVrCKYTnc8uvGo9gqhgvkmbxOKrcpI-E1YIyOcfdEh-BHtDqndHG0G_qBWl2eJ0USWxNM/UCpomYerP1psI3SqMwc-uEHnrQDusNhZLuU4LrB8jEI),,,,,,See list of NYG&C products for Great Lakes cheese posted in record 1. ,4/11/2024 3:28pm,,,Great Lakes Cheese Co.,Sysco,,,,,
"50/50 Whole Milk Cheddar Cheese W, Shredded, 4/5 lb. (Cara Donna)","Dairy, Eggs, & Cheese",Cheese,4/5 lb.,,Great Lakes Cheese Co.,102535,US Foods,,Still Under Review,NY Grown & Certified ,GLC NY Grown and Certified List 2021.pdf (https://v5.airtableusercontent.com/v3/u/42/42/1749600000000/5MZzN8Koe8eJUAPBCTYUWA/I71w1qtMxFFx9AOktNT7LX8fMgRCehZ6M7SO9JbdqSpAyrI95j39tL0_C7HqOGRDLrvO9E8f0xDD-x_Q1rokv6_KEyUGh998R5GyqfeVrCKYTnc8uvGo9gqhgvkmbxOKrcpI-E1YIyOcfdEh-BHtDqndHG0G_qBWl2eJ0USWxNM/UCpomYerP1psI3SqMwc-uEHnrQDusNhZLuU4LrB8jEI),,,,,,See list of NYG&C products for Great Lakes cheese posted in record 1. ,4/11/2024 3:28pm,,,Great Lakes Cheese Co.,US Foods,,,,,
"Mozzarella Cheese, Low Moisture Part Skim, Feather Shredded, 4/5 lb. (Great Lakes Cheese)","Dairy, Eggs, & Cheese",Cheese,4/5 lb.,,Great Lakes Cheese Co.,102340,US Foods,,Still Under Review,NY Grown & Certified ,GLC NY Grown and Certified List 2021.pdf (https://v5.airtableusercontent.com/v3/u/42/42/1749600000000/BFBcSMoynMs4-JeZ8AYRpA/SJtdBhciAop_uVraTotnHR4RVxCuddxCzVsPFOrfWoLeTN0jAbS_veVM1Nhy7CoOHKrwRFgMZ7QXa98IP7yXFngs-tey2pcbPfLOg3eCo7KMuN8Gdk0pbJC5UTObvJoQv02df5pWjv-sckqMi50KTO1eMGPNVdhdjacZJylkri8/7iwOVDRM02q2KTbTekwXoLZl3hx-tIp_GdQt2bHrxps),,,,,,See list of NYG&C products for Great Lakes cheese posted in record 1. ,4/11/2024 3:28pm,,,Great Lakes Cheese Co.,US Foods,,,,,
"75/25 Whole Milk Cheddar Cheese W, Shredded, 4/5 lb. (Unlabeled)","Dairy, Eggs, & Cheese",Cheese,4/5 lb.,,Great Lakes Cheese Co.,102529,Sysco,,Still Under Review,NY Grown & Certified ,GLC NY Grown and Certified List 2021.pdf (https://v5.airtableusercontent.com/v3/u/42/42/1749600000000/5MZzN8Koe8eJUAPBCTYUWA/I71w1qtMxFFx9AOktNT7LX8fMgRCehZ6M7SO9JbdqSpAyrI95j39tL0_C7HqOGRDLrvO9E8f0xDD-x_Q1rokv6_KEyUGh998R5GyqfeVrCKYTnc8uvGo9gqhgvkmbxOKrcpI-E1YIyOcfdEh-BHtDqndHG0G_qBWl2eJ0USWxNM/UCpomYerP1psI3SqMwc-uEHnrQDusNhZLuU4LrB8jEI),,,,,,See list of NYG&C products for Great Lakes cheese posted in record 1. ,4/11/2024 3:28pm,,,Great Lakes Cheese Co.,Sysco,,,,,
"50/50 Part Skim Provolone Cheese, Feather Shredded, 4/5 lb. RICO","Dairy, Eggs, & Cheese",Cheese,4/5 lb.,,Great Lakes Cheese Co.,102319,US Foods,,Still Under Review,NY Grown & Certified ,GLC NY Grown and Certified List 2021.pdf (https://v5.airtableusercontent.com/v3/u/42/42/1749600000000/5MZzN8Koe8eJUAPBCTYUWA/I71w1qtMxFFx9AOktNT7LX8fMgRCehZ6M7SO9JbdqSpAyrI95j39tL0_C7HqOGRDLrvO9E8f0xDD-x_Q1rokv6_KEyUGh998R5GyqfeVrCKYTnc8uvGo9gqhgvkmbxOKrcpI-E1YIyOcfdEh-BHtDqndHG0G_qBWl2eJ0USWxNM/UCpomYerP1psI3SqMwc-uEHnrQDusNhZLuU4LrB8jEI),,,,,,See list of NYG&C products for Great Lakes cheese posted in record 1. ,4/11/2024 3:28pm,,,Great Lakes Cheese Co.,US Foods,,,,,
"5 Cheese, Feather Shredded, 4/5 lb.","Dairy, Eggs, & Cheese",Cheese,4/5 lb.,,Great Lakes Cheese Co.,160723,Sysco Syracuse,Sysco SUPC: 1027440,Still Under Review,NY Grown & Certified ,GLC NY Grown and Certified List 2021.pdf (https://v5.airtableusercontent.com/v3/u/42/42/1749600000000/5MZzN8Koe8eJUAPBCTYUWA/I71w1qtMxFFx9AOktNT7LX8fMgRCehZ6M7SO9JbdqSpAyrI95j39tL0_C7HqOGRDLrvO9E8f0xDD-x_Q1rokv6_KEyUGh998R5GyqfeVrCKYTnc8uvGo9gqhgvkmbxOKrcpI-E1YIyOcfdEh-BHtDqndHG0G_qBWl2eJ0USWxNM/UCpomYerP1psI3SqMwc-uEHnrQDusNhZLuU4LrB8jEI),,,,,,See list of NYG&C products for Great Lakes cheese posted in record 1. ,4/11/2024 3:28pm,,,Great Lakes Cheese Co.,Sysco Syracuse,,,,,
"Mozzarella Cheese, Low Moisture Part Skim, 8/6 lb. (Calabria)","Dairy, Eggs, & Cheese",Cheese,8/6 lb.,,Great Lakes Cheese Co.,102438,Sysco,,Still Under Review,NY Grown & Certified ,GLC NY Grown and Certified List 2021.pdf (https://v5.airtableusercontent.com/v3/u/42/42/1749600000000/BFBcSMoynMs4-JeZ8AYRpA/SJtdBhciAop_uVraTotnHR4RVxCuddxCzVsPFOrfWoLeTN0jAbS_veVM1Nhy7CoOHKrwRFgMZ7QXa98IP7yXFngs-tey2pcbPfLOg3eCo7KMuN8Gdk0pbJC5UTObvJoQv02df5pWjv-sckqMi50KTO1eMGPNVdhdjacZJylkri8/7iwOVDRM02q2KTbTekwXoLZl3hx-tIp_GdQt2bHrxps),,,,,,See list of NYG&C products for Great Lakes cheese posted in record 1. ,4/11/2024 3:28pm,,,Great Lakes Cheese Co.,Sysco,,,,,
"Mozzarella Cheese, Low Moisture Whole Milk, Shredded, 4/5 lb. (Great Lakes Cheese)","Dairy, Eggs, & Cheese",Cheese,4/5 lb.,,Great Lakes Cheese Co.,102374 /102376 /102377,US Foods,,Still Under Review,NY Grown & Certified ,GLC NY Grown and Certified List 2021.pdf (https://v5.airtableusercontent.com/v3/u/42/42/1749600000000/BFBcSMoynMs4-JeZ8AYRpA/SJtdBhciAop_uVraTotnHR4RVxCuddxCzVsPFOrfWoLeTN0jAbS_veVM1Nhy7CoOHKrwRFgMZ7QXa98IP7yXFngs-tey2pcbPfLOg3eCo7KMuN8Gdk0pbJC5UTObvJoQv02df5pWjv-sckqMi50KTO1eMGPNVdhdjacZJylkri8/7iwOVDRM02q2KTbTekwXoLZl3hx-tIp_GdQt2bHrxps),,,,,,See list of NYG&C products for Great Lakes cheese posted in record 1. ,4/11/2024 3:28pm,,,Great Lakes Cheese Co.,US Foods,,,,,
"Mozzarella Cheese, Low Moisture Whole Milk, Shredded, 4/5 lb. (Empire)","Dairy, Eggs, & Cheese",Cheese,4/5 lb.,,Great Lakes Cheese Co.,102376,"Sysco Syracuse,Renzi Foodservice",Sysco SUPC: 1863893,Still Under Review,NY Grown & Certified ,GLC NY Grown and Certified List 2021.pdf (https://v5.airtableusercontent.com/v3/u/42/42/1749600000000/BFBcSMoynMs4-JeZ8AYRpA/SJtdBhciAop_uVraTotnHR4RVxCuddxCzVsPFOrfWoLeTN0jAbS_veVM1Nhy7CoOHKrwRFgMZ7QXa98IP7yXFngs-tey2pcbPfLOg3eCo7KMuN8Gdk0pbJC5UTObvJoQv02df5pWjv-sckqMi50KTO1eMGPNVdhdjacZJylkri8/7iwOVDRM02q2KTbTekwXoLZl3hx-tIp_GdQt2bHrxps),,,,,,See list of NYG&C products for Great Lakes cheese posted in record 1. ,4/11/2024 3:28pm,,,Great Lakes Cheese Co.,Sysco Syracuse,,,,,
NY Extra Sharp Cheddar Cheese 1/10 lb. CNY,"Dairy, Eggs, & Cheese",Cheese,1/10 lb.,,Great Lakes Cheese Co.,101519 /101518 /101536 /101531 /101536/ 73712,"US Foods,Sysco Syracuse",Sysco SUPC: 4948307,Still Under Review,NY Grown & Certified ,GLC NY Grown and Certified List 2020.pdf (https://v5.airtableusercontent.com/v3/u/42/42/1749600000000/DCgLMqY3wwfE41kwckNwGA/PjYOGgu_AuGLiaTHwcAExWRohzS-iW0x-Hg1b42IY08D4q8zqYr5b7Kg19wreH_Y6gWn6ETkiFs6f_MoIhb1sx8UrAmfXyrY2qlG_VotdOlz17QPoOmccJBzlPNsHkg4kSHlWl8NLOnGRRy9vpAuLWilSa0aFLpvXJSmyO19Df0/St0umSc8jQtW2uWlKpVznV9uTBhaQoJzVnuPW3f2Rtc),,,,,,See list of NYG&C products for Great Lakes cheese posted in record 1. ,4/11/2024 3:28pm,,,Great Lakes Cheese Co.,"Sysco Syracuse, US Foods",,,,,
"Smoked Provolone Cheese, Feather Shredded, 4/5 lb. (Unlabeled)","Dairy, Eggs, & Cheese",Cheese,4/5 lb.,,Great Lakes Cheese Co.,102680,Sysco,,Still Under Review,NY Grown & Certified ,GLC NY Grown and Certified List 2021.pdf (https://v5.airtableusercontent.com/v3/u/42/42/1749600000000/gwtQtG7XruS9TjSpocVufA/n5c-_hcd9DqqKKHPfZE8dnFN0URJioKgGWV-zlCUEeZLbJ9u_fUc0BvTQ0wKMSI_O_lOxge1DrZuyWPTbIESvwiL3RJ1wgfjxwLl99KkawNgDeKP9u5214kd2V_hf0pGcoA0eXipWivFAYccQHYGVtyjSaLCBCRzI0SPApf9A8Q/ohyoiMHnvjN3lXl391ursknf2zwzbEK2kSrcr4PvhBs),,,,,,See list of NYG&C products for Great Lakes cheese posted in record 1. ,4/11/2024 3:28pm,,,Great Lakes Cheese Co.,Sysco,,,,,
"Mozzarella Cheese, Low Moisture Whole Milk, Thin Shredded, 4/5 lb. (Empire)","Dairy, Eggs, & Cheese",Cheese,4/5 lb.,,Great Lakes Cheese Co.,102408 / 45037 ,Sysco Syracuse,Sysco SUPC: 1934074,Still Under Review,NY Grown & Certified ,GLC NY Grown and Certified List 2021.pdf (https://v5.airtableusercontent.com/v3/u/42/42/1749600000000/BFBcSMoynMs4-JeZ8AYRpA/SJtdBhciAop_uVraTotnHR4RVxCuddxCzVsPFOrfWoLeTN0jAbS_veVM1Nhy7CoOHKrwRFgMZ7QXa98IP7yXFngs-tey2pcbPfLOg3eCo7KMuN8Gdk0pbJC5UTObvJoQv02df5pWjv-sckqMi50KTO1eMGPNVdhdjacZJylkri8/7iwOVDRM02q2KTbTekwXoLZl3hx-tIp_GdQt2bHrxps),,,,,,See list of NYG&C products for Great Lakes cheese posted in record 1. ,4/11/2024 3:28pm,,,Great Lakes Cheese Co.,Sysco Syracuse,,,,,
Provolone Cheese 2/10 lb. (Great Lakes Cheese),"Dairy, Eggs, & Cheese",Cheese,2/10 lb.,,Great Lakes Cheese Co.,102650,US Foods,,Still Under Review,NY Grown & Certified ,GLC NY Grown and Certified List 2021.pdf (https://v5.airtableusercontent.com/v3/u/42/42/1749600000000/gwtQtG7XruS9TjSpocVufA/n5c-_hcd9DqqKKHPfZE8dnFN0URJioKgGWV-zlCUEeZLbJ9u_fUc0BvTQ0wKMSI_O_lOxge1DrZuyWPTbIESvwiL3RJ1wgfjxwLl99KkawNgDeKP9u5214kd2V_hf0pGcoA0eXipWivFAYccQHYGVtyjSaLCBCRzI0SPApf9A8Q/ohyoiMHnvjN3lXl391ursknf2zwzbEK2kSrcr4PvhBs),,,,,,See list of NYG&C products for Great Lakes cheese posted in record 1. ,4/11/2024 3:28pm,,,Great Lakes Cheese Co.,US Foods,,,,,
"Provolone Cheese, 3/10 lb. (Renata)","Dairy, Eggs, & Cheese",Cheese,3/10 lb.,,Great Lakes Cheese Co.,161148,Sysco,,Still Under Review,NY Grown & Certified ,GLC NY Grown and Certified List 2021.pdf (https://v5.airtableusercontent.com/v3/u/42/42/1749600000000/gwtQtG7XruS9TjSpocVufA/n5c-_hcd9DqqKKHPfZE8dnFN0URJioKgGWV-zlCUEeZLbJ9u_fUc0BvTQ0wKMSI_O_lOxge1DrZuyWPTbIESvwiL3RJ1wgfjxwLl99KkawNgDeKP9u5214kd2V_hf0pGcoA0eXipWivFAYccQHYGVtyjSaLCBCRzI0SPApf9A8Q/ohyoiMHnvjN3lXl391ursknf2zwzbEK2kSrcr4PvhBs),,,,,,See list of NYG&C products for Great Lakes cheese posted in record 1. ,4/11/2024 3:28pm,,,Great Lakes Cheese Co.,Sysco,,,,,
"50/50 Part Skim Provolone Cheese, Feather Shredded, 4/5 lb. (Calabria)","Dairy, Eggs, & Cheese",Cheese,4/5 lb.,,Great Lakes Cheese Co.,102313,Sysco,,Still Under Review,NY Grown & Certified ,GLC NY Grown and Certified List 2021.pdf (https://v5.airtableusercontent.com/v3/u/42/42/1749600000000/5MZzN8Koe8eJUAPBCTYUWA/I71w1qtMxFFx9AOktNT7LX8fMgRCehZ6M7SO9JbdqSpAyrI95j39tL0_C7HqOGRDLrvO9E8f0xDD-x_Q1rokv6_KEyUGh998R5GyqfeVrCKYTnc8uvGo9gqhgvkmbxOKrcpI-E1YIyOcfdEh-BHtDqndHG0G_qBWl2eJ0USWxNM/UCpomYerP1psI3SqMwc-uEHnrQDusNhZLuU4LrB8jEI),,,,,,See list of NYG&C products for Great Lakes cheese posted in record 1. ,4/11/2024 3:28pm,,,Great Lakes Cheese Co.,Sysco,,,,,
"50/40/10 Part Skim Provolone & Cheddar W DIC, 4/5 lb. (Unlabeled)","Dairy, Eggs, & Cheese",Cheese,4/5 lb.,,Great Lakes Cheese Co.,102489,US Foods,,Still Under Review,NY Grown & Certified ,GLC NY Grown and Certified List 2021.pdf (https://v5.airtableusercontent.com/v3/u/42/42/1749600000000/5MZzN8Koe8eJUAPBCTYUWA/I71w1qtMxFFx9AOktNT7LX8fMgRCehZ6M7SO9JbdqSpAyrI95j39tL0_C7HqOGRDLrvO9E8f0xDD-x_Q1rokv6_KEyUGh998R5GyqfeVrCKYTnc8uvGo9gqhgvkmbxOKrcpI-E1YIyOcfdEh-BHtDqndHG0G_qBWl2eJ0USWxNM/UCpomYerP1psI3SqMwc-uEHnrQDusNhZLuU4LrB8jEI),,,,,,See list of NYG&C products for Great Lakes cheese posted in record 1. ,4/11/2024 3:28pm,,,Great Lakes Cheese Co.,US Foods,,,,,
"60/20/20 Part Skim Cheddar Cheese W & Provolone DIC, 4/5 lb. (Cara Donna)","Dairy, Eggs, & Cheese",Cheese,4/5 lb.,,Great Lakes Cheese Co.,102519,US Foods,,Still Under Review,NY Grown & Certified ,GLC NY Grown and Certified List 2021.pdf (https://v5.airtableusercontent.com/v3/u/42/42/1749600000000/5MZzN8Koe8eJUAPBCTYUWA/I71w1qtMxFFx9AOktNT7LX8fMgRCehZ6M7SO9JbdqSpAyrI95j39tL0_C7HqOGRDLrvO9E8f0xDD-x_Q1rokv6_KEyUGh998R5GyqfeVrCKYTnc8uvGo9gqhgvkmbxOKrcpI-E1YIyOcfdEh-BHtDqndHG0G_qBWl2eJ0USWxNM/UCpomYerP1psI3SqMwc-uEHnrQDusNhZLuU4LrB8jEI),,,,,,See list of NYG&C products for Great Lakes cheese posted in record 1. ,4/11/2024 3:28pm,,,Great Lakes Cheese Co.,US Foods,,,,,
"50/50 Part Skim Monterey Jack Cheese, Feather Shredded, 4/5 lb. (Unlabeled)","Dairy, Eggs, & Cheese",Cheese,4/5 lb.,,Great Lakes Cheese Co.,101951,US Foods,,Still Under Review,NY Grown & Certified ,GLC NY Grown and Certified List 2021.pdf (https://v5.airtableusercontent.com/v3/u/42/42/1749600000000/5MZzN8Koe8eJUAPBCTYUWA/I71w1qtMxFFx9AOktNT7LX8fMgRCehZ6M7SO9JbdqSpAyrI95j39tL0_C7HqOGRDLrvO9E8f0xDD-x_Q1rokv6_KEyUGh998R5GyqfeVrCKYTnc8uvGo9gqhgvkmbxOKrcpI-E1YIyOcfdEh-BHtDqndHG0G_qBWl2eJ0USWxNM/UCpomYerP1psI3SqMwc-uEHnrQDusNhZLuU4LrB8jEI),,,,,,See list of NYG&C products for Great Lakes cheese posted in record 1. ,4/11/2024 3:28pm,,,Great Lakes Cheese Co.,US Foods,,,,,
"Mozzarella Cheese, Low Moisture Part Skim, DIC 4/5 lb. (Great Lakes Cheese)","Dairy, Eggs, & Cheese",Cheese,4/5 lb.,,Great Lakes Cheese Co.,102295,US Foods,,Still Under Review,NY Grown & Certified ,GLC NY Grown and Certified List 2021.pdf (https://v5.airtableusercontent.com/v3/u/42/42/1749600000000/BFBcSMoynMs4-JeZ8AYRpA/SJtdBhciAop_uVraTotnHR4RVxCuddxCzVsPFOrfWoLeTN0jAbS_veVM1Nhy7CoOHKrwRFgMZ7QXa98IP7yXFngs-tey2pcbPfLOg3eCo7KMuN8Gdk0pbJC5UTObvJoQv02df5pWjv-sckqMi50KTO1eMGPNVdhdjacZJylkri8/7iwOVDRM02q2KTbTekwXoLZl3hx-tIp_GdQt2bHrxps),,,,,,See list of NYG&C products for Great Lakes cheese posted in record 1. ,4/11/2024 3:28pm,,,Great Lakes Cheese Co.,US Foods,,,,,
"Smoked Provolone Cheese, 3/10 lb. (Renata)","Dairy, Eggs, & Cheese",Cheese,3/10 lb.,,Great Lakes Cheese Co.,161149,Sysco,,Still Under Review,NY Grown & Certified ,GLC NY Grown and Certified List 2021.pdf (https://v5.airtableusercontent.com/v3/u/42/42/1749600000000/gwtQtG7XruS9TjSpocVufA/n5c-_hcd9DqqKKHPfZE8dnFN0URJioKgGWV-zlCUEeZLbJ9u_fUc0BvTQ0wKMSI_O_lOxge1DrZuyWPTbIESvwiL3RJ1wgfjxwLl99KkawNgDeKP9u5214kd2V_hf0pGcoA0eXipWivFAYccQHYGVtyjSaLCBCRzI0SPApf9A8Q/ohyoiMHnvjN3lXl391ursknf2zwzbEK2kSrcr4PvhBs),,,,,,See list of NYG&C products for Great Lakes cheese posted in record 1. ,4/11/2024 3:28pm,,,Great Lakes Cheese Co.,Sysco,,,,,
"Mozzarella Cheese, Low Moisture Whole Milk, DIC 4/5 lb. (Empire)","Dairy, Eggs, & Cheese",Cheese,4/5 lb.,,Great Lakes Cheese Co.,102284,US Foods,,Still Under Review,NY Grown & Certified ,GLC NY Grown and Certified List 2021.pdf (https://v5.airtableusercontent.com/v3/u/42/42/1749600000000/BFBcSMoynMs4-JeZ8AYRpA/SJtdBhciAop_uVraTotnHR4RVxCuddxCzVsPFOrfWoLeTN0jAbS_veVM1Nhy7CoOHKrwRFgMZ7QXa98IP7yXFngs-tey2pcbPfLOg3eCo7KMuN8Gdk0pbJC5UTObvJoQv02df5pWjv-sckqMi50KTO1eMGPNVdhdjacZJylkri8/7iwOVDRM02q2KTbTekwXoLZl3hx-tIp_GdQt2bHrxps),,,,,,See list of NYG&C products for Great Lakes cheese posted in record 1. ,4/11/2024 3:28pm,,,Great Lakes Cheese Co.,US Foods,,,,,
"50/50 Whole Milk Provolone Cheese, Feather Shredded, 4/5 lb. (Empire)","Dairy, Eggs, & Cheese",Cheese,4/5 lb.,,Great Lakes Cheese Co.,169409,Sysco,,Still Under Review,NY Grown & Certified ,GLC NY Grown and Certified List 2021.pdf (https://v5.airtableusercontent.com/v3/u/42/42/1749600000000/5MZzN8Koe8eJUAPBCTYUWA/I71w1qtMxFFx9AOktNT7LX8fMgRCehZ6M7SO9JbdqSpAyrI95j39tL0_C7HqOGRDLrvO9E8f0xDD-x_Q1rokv6_KEyUGh998R5GyqfeVrCKYTnc8uvGo9gqhgvkmbxOKrcpI-E1YIyOcfdEh-BHtDqndHG0G_qBWl2eJ0USWxNM/UCpomYerP1psI3SqMwc-uEHnrQDusNhZLuU4LrB8jEI),,,,,,See list of NYG&C products for Great Lakes cheese posted in record 1. ,4/11/2024 3:28pm,,,Great Lakes Cheese Co.,Sysco,,,,,
"50/50 Part Skim Provolone Cheese DIC, 4/5 lb. (Renata)","Dairy, Eggs, & Cheese",Cheese,4/5 lb.,,Great Lakes Cheese Co.,161142,Sysco,,Still Under Review,NY Grown & Certified ,GLC NY Grown and Certified List 2021.pdf (https://v5.airtableusercontent.com/v3/u/42/42/1749600000000/5MZzN8Koe8eJUAPBCTYUWA/I71w1qtMxFFx9AOktNT7LX8fMgRCehZ6M7SO9JbdqSpAyrI95j39tL0_C7HqOGRDLrvO9E8f0xDD-x_Q1rokv6_KEyUGh998R5GyqfeVrCKYTnc8uvGo9gqhgvkmbxOKrcpI-E1YIyOcfdEh-BHtDqndHG0G_qBWl2eJ0USWxNM/UCpomYerP1psI3SqMwc-uEHnrQDusNhZLuU4LrB8jEI),,,,,,See list of NYG&C products for Great Lakes cheese posted in record 1. ,4/11/2024 3:28pm,,,Great Lakes Cheese Co.,Sysco,,,,,
"Mozzarella Cheese, Low Moisture Whole Milk, Feather Shredded, 4/5 lb. (Cara Donna)","Dairy, Eggs, & Cheese",Cheese,4/5 lb.,,Great Lakes Cheese Co.,102414,US Foods,,Still Under Review,NY Grown & Certified ,GLC NY Grown and Certified List 2021.pdf (https://v5.airtableusercontent.com/v3/u/42/42/1749600000000/BFBcSMoynMs4-JeZ8AYRpA/SJtdBhciAop_uVraTotnHR4RVxCuddxCzVsPFOrfWoLeTN0jAbS_veVM1Nhy7CoOHKrwRFgMZ7QXa98IP7yXFngs-tey2pcbPfLOg3eCo7KMuN8Gdk0pbJC5UTObvJoQv02df5pWjv-sckqMi50KTO1eMGPNVdhdjacZJylkri8/7iwOVDRM02q2KTbTekwXoLZl3hx-tIp_GdQt2bHrxps),,,,,,See list of NYG&C products for Great Lakes cheese posted in record 1. ,4/11/2024 3:28pm,,,Great Lakes Cheese Co.,US Foods,,,,,
"Provolone Cheese, Feather Shredded, 4/5 lb. (Roseli)","Dairy, Eggs, & Cheese",Cheese,4/5 lb.,,Great Lakes Cheese Co.,168591,US Foods,,Still Under Review,NY Grown & Certified ,GLC NY Grown and Certified List 2021.pdf (https://v5.airtableusercontent.com/v3/u/42/42/1749600000000/gwtQtG7XruS9TjSpocVufA/n5c-_hcd9DqqKKHPfZE8dnFN0URJioKgGWV-zlCUEeZLbJ9u_fUc0BvTQ0wKMSI_O_lOxge1DrZuyWPTbIESvwiL3RJ1wgfjxwLl99KkawNgDeKP9u5214kd2V_hf0pGcoA0eXipWivFAYccQHYGVtyjSaLCBCRzI0SPApf9A8Q/ohyoiMHnvjN3lXl391ursknf2zwzbEK2kSrcr4PvhBs),,,,,,See list of NYG&C products for Great Lakes cheese posted in record 1. ,4/11/2024 3:28pm,,,Great Lakes Cheese Co.,US Foods,,,,,
"Mozzarella Cheese, Low Moisture Whole Milk, Shredded, 4/5 lb. (Cara Donna)","Dairy, Eggs, & Cheese",Cheese,4/5 lb.,,Great Lakes Cheese Co.,102374,US Foods,,Still Under Review,NY Grown & Certified ,GLC NY Grown and Certified List 2021.pdf (https://v5.airtableusercontent.com/v3/u/42/42/1749600000000/BFBcSMoynMs4-JeZ8AYRpA/SJtdBhciAop_uVraTotnHR4RVxCuddxCzVsPFOrfWoLeTN0jAbS_veVM1Nhy7CoOHKrwRFgMZ7QXa98IP7yXFngs-tey2pcbPfLOg3eCo7KMuN8Gdk0pbJC5UTObvJoQv02df5pWjv-sckqMi50KTO1eMGPNVdhdjacZJylkri8/7iwOVDRM02q2KTbTekwXoLZl3hx-tIp_GdQt2bHrxps),,,,,,See list of NYG&C products for Great Lakes cheese posted in record 1. ,4/11/2024 3:28pm,,,Great Lakes Cheese Co.,US Foods,,,,,
"Mozzarella Cheese, Low Moisture Part Skim, 8/6 lb. (Great Lakes Cheese)","Dairy, Eggs, & Cheese",Cheese,8/6 lb.,,Great Lakes Cheese Co.,102446,US Foods Buffalo,USF: 1407154,Still Under Review,NY Grown & Certified ,GLC NY Grown and Certified List 2021.pdf (https://v5.airtableusercontent.com/v3/u/42/42/1749600000000/BFBcSMoynMs4-JeZ8AYRpA/SJtdBhciAop_uVraTotnHR4RVxCuddxCzVsPFOrfWoLeTN0jAbS_veVM1Nhy7CoOHKrwRFgMZ7QXa98IP7yXFngs-tey2pcbPfLOg3eCo7KMuN8Gdk0pbJC5UTObvJoQv02df5pWjv-sckqMi50KTO1eMGPNVdhdjacZJylkri8/7iwOVDRM02q2KTbTekwXoLZl3hx-tIp_GdQt2bHrxps),,,,,,See list of NYG&C products for Great Lakes cheese posted in record 1. ,4/11/2024 3:28pm,,,Great Lakes Cheese Co.,US Foods Buffalo,,,,,
"80/10/10 Part Skim Provolone & Cheddar W, Feather Shredded, 4/5 lb. (Great Lakes Cheese)","Dairy, Eggs, & Cheese",Cheese,4/5 lb.,,Great Lakes Cheese Co.,102516,US Foods,,Still Under Review,NY Grown & Certified ,GLC NY Grown and Certified List 2021.pdf (https://v5.airtableusercontent.com/v3/u/42/42/1749600000000/5MZzN8Koe8eJUAPBCTYUWA/I71w1qtMxFFx9AOktNT7LX8fMgRCehZ6M7SO9JbdqSpAyrI95j39tL0_C7HqOGRDLrvO9E8f0xDD-x_Q1rokv6_KEyUGh998R5GyqfeVrCKYTnc8uvGo9gqhgvkmbxOKrcpI-E1YIyOcfdEh-BHtDqndHG0G_qBWl2eJ0USWxNM/UCpomYerP1psI3SqMwc-uEHnrQDusNhZLuU4LrB8jEI),,,,,,See list of NYG&C products for Great Lakes cheese posted in record 1. ,4/11/2024 3:28pm,,,Great Lakes Cheese Co.,US Foods,,,,,
"70/30 Whole Milk Muenster Cheese DIC, 4/5 lb. (Unlabeled)","Dairy, Eggs, & Cheese",Cheese,4/5 lb.,,Great Lakes Cheese Co.,161613,Sysco,,Still Under Review,NY Grown & Certified ,GLC NY Grown and Certified List 2021.pdf (https://v5.airtableusercontent.com/v3/u/42/42/1749600000000/5MZzN8Koe8eJUAPBCTYUWA/I71w1qtMxFFx9AOktNT7LX8fMgRCehZ6M7SO9JbdqSpAyrI95j39tL0_C7HqOGRDLrvO9E8f0xDD-x_Q1rokv6_KEyUGh998R5GyqfeVrCKYTnc8uvGo9gqhgvkmbxOKrcpI-E1YIyOcfdEh-BHtDqndHG0G_qBWl2eJ0USWxNM/UCpomYerP1psI3SqMwc-uEHnrQDusNhZLuU4LrB8jEI),,,,,,See list of NYG&C products for Great Lakes cheese posted in record 1. ,4/11/2024 3:28pm,,,Great Lakes Cheese Co.,Sysco,,,,,
"50/50 Whole Milk Cheddar Cheese W, Feather Shredded, 4/5 lb. (Great Lakes Cheese)","Dairy, Eggs, & Cheese",Cheese,4/5 lb.,,Great Lakes Cheese Co.,102366,"US Foods Buffalo,Maplevale",USF: 6677314,Still Under Review,NY Grown & Certified ,GLC NY Grown and Certified List 2021.pdf (https://v5.airtableusercontent.com/v3/u/42/42/1749600000000/5MZzN8Koe8eJUAPBCTYUWA/I71w1qtMxFFx9AOktNT7LX8fMgRCehZ6M7SO9JbdqSpAyrI95j39tL0_C7HqOGRDLrvO9E8f0xDD-x_Q1rokv6_KEyUGh998R5GyqfeVrCKYTnc8uvGo9gqhgvkmbxOKrcpI-E1YIyOcfdEh-BHtDqndHG0G_qBWl2eJ0USWxNM/UCpomYerP1psI3SqMwc-uEHnrQDusNhZLuU4LrB8jEI),,,,,,See list of NYG&C products for Great Lakes cheese posted in record 1. ,4/11/2024 3:28pm,,,Great Lakes Cheese Co.,"Maplevale, US Foods Buffalo",,,,,
"Mozzarella Cheese, Low Moisture Part Skim, 8/6 lb. (Cara Donna)","Dairy, Eggs, & Cheese",Cheese,8/6 lb.,,Great Lakes Cheese Co.,102439,US Foods,,Still Under Review,NY Grown & Certified ,GLC NY Grown and Certified List 2021.pdf (https://v5.airtableusercontent.com/v3/u/42/42/1749600000000/BFBcSMoynMs4-JeZ8AYRpA/SJtdBhciAop_uVraTotnHR4RVxCuddxCzVsPFOrfWoLeTN0jAbS_veVM1Nhy7CoOHKrwRFgMZ7QXa98IP7yXFngs-tey2pcbPfLOg3eCo7KMuN8Gdk0pbJC5UTObvJoQv02df5pWjv-sckqMi50KTO1eMGPNVdhdjacZJylkri8/7iwOVDRM02q2KTbTekwXoLZl3hx-tIp_GdQt2bHrxps),,,,,,See list of NYG&C products for Great Lakes cheese posted in record 1. ,4/11/2024 3:28pm,,,Great Lakes Cheese Co.,US Foods,,,,,
"Mozzarella Cheese, Low Moisture Whole Milk, Feather Shredded, 4/5 lb. (D.P. Dough)","Dairy, Eggs, & Cheese",Cheese,4/5 lb.,,Great Lakes Cheese Co.,168585,US Foods,,Still Under Review,NY Grown & Certified ,GLC NY Grown and Certified List 2021.pdf (https://v5.airtableusercontent.com/v3/u/42/42/1749600000000/BFBcSMoynMs4-JeZ8AYRpA/SJtdBhciAop_uVraTotnHR4RVxCuddxCzVsPFOrfWoLeTN0jAbS_veVM1Nhy7CoOHKrwRFgMZ7QXa98IP7yXFngs-tey2pcbPfLOg3eCo7KMuN8Gdk0pbJC5UTObvJoQv02df5pWjv-sckqMi50KTO1eMGPNVdhdjacZJylkri8/7iwOVDRM02q2KTbTekwXoLZl3hx-tIp_GdQt2bHrxps),,,,,,See list of NYG&C products for Great Lakes cheese posted in record 1. ,4/11/2024 3:28pm,,,Great Lakes Cheese Co.,US Foods,,,,,
"Mozzarella Cheese, Low Moisture Part Skim, DIC 4/5 lb. (Bella Isola)","Dairy, Eggs, & Cheese",Cheese,4/5 lb.,,Great Lakes Cheese Co.,102292,Sysco,,Still Under Review,NY Grown & Certified ,GLC NY Grown and Certified List 2021.pdf (https://v5.airtableusercontent.com/v3/u/42/42/1749600000000/BFBcSMoynMs4-JeZ8AYRpA/SJtdBhciAop_uVraTotnHR4RVxCuddxCzVsPFOrfWoLeTN0jAbS_veVM1Nhy7CoOHKrwRFgMZ7QXa98IP7yXFngs-tey2pcbPfLOg3eCo7KMuN8Gdk0pbJC5UTObvJoQv02df5pWjv-sckqMi50KTO1eMGPNVdhdjacZJylkri8/7iwOVDRM02q2KTbTekwXoLZl3hx-tIp_GdQt2bHrxps),,,,,,See list of NYG&C products for Great Lakes cheese posted in record 1. ,4/11/2024 3:28pm,,,Great Lakes Cheese Co.,Sysco,,,,,
"Provolone Cheese, Feather Shredded, 4/5 lb. (Great Lakes Cheese)","Dairy, Eggs, & Cheese",Cheese,4/5 lb.,,Great Lakes Cheese Co.,102663 / 1068591,US Foods,,Still Under Review,NY Grown & Certified ,GLC NY Grown and Certified List 2021.pdf (https://v5.airtableusercontent.com/v3/u/42/42/1749600000000/gwtQtG7XruS9TjSpocVufA/n5c-_hcd9DqqKKHPfZE8dnFN0URJioKgGWV-zlCUEeZLbJ9u_fUc0BvTQ0wKMSI_O_lOxge1DrZuyWPTbIESvwiL3RJ1wgfjxwLl99KkawNgDeKP9u5214kd2V_hf0pGcoA0eXipWivFAYccQHYGVtyjSaLCBCRzI0SPApf9A8Q/ohyoiMHnvjN3lXl391ursknf2zwzbEK2kSrcr4PvhBs),,,,,,See list of NYG&C products for Great Lakes cheese posted in record 1. ,4/11/2024 3:28pm,,,Great Lakes Cheese Co.,US Foods,,,,,
"50/50 Part Skim Provolone Cheese, Feather Shredded, 4/5 lb. (Renata)","Dairy, Eggs, & Cheese",Cheese,4/5 lb.,,Great Lakes Cheese Co.,161143,Sysco,,Still Under Review,NY Grown & Certified ,GLC NY Grown and Certified List 2021.pdf (https://v5.airtableusercontent.com/v3/u/42/42/1749600000000/5MZzN8Koe8eJUAPBCTYUWA/I71w1qtMxFFx9AOktNT7LX8fMgRCehZ6M7SO9JbdqSpAyrI95j39tL0_C7HqOGRDLrvO9E8f0xDD-x_Q1rokv6_KEyUGh998R5GyqfeVrCKYTnc8uvGo9gqhgvkmbxOKrcpI-E1YIyOcfdEh-BHtDqndHG0G_qBWl2eJ0USWxNM/UCpomYerP1psI3SqMwc-uEHnrQDusNhZLuU4LrB8jEI),,,,,,See list of NYG&C products for Great Lakes cheese posted in record 1. ,4/11/2024 3:28pm,,,Great Lakes Cheese Co.,Sysco,,,,,
"Cheddar Cheese, Mild, Feather Shredded, 4/5 lb.","Dairy, Eggs, & Cheese",Cheese,4/5 lb.,,Great Lakes Cheese Co.,100970,US Foods Buffalo,USF: 9235441,Still Under Review,NY Grown & Certified ,GLC NY Grown and Certified List 2021.pdf (https://v5.airtableusercontent.com/v3/u/42/42/1749600000000/cGzHFDy5I_1gPX66u_DPGA/Vy1B5xL1KGSaPYqBJTuOH_YSrNB1NQFFSxBAX1mcj8wU7JCxwPvQgbg-6B9X8EdHuVBfS4BT9jstKU9Z2rMGKleh_XY3p_udqT_t_cLbTzNEZ9CAswQiifjLw5wzWN-1FyNBWfQjDejkluibO0PaKhhtIfzMt1zrI8c0nWPeSlo/5rNXMWaVk8wFh4-NCZnN7Tsz-1ZuH-lFzvOkeWF53Gg),,,,,,See list of NYG&C products for Great Lakes cheese posted in record 1. ,4/11/2024 3:28pm,,,Great Lakes Cheese Co.,US Foods Buffalo,,,,,
"Provolone Cheese, Sliced, 6/1.5 lb. ","Dairy, Eggs, & Cheese",Cheese,6/1.5 lb. ,,Great Lakes Cheese Co.,102570,US Foods Buffalo,USF: 7227796,Still Under Review,NY Grown & Certified ,GLC NY Grown and Certified List 2021.pdf (https://v5.airtableusercontent.com/v3/u/42/42/1749600000000/gwtQtG7XruS9TjSpocVufA/n5c-_hcd9DqqKKHPfZE8dnFN0URJioKgGWV-zlCUEeZLbJ9u_fUc0BvTQ0wKMSI_O_lOxge1DrZuyWPTbIESvwiL3RJ1wgfjxwLl99KkawNgDeKP9u5214kd2V_hf0pGcoA0eXipWivFAYccQHYGVtyjSaLCBCRzI0SPApf9A8Q/ohyoiMHnvjN3lXl391ursknf2zwzbEK2kSrcr4PvhBs),,,,,,See list of NYG&C products for Great Lakes cheese posted in record 1. ,4/11/2024 3:28pm,,,Great Lakes Cheese Co.,US Foods Buffalo,,,,,
"Mozzarella  Cheese, Low Moisture Whole Milk, Feather Shredded, 4/5 lb. (Cortona)","Dairy, Eggs, & Cheese",Cheese,4/5 lb.,,Great Lakes Cheese Co.,102415,"Maplevale,Renzi Foodservice",MV: 12540,Still Under Review,NY Grown & Certified ,GLC NY Grown and Certified List 2021.pdf (https://v5.airtableusercontent.com/v3/u/42/42/1749600000000/BFBcSMoynMs4-JeZ8AYRpA/SJtdBhciAop_uVraTotnHR4RVxCuddxCzVsPFOrfWoLeTN0jAbS_veVM1Nhy7CoOHKrwRFgMZ7QXa98IP7yXFngs-tey2pcbPfLOg3eCo7KMuN8Gdk0pbJC5UTObvJoQv02df5pWjv-sckqMi50KTO1eMGPNVdhdjacZJylkri8/7iwOVDRM02q2KTbTekwXoLZl3hx-tIp_GdQt2bHrxps),,,,,,See list of NYG&C products for Great Lakes cheese posted in record 1. ,4/11/2024 3:28pm,,,Great Lakes Cheese Co.,Maplevale,,,,,
"Mozzarella Cheese, Low Moisture, Whole Milk, Shredded, 4/5 lb. (Cortona)","Dairy, Eggs, & Cheese",Cheese,4/5 lb.,,Great Lakes Cheese Co.,161200,Maplevale,MV: 12530,Still Under Review,NY Grown & Certified ,GLC NY Grown and Certified List 2021.pdf (https://v5.airtableusercontent.com/v3/u/42/42/1749600000000/BFBcSMoynMs4-JeZ8AYRpA/SJtdBhciAop_uVraTotnHR4RVxCuddxCzVsPFOrfWoLeTN0jAbS_veVM1Nhy7CoOHKrwRFgMZ7QXa98IP7yXFngs-tey2pcbPfLOg3eCo7KMuN8Gdk0pbJC5UTObvJoQv02df5pWjv-sckqMi50KTO1eMGPNVdhdjacZJylkri8/7iwOVDRM02q2KTbTekwXoLZl3hx-tIp_GdQt2bHrxps),,,,,,See list of NYG&C products for Great Lakes cheese posted in record 1. ,4/11/2024 3:28pm,,,Great Lakes Cheese Co.,Maplevale,,,,,
"Mozzarella Cheese, Low Moisture Part Skim, Shredded, 4/5 lb. (Cortona)","Dairy, Eggs, & Cheese",Cheese,4/5 lb.,,Great Lakes Cheese Co.,161201,"Maplevale,Renzi Foodservice",MV: 12552,Still Under Review,NY Grown & Certified ,GLC NY Grown and Certified List 2021.pdf (https://v5.airtableusercontent.com/v3/u/42/42/1749600000000/BFBcSMoynMs4-JeZ8AYRpA/SJtdBhciAop_uVraTotnHR4RVxCuddxCzVsPFOrfWoLeTN0jAbS_veVM1Nhy7CoOHKrwRFgMZ7QXa98IP7yXFngs-tey2pcbPfLOg3eCo7KMuN8Gdk0pbJC5UTObvJoQv02df5pWjv-sckqMi50KTO1eMGPNVdhdjacZJylkri8/7iwOVDRM02q2KTbTekwXoLZl3hx-tIp_GdQt2bHrxps),,,,,,See list of NYG&C products for Great Lakes cheese posted in record 1. ,4/11/2024 3:28pm,,,Great Lakes Cheese Co.,Maplevale,,,,,
"Provolone Cheese, 3/10 lb. (Cortona)","Dairy, Eggs, & Cheese",Cheese,3/10 lb.,,Great Lakes Cheese Co.,102672,Maplevale,MV: 12606,Still Under Review,NY Grown & Certified ,GLC NY Grown and Certified List 2021.pdf (https://v5.airtableusercontent.com/v3/u/42/42/1749600000000/gwtQtG7XruS9TjSpocVufA/n5c-_hcd9DqqKKHPfZE8dnFN0URJioKgGWV-zlCUEeZLbJ9u_fUc0BvTQ0wKMSI_O_lOxge1DrZuyWPTbIESvwiL3RJ1wgfjxwLl99KkawNgDeKP9u5214kd2V_hf0pGcoA0eXipWivFAYccQHYGVtyjSaLCBCRzI0SPApf9A8Q/ohyoiMHnvjN3lXl391ursknf2zwzbEK2kSrcr4PvhBs),,,,,,See list of NYG&C products for Great Lakes cheese posted in record 1. ,4/11/2024 3:28pm,,,Great Lakes Cheese Co.,Maplevale,,,,,
"Mozzarella Cheese, Low Moisture Whole Milk, 8/6 lb (Cortona)","Dairy, Eggs, & Cheese",Cheese,8/6 lb.,,Great Lakes Cheese Co.,102464,Maplevale,MV: 12390,Still Under Review,NY Grown & Certified ,GLC NY Grown and Certified List 2021.pdf (https://v5.airtableusercontent.com/v3/u/42/42/1749600000000/BFBcSMoynMs4-JeZ8AYRpA/SJtdBhciAop_uVraTotnHR4RVxCuddxCzVsPFOrfWoLeTN0jAbS_veVM1Nhy7CoOHKrwRFgMZ7QXa98IP7yXFngs-tey2pcbPfLOg3eCo7KMuN8Gdk0pbJC5UTObvJoQv02df5pWjv-sckqMi50KTO1eMGPNVdhdjacZJylkri8/7iwOVDRM02q2KTbTekwXoLZl3hx-tIp_GdQt2bHrxps),,,,,,See list of NYG&C products for Great Lakes cheese posted in record 1. ,4/11/2024 3:28pm,,,Great Lakes Cheese Co.,Maplevale,,,,,
"75/25 Whole Milk Mozzarella & Provolone, Feather Shredded, 4/5 lb. ","Dairy, Eggs, & Cheese",Cheese,4/5 lb.,,Great Lakes Cheese Co.,102328,Maplevale,MV: 12546,Still Under Review,NY Grown & Certified ,GLC NY Grown and Certified List 2021.pdf (https://v5.airtableusercontent.com/v3/u/42/42/1749600000000/5MZzN8Koe8eJUAPBCTYUWA/I71w1qtMxFFx9AOktNT7LX8fMgRCehZ6M7SO9JbdqSpAyrI95j39tL0_C7HqOGRDLrvO9E8f0xDD-x_Q1rokv6_KEyUGh998R5GyqfeVrCKYTnc8uvGo9gqhgvkmbxOKrcpI-E1YIyOcfdEh-BHtDqndHG0G_qBWl2eJ0USWxNM/UCpomYerP1psI3SqMwc-uEHnrQDusNhZLuU4LrB8jEI),,,,,,See list of NYG&C products for Great Lakes cheese posted in record 1. ,4/11/2024 3:28pm,,,Great Lakes Cheese Co.,Maplevale,,,,,
"50/50 Part Skim Mozzarella & Provolone, Shredded 4/5 lb. (Cortona)","Dairy, Eggs, & Cheese",Cheese,4/5 lb.,,Great Lakes Cheese Co.,161202,Maplevale,MV: 12574,Still Under Review,NY Grown & Certified ,GLC NY Grown and Certified List 2021.pdf (https://v5.airtableusercontent.com/v3/u/42/42/1749600000000/5MZzN8Koe8eJUAPBCTYUWA/I71w1qtMxFFx9AOktNT7LX8fMgRCehZ6M7SO9JbdqSpAyrI95j39tL0_C7HqOGRDLrvO9E8f0xDD-x_Q1rokv6_KEyUGh998R5GyqfeVrCKYTnc8uvGo9gqhgvkmbxOKrcpI-E1YIyOcfdEh-BHtDqndHG0G_qBWl2eJ0USWxNM/UCpomYerP1psI3SqMwc-uEHnrQDusNhZLuU4LrB8jEI),,,,,,See list of NYG&C products for Great Lakes cheese posted in record 1. ,4/11/2024 3:28pm,,,Great Lakes Cheese Co.,Maplevale,,,,,
"50/50 Part Skim, Mozzarella & Provolone Cheese, Feather Shredded, 4/5 lb. (Cortona)","Dairy, Eggs, & Cheese",Cheese,4/5 lb.,,Great Lakes Cheese Co.,102314,Maplevale,MV: 12570,Still Under Review,NY Grown & Certified ,GLC NY Grown and Certified List 2021.pdf (https://v5.airtableusercontent.com/v3/u/42/42/1749600000000/5MZzN8Koe8eJUAPBCTYUWA/I71w1qtMxFFx9AOktNT7LX8fMgRCehZ6M7SO9JbdqSpAyrI95j39tL0_C7HqOGRDLrvO9E8f0xDD-x_Q1rokv6_KEyUGh998R5GyqfeVrCKYTnc8uvGo9gqhgvkmbxOKrcpI-E1YIyOcfdEh-BHtDqndHG0G_qBWl2eJ0USWxNM/UCpomYerP1psI3SqMwc-uEHnrQDusNhZLuU4LrB8jEI),,,,,,See list of NYG&C products for Great Lakes cheese posted in record 1. ,4/11/2024 3:28pm,,,Great Lakes Cheese Co.,Maplevale,,,,,
NY Sharp Cheddar Cheese 1/10 lb. ,"Dairy, Eggs, & Cheese",Cheese,1/10 lb.,,Great Lakes Cheese Co.,23612,Sysco Syracuse,Sysco SUPC: 4948325,Still Under Review,NY Grown & Certified ,GLC NY Grown and Certified List 2021.pdf (https://v5.airtableusercontent.com/v3/u/42/42/1749600000000/_MV6rThvrXlyLJceiLYxzA/tRwDJIMXBbiaRbvKYMq7vYk-CM87uZoX5EXezdnVC4aPNxBQzooUzLrvuwzDxzm3hWHEVEM93mHh1fUKrkJuRpvYpjMTOLRzYou9liva08LPx7rfdvexRQ0v9pEYweDW4Opzk2nmdfNHf7H08oFKLw4JAUT89-Dzyh2_Epk91XM/0t3RoHytHTNtjDN-WZhpaYXGH28_7H0wFROkAL2V_iA),,,,,,See list of NYG&C products for Great Lakes cheese posted in record 1. ,4/11/2024 3:28pm,,,Great Lakes Cheese Co.,Sysco Syracuse,,,,,
"  Cheddar  Cheese, Sharp, Fancy Shredded, 4/5 lbs.","Dairy, Eggs, & Cheese",Cheese,4/5 lb.,,Great Lakes Cheese Co.,23444,Sysco Syracuse,Sysco SUPC: 7142452,Still Under Review,NY Grown & Certified ,GLC NY Grown and Certified List 2021.pdf (https://v5.airtableusercontent.com/v3/u/42/42/1749600000000/5MZzN8Koe8eJUAPBCTYUWA/I71w1qtMxFFx9AOktNT7LX8fMgRCehZ6M7SO9JbdqSpAyrI95j39tL0_C7HqOGRDLrvO9E8f0xDD-x_Q1rokv6_KEyUGh998R5GyqfeVrCKYTnc8uvGo9gqhgvkmbxOKrcpI-E1YIyOcfdEh-BHtDqndHG0G_qBWl2eJ0USWxNM/UCpomYerP1psI3SqMwc-uEHnrQDusNhZLuU4LrB8jEI),,,,,,See list of NYG&C products for Great Lakes cheese posted in record 1. ,4/11/2024 3:28pm,,,Great Lakes Cheese Co.,Sysco Syracuse,,,,,
Bison Cottage Cheese Lowfat Cottage Cheese: Small Curd,"Dairy, Eggs, & Cheese",Cheese,1 lb.,,Upstate Niagara Cooperative Inc.,9415,"Upstate Niagara Cooperative Inc.,Latina Boulevard,Renzi Foodservice,Depew Dairy,Hudson Dairy",,Yes,NY Grown & Certified ,,Upstate 2023.pdf (https://v5.airtableusercontent.com/v3/u/42/42/1749600000000/wsNdxLYajRuA9lrCOoLNlg/HIbf7bEyGDY6yRBCs-IFPq6ibpCAO3QClJCFKqvcMTKm4wHJ1UbCNRg03mqiZR5YPFz6gdVmD7TVZz2z9atK6ArqsZ8G02CBHcoCh6VCS63IDuyroH2ORhwykxCM-BgTHQtOGxNp0ifrQ1VSeBN2kQ/fpwjcOkhUaalwg5XhUzwj2Za6QkLTWzFr7eHpJl17B8),,,,,,4/11/2024 3:28pm,,,"""Upstate Niagara Cooperative, Inc.""","Hudson Dairy, Depew Dairy, ""Upstate Niagara Cooperative, Inc."", Latina Boulevard, Renzi Foodservice",,,,,
"String Cheese, Low-moisture Part-skim, 1 oz., Bulk","Dairy, Eggs, & Cheese",Cheese,1 oz.,168,Upstate Niagara Cooperative Inc.,9318,"Upstate Niagara Cooperative Inc.,Latina Boulevard,Renzi Foodservice,Depew Dairy,Hudson Dairy,US Foods Buffalo",USF:  6412791,Yes,NY Grown & Certified ,,Upstate 2023.pdf (https://v5.airtableusercontent.com/v3/u/42/42/1749600000000/wsNdxLYajRuA9lrCOoLNlg/HIbf7bEyGDY6yRBCs-IFPq6ibpCAO3QClJCFKqvcMTKm4wHJ1UbCNRg03mqiZR5YPFz6gdVmD7TVZz2z9atK6ArqsZ8G02CBHcoCh6VCS63IDuyroH2ORhwykxCM-BgTHQtOGxNp0ifrQ1VSeBN2kQ/fpwjcOkhUaalwg5XhUzwj2Za6QkLTWzFr7eHpJl17B8),,,,,,4/11/2024 3:28pm,,,"""Upstate Niagara Cooperative, Inc.""","Hudson Dairy, Depew Dairy, ""Upstate Niagara Cooperative, Inc."", Latina Boulevard, Renzi Foodservice, US Foods Buffalo",,,,,
"Bison Cottage Cheese, Small Curd: 1 lb.","Dairy, Eggs, & Cheese",Cheese,1 lb.,,Upstate Niagara Cooperative Inc.,9407,"Upstate Niagara Cooperative Inc.,Latina Boulevard,Renzi Foodservice,Depew Dairy,Hudson Dairy",,Yes,NY Grown & Certified ,Upstate Niagara Cooperative Certificate.pdf (https://v5.airtableusercontent.com/v3/u/42/42/1749600000000/oSLLuxiohSZ2B0ouBNVPOQ/MwKv5G_c5d_TVm0tsiXr6L5Eyr_KSTb2qbDrctYtdya6JhqNumiJPrV76uFF-a9cAnYasXv-X5CDILR7lYlAIWr2FFb8T0aZ2HajsfP6J1YvxEWq45umI-N7Zh6F5b68UlXrxYW1fSZr5gMMexC0MfK4jWo9u5lHhqVcUS4OHESJIdzg9zq9vKI0xK7HMJGe/ByczUdXTXt8RzQGlfJ3onYJytlo3gsE4UhCFYfJfyi8),Upstate 2023.pdf (https://v5.airtableusercontent.com/v3/u/42/42/1749600000000/wsNdxLYajRuA9lrCOoLNlg/HIbf7bEyGDY6yRBCs-IFPq6ibpCAO3QClJCFKqvcMTKm4wHJ1UbCNRg03mqiZR5YPFz6gdVmD7TVZz2z9atK6ArqsZ8G02CBHcoCh6VCS63IDuyroH2ORhwykxCM-BgTHQtOGxNp0ifrQ1VSeBN2kQ/fpwjcOkhUaalwg5XhUzwj2Za6QkLTWzFr7eHpJl17B8),,,,,,4/11/2024 3:28pm,,,"""Upstate Niagara Cooperative, Inc.""","Hudson Dairy, Depew Dairy, ""Upstate Niagara Cooperative, Inc."", Latina Boulevard, Renzi Foodservice",,,,,
Bison Cottage Cheese: Large Curd,"Dairy, Eggs, & Cheese",Cheese,1 lb.,,Upstate Niagara Cooperative Inc.,9402,"Upstate Niagara Cooperative Inc.,Latina Boulevard,Renzi Foodservice,Depew Dairy,Hudson Dairy",,Yes,NY Grown & Certified ,Upstate Niagara Cooperative Certificate.pdf (https://v5.airtableusercontent.com/v3/u/42/42/1749600000000/oSLLuxiohSZ2B0ouBNVPOQ/MwKv5G_c5d_TVm0tsiXr6L5Eyr_KSTb2qbDrctYtdya6JhqNumiJPrV76uFF-a9cAnYasXv-X5CDILR7lYlAIWr2FFb8T0aZ2HajsfP6J1YvxEWq45umI-N7Zh6F5b68UlXrxYW1fSZr5gMMexC0MfK4jWo9u5lHhqVcUS4OHESJIdzg9zq9vKI0xK7HMJGe/ByczUdXTXt8RzQGlfJ3onYJytlo3gsE4UhCFYfJfyi8),Upstate 2023.pdf (https://v5.airtableusercontent.com/v3/u/42/42/1749600000000/wsNdxLYajRuA9lrCOoLNlg/HIbf7bEyGDY6yRBCs-IFPq6ibpCAO3QClJCFKqvcMTKm4wHJ1UbCNRg03mqiZR5YPFz6gdVmD7TVZz2z9atK6ArqsZ8G02CBHcoCh6VCS63IDuyroH2ORhwykxCM-BgTHQtOGxNp0ifrQ1VSeBN2kQ/fpwjcOkhUaalwg5XhUzwj2Za6QkLTWzFr7eHpJl17B8),,,,,,4/11/2024 3:28pm,,,"""Upstate Niagara Cooperative, Inc.""","Hudson Dairy, Depew Dairy, ""Upstate Niagara Cooperative, Inc."", Latina Boulevard, Renzi Foodservice",,,,,
"Bison Cottage Cheese, 1 lb: Chive","Dairy, Eggs, & Cheese",Cheese,1 lb.,,Upstate Niagara Cooperative Inc.,9389,"Upstate Niagara Cooperative Inc.,Latina Boulevard,Renzi Foodservice,Depew Dairy,Hudson Dairy",,Yes,NY Grown & Certified ,Upstate Niagara Cooperative Certificate.pdf (https://v5.airtableusercontent.com/v3/u/42/42/1749600000000/oSLLuxiohSZ2B0ouBNVPOQ/MwKv5G_c5d_TVm0tsiXr6L5Eyr_KSTb2qbDrctYtdya6JhqNumiJPrV76uFF-a9cAnYasXv-X5CDILR7lYlAIWr2FFb8T0aZ2HajsfP6J1YvxEWq45umI-N7Zh6F5b68UlXrxYW1fSZr5gMMexC0MfK4jWo9u5lHhqVcUS4OHESJIdzg9zq9vKI0xK7HMJGe/ByczUdXTXt8RzQGlfJ3onYJytlo3gsE4UhCFYfJfyi8),Upstate 2023.pdf (https://v5.airtableusercontent.com/v3/u/42/42/1749600000000/wsNdxLYajRuA9lrCOoLNlg/HIbf7bEyGDY6yRBCs-IFPq6ibpCAO3QClJCFKqvcMTKm4wHJ1UbCNRg03mqiZR5YPFz6gdVmD7TVZz2z9atK6ArqsZ8G02CBHcoCh6VCS63IDuyroH2ORhwykxCM-BgTHQtOGxNp0ifrQ1VSeBN2kQ/fpwjcOkhUaalwg5XhUzwj2Za6QkLTWzFr7eHpJl17B8),,,,,,4/11/2024 3:28pm,,,"""Upstate Niagara Cooperative, Inc.""","Hudson Dairy, Depew Dairy, ""Upstate Niagara Cooperative, Inc."", Latina Boulevard, Renzi Foodservice",,,,,
"Bison Cottage Cheese, 1 lb: Pineapple","Dairy, Eggs, & Cheese",Cheese,1 lb.,,Upstate Niagara Cooperative Inc.,9385,"Upstate Niagara Cooperative Inc.,Latina Boulevard,Renzi Foodservice,Depew Dairy,Hudson Dairy",,Yes,NY Grown & Certified ,Upstate Niagara Cooperative Certificate.pdf (https://v5.airtableusercontent.com/v3/u/42/42/1749600000000/oSLLuxiohSZ2B0ouBNVPOQ/MwKv5G_c5d_TVm0tsiXr6L5Eyr_KSTb2qbDrctYtdya6JhqNumiJPrV76uFF-a9cAnYasXv-X5CDILR7lYlAIWr2FFb8T0aZ2HajsfP6J1YvxEWq45umI-N7Zh6F5b68UlXrxYW1fSZr5gMMexC0MfK4jWo9u5lHhqVcUS4OHESJIdzg9zq9vKI0xK7HMJGe/ByczUdXTXt8RzQGlfJ3onYJytlo3gsE4UhCFYfJfyi8),Upstate 2023.pdf (https://v5.airtableusercontent.com/v3/u/42/42/1749600000000/wsNdxLYajRuA9lrCOoLNlg/HIbf7bEyGDY6yRBCs-IFPq6ibpCAO3QClJCFKqvcMTKm4wHJ1UbCNRg03mqiZR5YPFz6gdVmD7TVZz2z9atK6ArqsZ8G02CBHcoCh6VCS63IDuyroH2ORhwykxCM-BgTHQtOGxNp0ifrQ1VSeBN2kQ/fpwjcOkhUaalwg5XhUzwj2Za6QkLTWzFr7eHpJl17B8),,,,,,4/11/2024 3:28pm,,,"""Upstate Niagara Cooperative, Inc.""","Hudson Dairy, Depew Dairy, ""Upstate Niagara Cooperative, Inc."", Latina Boulevard, Renzi Foodservice",,,,,
"Cottage Cheese, Small Curd, 4%","Dairy, Eggs, & Cheese",Cheese,5 lb.,4/cs,Upstate Niagara Cooperative Inc.,9367,"Upstate Niagara Cooperative Inc.,Latina Boulevard,Renzi Foodservice,Depew Dairy,Hudson Dairy",,Yes,NY Grown & Certified ,Upstate Niagara Cooperative Certificate.pdf (https://v5.airtableusercontent.com/v3/u/42/42/1749600000000/oSLLuxiohSZ2B0ouBNVPOQ/MwKv5G_c5d_TVm0tsiXr6L5Eyr_KSTb2qbDrctYtdya6JhqNumiJPrV76uFF-a9cAnYasXv-X5CDILR7lYlAIWr2FFb8T0aZ2HajsfP6J1YvxEWq45umI-N7Zh6F5b68UlXrxYW1fSZr5gMMexC0MfK4jWo9u5lHhqVcUS4OHESJIdzg9zq9vKI0xK7HMJGe/ByczUdXTXt8RzQGlfJ3onYJytlo3gsE4UhCFYfJfyi8),Upstate 2023.pdf (https://v5.airtableusercontent.com/v3/u/42/42/1749600000000/wsNdxLYajRuA9lrCOoLNlg/HIbf7bEyGDY6yRBCs-IFPq6ibpCAO3QClJCFKqvcMTKm4wHJ1UbCNRg03mqiZR5YPFz6gdVmD7TVZz2z9atK6ArqsZ8G02CBHcoCh6VCS63IDuyroH2ORhwykxCM-BgTHQtOGxNp0ifrQ1VSeBN2kQ/fpwjcOkhUaalwg5XhUzwj2Za6QkLTWzFr7eHpJl17B8),,,,,,4/11/2024 3:28pm,,,"""Upstate Niagara Cooperative, Inc.""","Hudson Dairy, Depew Dairy, ""Upstate Niagara Cooperative, Inc."", Latina Boulevard, Renzi Foodservice",,,,,
"Bison Cottage Cheese, Small Curd: 24 oz.","Dairy, Eggs, & Cheese",Cheese,24 oz.,12/cs,Upstate Niagara Cooperative Inc.,9380,"Upstate Niagara Cooperative Inc.,Latina Boulevard,Renzi Foodservice,Depew Dairy,Hudson Dairy",,Yes,NY Grown & Certified ,Upstate Niagara Cooperative Certificate.pdf (https://v5.airtableusercontent.com/v3/u/42/42/1749600000000/oSLLuxiohSZ2B0ouBNVPOQ/MwKv5G_c5d_TVm0tsiXr6L5Eyr_KSTb2qbDrctYtdya6JhqNumiJPrV76uFF-a9cAnYasXv-X5CDILR7lYlAIWr2FFb8T0aZ2HajsfP6J1YvxEWq45umI-N7Zh6F5b68UlXrxYW1fSZr5gMMexC0MfK4jWo9u5lHhqVcUS4OHESJIdzg9zq9vKI0xK7HMJGe/ByczUdXTXt8RzQGlfJ3onYJytlo3gsE4UhCFYfJfyi8),Upstate 2023.pdf (https://v5.airtableusercontent.com/v3/u/42/42/1749600000000/wsNdxLYajRuA9lrCOoLNlg/HIbf7bEyGDY6yRBCs-IFPq6ibpCAO3QClJCFKqvcMTKm4wHJ1UbCNRg03mqiZR5YPFz6gdVmD7TVZz2z9atK6ArqsZ8G02CBHcoCh6VCS63IDuyroH2ORhwykxCM-BgTHQtOGxNp0ifrQ1VSeBN2kQ/fpwjcOkhUaalwg5XhUzwj2Za6QkLTWzFr7eHpJl17B8),,,,,,4/11/2024 3:28pm,,,"""Upstate Niagara Cooperative, Inc.""","Hudson Dairy, Depew Dairy, ""Upstate Niagara Cooperative, Inc."", Latina Boulevard, Renzi Foodservice",,,,,
"Cottage Cheese, Small Curd, Givat","Dairy, Eggs, & Cheese",Cheese,16 oz,,Upstate Niagara Cooperative Inc.,119750,"""Benz’s Food Products, Inc.""",,,Kosher,,PFS Givat small curd cottage cheese 16oz.pdf (https://v5.airtableusercontent.com/v3/u/42/42/1749600000000/0BKJT3iULHTMBKrmLssBsg/VfhcxZPRHNt4SKDNPt63adJe1dTGuByD0jCDDKTy64yU-4CbncFMa_64cb9X58HxM7DdG7086pIHKYGYXwZ1B69Au1Yz86U-Zu3rvsuyklcc76bcNPATK5Mh6TVwEi-ddMOaCfR60pEcfP-gIe1Bc74oiRcFnvmztFo-PK_b1LQizO2mMfHH8l5WEyfQJXQT/1el1otzd3_dlTRzqMCGmE9fuwsyz3CZtfkwKfnmcN1o),,checked,,,,4/8/2025 2:38pm,,,,,,,,,
"Milk, Whole, Half Gallon","Dairy, Eggs, & Cheese",Fluid Milk,Half Gallon,9/cs,Byrne Dairy,60292,"Upstate Niagara Cooperative Inc.,Latina Boulevard,Renzi Foodservice,Depew Dairy,Hudson Dairy,US Foods Buffalo",,Yes,NY Grown & Certified ,,,,,,,,10/10/2024 1:48pm,,,,,,,,,
"Milk, Whole, Quart","Dairy, Eggs, & Cheese",Fluid Milk,Quart,16/cs,Byrne Dairy,60300,"Upstate Niagara Cooperative Inc.,Latina Boulevard,Renzi Foodservice,Depew Dairy,Hudson Dairy,US Foods Buffalo",,Yes,NY Grown & Certified ,,,,,,,,4/11/2024 3:29pm,,,,,,,,,
"Milk, 2%, Half Gallon ","Dairy, Eggs, & Cheese",Fluid Milk,Half Gallon,9/cs,Byrne Dairy,60298,"Upstate Niagara Cooperative Inc.,Latina Boulevard,Renzi Foodservice,Depew Dairy,Hudson Dairy,US Foods Buffalo",,Yes,NY Grown & Certified ,,,,,,,,4/11/2024 3:29pm,,,,,,,,,
"Milk, 2%, Quart","Dairy, Eggs, & Cheese",Fluid Milk,Quart,16/cs,Byrne Dairy,60510,"Upstate Niagara Cooperative Inc.,Latina Boulevard,Renzi Foodservice,Depew Dairy,Hudson Dairy,US Foods Buffalo",,Yes,NY Grown & Certified ,,,,,,,,4/11/2024 3:29pm,,,,,,,,,
"Milk, Fat Free, Gallon ","Dairy, Eggs, & Cheese",Fluid Milk,Gallon,4/cs,Byrne Dairy,60015,"Upstate Niagara Cooperative Inc.,Latina Boulevard,Renzi Foodservice,Depew Dairy,Hudson Dairy,US Foods Buffalo",,Yes,NY Grown & Certified ,,,,,,,,4/11/2024 3:29pm,,,,,,,,,
"Milk, Fat Free, Quart","Dairy, Eggs, & Cheese",Fluid Milk,Quart,16/cs,Byrne Dairy,60340,"Upstate Niagara Cooperative Inc.,Latina Boulevard,Renzi Foodservice,Depew Dairy,Hudson Dairy,US Foods Buffalo",,Yes,NY Grown & Certified ,,,,,,,,4/11/2024 3:29pm,,,,,,,,,
"Milk, Fat Free, Half Gallon","Dairy, Eggs, & Cheese",Fluid Milk,Half Gallon,9/cs,Byrne Dairy,60403,"Upstate Niagara Cooperative Inc.,Latina Boulevard,Renzi Foodservice,Depew Dairy,Hudson Dairy,US Foods Buffalo",,Yes,NY Grown & Certified ,,,,,,,,4/11/2024 3:29pm,,,,,,,,,
"Milk, 1%, Half Gallon","Dairy, Eggs, & Cheese",Fluid Milk,Half Gallon,9/cs,Byrne Dairy,60332,"Upstate Niagara Cooperative Inc.,Latina Boulevard,Renzi Foodservice,Depew Dairy,Hudson Dairy,US Foods Buffalo",,Yes,NY Grown & Certified ,,,,,,,,4/11/2024 3:29pm,,,,,,,,,
"Milk, 1%, Quart","Dairy, Eggs, & Cheese",Fluid Milk,Quart,16/cs,Byrne Dairy,60333,"Upstate Niagara Cooperative Inc.,Latina Boulevard,Renzi Foodservice,Depew Dairy,Hudson Dairy,US Foods Buffalo",,Yes,NY Grown & Certified ,,,,,,,,4/11/2024 3:29pm,,,,,,,,,
"Milk, Chocolate, Low Fat, Gallon","Dairy, Eggs, & Cheese",Fluid Milk,Gallon,4/cs,Byrne Dairy,60055,"Upstate Niagara Cooperative Inc.,Latina Boulevard,Renzi Foodservice,Depew Dairy,Hudson Dairy,US Foods Buffalo",,Yes,NY Grown & Certified ,,,,,,,,4/11/2024 3:29pm,,,,,,,,,
"Milk, Chocolate, Low Fat, Half Gallon","Dairy, Eggs, & Cheese",Fluid Milk,Half Gallon,9/cs,Byrne Dairy,60335,"Upstate Niagara Cooperative Inc.,Latina Boulevard,Renzi Foodservice,Depew Dairy,Hudson Dairy,US Foods Buffalo",,Yes,NY Grown & Certified ,,,,,,,,4/11/2024 3:29pm,,,,,,,,,
"Milk, 2%, Gallon","Dairy, Eggs, & Cheese",Fluid Milk,Gallon,4/cs,Byrne Dairy,60010,"US Foods Buffalo,Hudson Dairy,Depew Dairy,Renzi Foodservice,Latina Boulevard,Upstate Niagara Cooperative Inc.",,Yes,NY Grown & Certified ,,,,,,,,4/11/2024 3:29pm,,,,,,,,,
"Milk, Whole, Gallon","Dairy, Eggs, & Cheese",Fluid Milk,Gallon,4/cs,Byrne Dairy,60020,"US Foods Buffalo,Hudson Dairy,Depew Dairy,Renzi Foodservice,Latina Boulevard,Upstate Niagara Cooperative Inc.",,Yes,NY Grown & Certified ,,,,,,,,4/11/2024 3:29pm,,,,,,,,,
"Milk, 1%, Gallon","Dairy, Eggs, & Cheese",Fluid Milk,Gallon,4/cs,Byrne Dairy,60025,"US Foods Buffalo,Hudson Dairy,Depew Dairy,Renzi Foodservice,Latina Boulevard,Upstate Niagara Cooperative Inc.",,Yes,NY Grown & Certified ,,,,,,,,4/11/2024 3:29pm,,,,,,,,,
"Milk, Whole, Glass Half Gallon","Dairy, Eggs, & Cheese",Fluid Milk,Half Gallon,6/cs,Byrne Dairy,60040,"US Foods Buffalo,Hudson Dairy,Depew Dairy,Renzi Foodservice,Latina Boulevard,Upstate Niagara Cooperative Inc.",,Yes,NY Grown & Certified ,,,,,,,,4/11/2024 3:29pm,,,,,,,,,
"Milk, Chocolate, Glass Half Gallon","Dairy, Eggs, & Cheese",Fluid Milk,Half Gallon,6/cs,Byrne Dairy,60060,"US Foods Buffalo,Hudson Dairy,Depew Dairy,Renzi Foodservice,Latina Boulevard,Upstate Niagara Cooperative Inc.",,Yes,NY Grown & Certified ,,,,,,,,4/11/2024 3:29pm,,,,,,,,,
"Milk, Fat Free, Glass Half Gallon","Dairy, Eggs, & Cheese",Fluid Milk,Half Gallon,6/cs,Byrne Dairy,60065,"US Foods Buffalo,Hudson Dairy,Depew Dairy,Renzi Foodservice,Latina Boulevard,Upstate Niagara Cooperative Inc.",,Yes,NY Grown & Certified ,,,,,,,,4/11/2024 3:29pm,,,,,,,,,
"Milk, 2%, Glass Half Gallon","Dairy, Eggs, & Cheese",Fluid Milk,Half Gallon,6/cs,Byrne Dairy,60080,"US Foods Buffalo,Hudson Dairy,Depew Dairy,Renzi Foodservice,Latina Boulevard,Upstate Niagara Cooperative Inc.",,Yes,NY Grown & Certified ,,,,,,,,4/11/2024 3:29pm,,,,,,,,,
"Milk, Whole, Gallon, Box","Dairy, Eggs, & Cheese",Fluid Milk,Gallon,Gallon,Byrne Dairy,60105,"US Foods Buffalo,Hudson Dairy,Depew Dairy,Renzi Foodservice,Latina Boulevard,Upstate Niagara Cooperative Inc.",,Yes,NY Grown & Certified ,,,,,,,,4/11/2024 3:29pm,,,,,,,,,
"Milk, 2%, Gallon, Box","Dairy, Eggs, & Cheese",Fluid Milk,Gallon,Gallon,Byrne Dairy,60112,"US Foods Buffalo,Hudson Dairy,Depew Dairy,Renzi Foodservice,Latina Boulevard,Upstate Niagara Cooperative Inc.",,Yes,NY Grown & Certified ,,,,,,,,4/11/2024 3:29pm,,,,,,,,,
"Milk, 1%, Gallon, Box","Dairy, Eggs, & Cheese",Fluid Milk,Gallon,Gallon,Byrne Dairy,60114,"US Foods Buffalo,Hudson Dairy,Depew Dairy,Renzi Foodservice,Latina Boulevard,Upstate Niagara Cooperative Inc.",,Yes,NY Grown & Certified ,,,,,,,,4/11/2024 3:29pm,,,,,,,,,
"Milk, Fat Free, Gallon, Box","Dairy, Eggs, & Cheese",Fluid Milk,Gallon,Gallon,Byrne Dairy,60113,"US Foods Buffalo,Hudson Dairy,Depew Dairy,Renzi Foodservice,Latina Boulevard,Upstate Niagara Cooperative Inc.",,Yes,NY Grown & Certified ,,,,,,,,4/11/2024 3:29pm,,,,,,,,,
"Milk, Chocolate, Lowfat, Gallon, Box ","Dairy, Eggs, & Cheese",Fluid Milk,Gallon,Gallon,Byrne Dairy,60115,"US Foods Buffalo,Hudson Dairy,Depew Dairy,Renzi Foodservice,Latina Boulevard,Upstate Niagara Cooperative Inc.",,Yes,NY Grown & Certified ,,,,,,,,4/11/2024 3:29pm,,,,,,,,,
"Buttermilk, Quart","Dairy, Eggs, & Cheese",Fluid Milk,Quart,16/cs,Byrne Dairy,60245,"US Foods Buffalo,Hudson Dairy,Depew Dairy,Renzi Foodservice,Latina Boulevard,Upstate Niagara Cooperative Inc.",,Yes,NY Grown & Certified ,,,,,,,,4/11/2024 3:29pm,,,,,,,,,
"Buttermilk, Quart, Box","Dairy, Eggs, & Cheese",Fluid Milk,Quart,,Byrne Dairy,60248,"US Foods Buffalo,Hudson Dairy,Depew Dairy,Renzi Foodservice,Latina Boulevard,Upstate Niagara Cooperative Inc.",,Yes,NY Grown & Certified ,,,,,,,,4/11/2024 3:29pm,,,,,,,,,
"Buttermilk, BIB 5 Gallon","Dairy, Eggs, & Cheese",Fluid Milk,5 Gallon,,Byrne Dairy,60249,"Upstate Niagara Cooperative Inc.,Latina Boulevard,Renzi Foodservice,Depew Dairy,Hudson Dairy,US Foods Buffalo",,Yes,NY Grown & Certified ,,,,,,,,4/11/2024 3:29pm,,,"""Upstate Niagara Cooperative, Inc.""","Hudson Dairy, Depew Dairy, ""Upstate Niagara Cooperative, Inc."", Latina Boulevard, Renzi Foodservice",,,,,
"Milk, Whole, Half Gallon, Box","Dairy, Eggs, & Cheese",Fluid Milk,Half Gallon,,Byrne Dairy,60286,"Upstate Niagara Cooperative Inc.,Latina Boulevard,Renzi Foodservice,Depew Dairy,Hudson Dairy,US Foods Buffalo",,Yes,NY Grown & Certified ,,,,,,,,4/11/2024 3:29pm,,,,,,,,,
"Milk, 2%, Half Gallon, Box","Dairy, Eggs, & Cheese",Fluid Milk,Half Gallon,9/cs,Byrne Dairy,60289,"Upstate Niagara Cooperative Inc.,Latina Boulevard,Renzi Foodservice,Depew Dairy,Hudson Dairy,US Foods Buffalo",,Yes,NY Grown & Certified ,,,,,,,,4/11/2024 3:29pm,,,,,,,,,
"Milk, Whole, Ultra-Pasteurized, Half Gallon","Dairy, Eggs, & Cheese",Fluid Milk,Half Gallon,,Byrne Dairy,60294,"Upstate Niagara Cooperative Inc.,Latina Boulevard,Renzi Foodservice,Depew Dairy,Hudson Dairy,US Foods Buffalo",,Yes,NY Grown & Certified ,,,,,,,,4/11/2024 3:29pm,,,,,,,,,
"Milk, 1%, Half Gallon, Box","Dairy, Eggs, & Cheese",Fluid Milk,Half Gallon,9/cs,Byrne Dairy,60329,"Upstate Niagara Cooperative Inc.,Latina Boulevard,Renzi Foodservice,Depew Dairy,Hudson Dairy,US Foods Buffalo",,Yes,NY Grown & Certified ,,,,,,,,4/11/2024 3:29pm,,,,,,,,,
"Milk, ESL, 12 oz. Chocolate, Low Fat Chocolate, Coffee, Low Fat Strawberry","Dairy, Eggs, & Cheese",Fluid Milk,12 oz.,12/cs,Byrne Dairy,"60346, 60347, 60378, 60379","Upstate Niagara Cooperative Inc.,Latina Boulevard,Renzi Foodservice,Depew Dairy,Hudson Dairy,US Foods Buffalo",,Yes,NY Grown & Certified ,,,,,,,,4/11/2024 3:29pm,,,,,,,,,
"Milk, Whole, ESL, 12 oz.","Dairy, Eggs, & Cheese",Fluid Milk,12 oz.,12/cs,Byrne Dairy,60381,"Upstate Niagara Cooperative Inc.,Latina Boulevard,Renzi Foodservice,Depew Dairy,Hudson Dairy,US Foods Buffalo",,Yes,NY Grown & Certified ,,,,,,,,4/11/2024 3:29pm,,,,,,,,,
"Milk, 2%, ESL, 12 oz. ","Dairy, Eggs, & Cheese",Fluid Milk,12 oz.,12/cs,Byrne Dairy,60382,"Upstate Niagara Cooperative Inc.,Latina Boulevard,Renzi Foodservice,Depew Dairy,Hudson Dairy,US Foods Buffalo",,Yes,NY Grown & Certified ,,,,,,,,4/11/2024 3:29pm,,,,,,,,,
"Milk, Chocolate, Low Fat, Half Gallon, Box","Dairy, Eggs, & Cheese",Fluid Milk,Half Gallon,,Byrne Dairy,60354,"Upstate Niagara Cooperative Inc.,Latina Boulevard,Renzi Foodservice,Depew Dairy,Hudson Dairy,US Foods Buffalo",,Yes,NY Grown & Certified ,,,,,,,,4/11/2024 3:29pm,,,,,,,,,
"Milk, Chocolate, Quart","Dairy, Eggs, & Cheese",Fluid Milk,Quart,16/cs,Byrne Dairy,60360,"Upstate Niagara Cooperative Inc.,Latina Boulevard,Renzi Foodservice,Depew Dairy,Hudson Dairy,US Foods Buffalo",,Yes,NY Grown & Certified ,,,,,,,,4/11/2024 3:29pm,,,,,,,,,
"Milk, Chocolate, Low Fat, Half Pint","Dairy, Eggs, & Cheese",Fluid Milk,Half Pint,50/cs,Byrne Dairy,60375,"Upstate Niagara Cooperative Inc.,Latina Boulevard,Renzi Foodservice,Depew Dairy,Hudson Dairy,US Foods Buffalo",,Yes,NY Grown & Certified ,,,,,,,,4/11/2024 3:29pm,,,,,,,,,
"Milk, Chocolate, Half Pint","Dairy, Eggs, & Cheese",Fluid Milk,Half Pint,50/cs,Byrne Dairy,60380,"Upstate Niagara Cooperative Inc.,Latina Boulevard,Renzi Foodservice,Depew Dairy,Hudson Dairy,US Foods Buffalo",,Yes,NY Grown & Certified ,,,,,,,,4/11/2024 3:29pm,,,,,,,,,
"Heavy Cream, Ultra Pasteurized, 36%, Quart","Dairy, Eggs, & Cheese",Fluid Milk,Quart,,Byrne Dairy,60396,"Upstate Niagara Cooperative Inc.,Latina Boulevard,Renzi Foodservice,Depew Dairy,Hudson Dairy",,Yes,NY Grown & Certified ,,,,,,,,4/11/2024 3:29pm,,,"""Upstate Niagara Cooperative, Inc.""","Hudson Dairy, Depew Dairy, ""Upstate Niagara Cooperative, Inc."", Latina Boulevard, Renzi Foodservice",,,,,
"Light Cream, Ultra-Pasteurized, 18%, Quart","Dairy, Eggs, & Cheese",Fluid Milk,Quart,,Byrne Dairy,60397,"Upstate Niagara Cooperative Inc.,Latina Boulevard,Renzi Foodservice,Depew Dairy,Hudson Dairy",,Yes,NY Grown & Certified ,,,,,,,,4/11/2024 3:29pm,,,"""Upstate Niagara Cooperative, Inc.""","Hudson Dairy, Depew Dairy, ""Upstate Niagara Cooperative, Inc."", Latina Boulevard, Renzi Foodservice",,,,,
"Heavy Cream, Ultra Pasteurized, 40%, Quart","Dairy, Eggs, & Cheese",Fluid Milk,Quart,,Byrne Dairy,60399,"Upstate Niagara Cooperative Inc.,Latina Boulevard,Renzi Foodservice,Depew Dairy,Hudson Dairy",,Yes,NY Grown & Certified ,,,,,,,,4/11/2024 3:29pm,,,"""Upstate Niagara Cooperative, Inc.""","Hudson Dairy, Depew Dairy, ""Upstate Niagara Cooperative, Inc."", Latina Boulevard, Renzi Foodservice",,,,,
"Half and Half with Spout, Ultra-Pasteurized, Quart","Dairy, Eggs, & Cheese",Fluid Milk,Quart,,Byrne Dairy,60411,"Upstate Niagara Cooperative Inc.,Latina Boulevard,Renzi Foodservice,Depew Dairy,Hudson Dairy",,Yes,NY Grown & Certified ,,,,,,,,4/11/2024 3:29pm,,,"""Upstate Niagara Cooperative, Inc.""","Hudson Dairy, Depew Dairy, ""Upstate Niagara Cooperative, Inc."", Latina Boulevard, Renzi Foodservice",,,,,
"Half and Half, Ultra-Pasteurized, Half Gallon","Dairy, Eggs, & Cheese",Fluid Milk,Half Gallon,,Byrne Dairy,60415,"Upstate Niagara Cooperative Inc.,Latina Boulevard,Renzi Foodservice,Depew Dairy,Hudson Dairy",,Yes,NY Grown & Certified ,,,,,,,,4/11/2024 3:29pm,,,"""Upstate Niagara Cooperative, Inc.""","Hudson Dairy, Depew Dairy, ""Upstate Niagara Cooperative, Inc."", Latina Boulevard, Renzi Foodservice",,,,,
"Half and Half, Ultra-Pasteurized, Pint","Dairy, Eggs, & Cheese",Fluid Milk,Pint,,Byrne Dairy,60421,"Upstate Niagara Cooperative Inc.,Latina Boulevard,Renzi Foodservice,Depew Dairy,Hudson Dairy",,Yes,NY Grown & Certified ,,,,,,,,4/11/2024 3:29pm,,,"""Upstate Niagara Cooperative, Inc.""","Hudson Dairy, Depew Dairy, ""Upstate Niagara Cooperative, Inc."", Latina Boulevard, Renzi Foodservice",,,,,
"Half and Half, Quart","Dairy, Eggs, & Cheese",Fluid Milk,Quart,16/cs,Byrne Dairy,60423,"Upstate Niagara Cooperative Inc.,Latina Boulevard,Renzi Foodservice,Depew Dairy,Hudson Dairy",,Yes,NY Grown & Certified ,,,,,,,,4/11/2024 3:29pm,,,"""Upstate Niagara Cooperative, Inc.""","Hudson Dairy, Depew Dairy, ""Upstate Niagara Cooperative, Inc."", Latina Boulevard, Renzi Foodservice",,,,,
"Half and Half, BIB, 2-2.5 Gallon","Dairy, Eggs, & Cheese",Fluid Milk,2-2.5 Gallon,,Byrne Dairy,60526,"Upstate Niagara Cooperative Inc.,Latina Boulevard,Renzi Foodservice,Depew Dairy,Hudson Dairy",,Yes,NY Grown & Certified ,,,,,,,,4/11/2024 3:29pm,,,"""Upstate Niagara Cooperative, Inc.""","Hudson Dairy, Depew Dairy, ""Upstate Niagara Cooperative, Inc."", Latina Boulevard, Renzi Foodservice",,,,,
"Milk, 2%, BIB with nozzle, Poly 5 Gallon","Dairy, Eggs, & Cheese",Fluid Milk,5 Gallon,,Byrne Dairy,60541,"US Foods Buffalo,Hudson Dairy,Depew Dairy,Renzi Foodservice,Latina Boulevard,Upstate Niagara Cooperative Inc.",,Yes,NY Grown & Certified ,,,,,,,,4/11/2024 3:29pm,,,,,,,,,
"Milk, Chocolate, Poly 5 Gallon","Dairy, Eggs, & Cheese",Fluid Milk,5 Gallon,,Byrne Dairy,60542,"Upstate Niagara Cooperative Inc.,Latina Boulevard,Renzi Foodservice,Depew Dairy,Hudson Dairy,US Foods Buffalo",,Yes,NY Grown & Certified ,,,,,,,,4/11/2024 3:29pm,,,,,,,,,
"Light Cream, BIB, 18%, 2-2.5 Gallon","Dairy, Eggs, & Cheese",Fluid Milk,2-2.5 Gallon,,Byrne Dairy,60549,"Upstate Niagara Cooperative Inc.,Latina Boulevard,Renzi Foodservice,Depew Dairy,Hudson Dairy",,Yes,NY Grown & Certified ,,,,,,,,4/11/2024 3:29pm,,,"""Upstate Niagara Cooperative, Inc.""","Hudson Dairy, Depew Dairy, ""Upstate Niagara Cooperative, Inc."", Latina Boulevard, Renzi Foodservice",,,,,
"Milk, Whole, 2-2.5 Gallon","Dairy, Eggs, & Cheese",Fluid Milk,2-2.5 Gallon,,Byrne Dairy,60557,"Upstate Niagara Cooperative Inc.,Latina Boulevard,Renzi Foodservice,Depew Dairy,Hudson Dairy,US Foods Buffalo",,Yes,NY Grown & Certified ,,,,,,,,4/11/2024 3:29pm,,,,,,,,,
"Milk, Chocolate, Low Fat, Poly 5 Gallon","Dairy, Eggs, & Cheese",Fluid Milk,5 Gallon,,Byrne Dairy,60559,"Upstate Niagara Cooperative Inc.,Latina Boulevard,Renzi Foodservice,Depew Dairy,Hudson Dairy,US Foods Buffalo",,Yes,NY Grown & Certified ,,,,,,,,4/11/2024 3:29pm,,,,,,,,,
"Milk, Chocolate, Low Fat, BIB, Poly 5 Gallon","Dairy, Eggs, & Cheese",Fluid Milk,5 Gallon,,Byrne Dairy,60560,"Upstate Niagara Cooperative Inc.,Latina Boulevard,Renzi Foodservice,Depew Dairy,Hudson Dairy,US Foods Buffalo",,Yes,NY Grown & Certified ,,,,,,,,4/11/2024 3:29pm,,,,,,,,,
"Heavy Cream, BIB, 40%, Poly 5 Gallon","Dairy, Eggs, & Cheese",Fluid Milk,5 Gallon,,Byrne Dairy,60567,"Upstate Niagara Cooperative Inc.,Latina Boulevard,Renzi Foodservice,Depew Dairy,Hudson Dairy",,Yes,NY Grown & Certified ,,,,,,,,4/11/2024 3:29pm,,,"""Upstate Niagara Cooperative, Inc.""","Hudson Dairy, Depew Dairy, ""Upstate Niagara Cooperative, Inc."", Latina Boulevard, Renzi Foodservice",,,,,
"Milk, Strawberry, Glass Half Gallon","Dairy, Eggs, & Cheese",Fluid Milk,Half Gallon,6/cs,Byrne Dairy,60657,"Upstate Niagara Cooperative Inc.,Latina Boulevard,Renzi Foodservice,Depew Dairy,Hudson Dairy,US Foods Buffalo",,Yes,NY Grown & Certified ,,,,,,,,4/11/2024 3:29pm,,,,,,,,,
"Milk, Mint, Glass Half Gallon ","Dairy, Eggs, & Cheese",Fluid Milk,Half Gallon,6/cs,Byrne Dairy,60682,"Upstate Niagara Cooperative Inc.,Latina Boulevard,Renzi Foodservice,Depew Dairy,Hudson Dairy,US Foods Buffalo",,Yes,NY Grown & Certified ,,,,,,,,4/11/2024 3:29pm,,,,,,,,,
"Milk, 1%, Glass, Half Gallon","Dairy, Eggs, & Cheese",Fluid Milk,Half Gallon,Half Gallon,Byrne Dairy,60070,"Upstate Niagara Cooperative Inc.,Latina Boulevard,Renzi Foodservice,Depew Dairy,Hudson Dairy,US Foods Buffalo",,Yes,NY Grown & Certified ,,,,,,,,4/11/2024 3:29pm,,,,,,,,,
Whole Milk,"Dairy, Eggs, & Cheese",Fluid Milk,5 gallon bag; Gallon; Half-gallon; Quart; 13.5 oz.; 8 oz.,5 gallon bag; Gallon; Half-gallon; Quart; 13.5 oz.; 8 oz.,Hudson Valley Fresh,,"Bartlett Dairy,McMahon's Farm,Ace Endico,Riviera Produce,Hudson Harvest,Upstate Farms,The Hudson Milk Company,Red Barn Produce",,Yes,NY Grown & Certified ,,,,,,,,4/11/2024 3:29pm,,,,,,,,,
Low Fat 1% Milk,"Dairy, Eggs, & Cheese",Fluid Milk,5 gallon bag; Gallon; Half-gallon; Quart; 13.5 oz.; 8 oz.,5 gallon bag; Gallon; Half-gallon; Quart; 13.5 oz.; 8 oz.,Hudson Valley Fresh,,"Bartlett Dairy,McMahon's Farm,Ace Endico,Riviera Produce,Hudson Harvest,Upstate Farms,The Hudson Milk Company,Red Barn Produce",,Yes,NY Grown & Certified ,,,,,,,,4/11/2024 3:29pm,,,,,,,,,
Fat Free Milk,"Dairy, Eggs, & Cheese",Fluid Milk,5 gallon bag; Gallon; Half-gallon; Quart; 13.5 oz.; 8 oz.,5 gallon bag; Gallon; Half-gallon; Quart; 13.5 oz.; 8 oz.,Hudson Valley Fresh,,"Bartlett Dairy,McMahon's Farm,Ace Endico,Riviera Produce,Hudson Harvest,Upstate Farms,The Hudson Milk Company,Red Barn Produce",,Yes,NY Grown & Certified ,,,,,,,,4/11/2024 3:29pm,,,,,,,,,
Reduced Fat 2% Milk,"Dairy, Eggs, & Cheese",Fluid Milk,5 gallon bag; Gallon; Half-gallon,5 gallon bag; Gallon; Half-gallon,Hudson Valley Fresh,,"Bartlett Dairy,McMahon's Farm,Ace Endico,Riviera Produce,Hudson Harvest,Upstate Farms,The Hudson Milk Company,Red Barn Produce",,Yes,NY Grown & Certified ,,,,,,,,4/11/2024 3:29pm,,,,,,,,,
Whole Chocolate Milk,"Dairy, Eggs, & Cheese",Fluid Milk,5 gallon bag; Half-gallon; Quart; 13.5 oz.; 8 oz.,5 gallon bag; Half-gallon; Quart; 13.5 oz.; 8 oz.,Hudson Valley Fresh,,"Bartlett Dairy,McMahon's Farm,Ace Endico,Riviera Produce,Hudson Harvest,Upstate Farms,The Hudson Milk Company,Red Barn Produce",,Yes,NY Grown & Certified ,,,,,,,,4/11/2024 3:29pm,,,,,,,,,
Low Fat Chocolate Milk,"Dairy, Eggs, & Cheese",Fluid Milk,5 gallon bag; 8 oz.,5 gallon bag; 8 oz.,Hudson Valley Fresh,,"Bartlett Dairy,McMahon's Farm,Ace Endico,Riviera Produce,Hudson Harvest,Upstate Farms,The Hudson Milk Company,Red Barn Produce",,Yes,NY Grown & Certified ,,,,,,,,4/11/2024 3:29pm,,,,,,,,,
Fat Free Chocolate Milk,"Dairy, Eggs, & Cheese",Fluid Milk,5 gallon bag; 8 oz.,5 gallon bag; 8 oz.,Hudson Valley Fresh,,"Bartlett Dairy,McMahon's Farm,Ace Endico,Riviera Produce,Hudson Harvest,Upstate Farms,The Hudson Milk Company,Red Barn Produce",,Yes,NY Grown & Certified ,,,,,,,,4/11/2024 3:29pm,,,,,,,,,
Heavy Cream,"Dairy, Eggs, & Cheese",Fluid Milk,5 gallon bag; Quart; Cup,5 gallon bag; Quart; Cup,Hudson Valley Fresh,,"Bartlett Dairy,McMahon's Farm,Ace Endico,Riviera Produce,Hudson Harvest,Upstate Farms,The Hudson Milk Company,Red Barn Produce",,Yes,NY Grown & Certified ,,,,,,,,4/11/2024 3:29pm,,,,,,,,,
Half & Half,"Dairy, Eggs, & Cheese",Fluid Milk,5 gallon bag; Quart; Pint,5 gallon bag; Quart; Pint,Hudson Valley Fresh,,"Bartlett Dairy,McMahon's Farm,Ace Endico,Riviera Produce,Hudson Harvest,Upstate Farms,The Hudson Milk Company,Red Barn Produce",,Yes,NY Grown & Certified ,,,,,,,,4/11/2024 3:29pm,,,,,,,,,
Eggnog,"Dairy, Eggs, & Cheese",Fluid Milk,Quart,Quart,Hudson Valley Fresh,,"Bartlett Dairy,McMahon's Farm,Ace Endico,Riviera Produce,Hudson Harvest,Upstate Farms,The Hudson Milk Company,Red Barn Produce",,Yes,NY Grown & Certified ,,,,,,,,4/11/2024 3:29pm,,,,,,,,,
"Milk, Whole","Dairy, Eggs, & Cheese",Fluid Milk,Gallon,4/cs,Midland Farms,,"Midland Farms,Hometown Dairy,Dzembo's Dairy,Instant Whip",,Still Under Review,,,,Midland Farms PFSs 2023-4SY.pdf (https://v5.airtableusercontent.com/v3/u/42/42/1749600000000/x1mdquKJCmNXTiiGRCnCaA/IOAwstwxGtuHgzSHwznT8D7rkRPLaCMcZm0fe-gyjstHHxFtdF774XevCd5z7I5r01R5imdLcC5XvFdaY-VZWvuF_SzBoC3zAdJmbRR7bSWJSlDLR_cscm1nES-HX_9Efx2LJ7eEUQF3mi4vXUA0t47iAiZnn5naCO70lCWYBnuJ3phIHYXrsTGZhgWM0XGF/Bd_Nxl1KUkZj5avcxGW_1m1MyFcR5LgcmXk4KklIIiY),checked,,,,4/10/2025 4:53pm,,,,,,,,,
"Milk, Whole","Dairy, Eggs, & Cheese",Fluid Milk,Half Gallon,9/cs,Midland Farms,,"Midland Farms,Hometown Dairy,Dzembo's Dairy,Instant Whip",,Still Under Review,,,,Midland Farms PFSs 2023-4SY.pdf (https://v5.airtableusercontent.com/v3/u/42/42/1749600000000/pH7-X2p7Dhrzsd5zq9TTrg/H6ceN1nPp26q2iz_RDjZ9iLnsYS6v9PIqmRYp7zYHevxtJEHa0OesbaT5vCrGybksFeUik2K0Uvx3oMyJqfDEG7JdEZFIc2PDCpgdhx9mYEWlxHwOaNZGn0nHDl-41WzhJ2WU2ywiFv4s9gT6ZOVy_DRIxoG0zVe98sNPw3fKUYf3HW76SXWX5LwYJ_d1u9n/Yf7pNQOQWGFhq9FbF28_PR4HS6hpUGxI__f1jL4zsu8),checked,,,,4/10/2025 4:53pm,,,,,,,,,
"Milk, Whole","Dairy, Eggs, & Cheese",Fluid Milk,Quart,16/cs,Midland Farms,,"Midland Farms,Hometown Dairy,Dzembo's Dairy,Instant Whip",,Still Under Review,,,,Midland Farms PFSs 2023-4SY.pdf (https://v5.airtableusercontent.com/v3/u/42/42/1749600000000/9I1kWlTNqxPZLch9QtHzAg/HPh6NeQLci4LXL2BxuJVPzySVVCy6M9f9ifFtQ-INlAgcd3ZMNGEmE2AfQvFRbsHxRQXg38SEiS64iQBKk4o01QyDXpSgVjFYvllfXp2vTSvWaNYJL0P-JfiK11uUPuNT-lpxsZIFxlc0hhF-AVh0xPVLxuQmlEWhkd5jNNCvRxQBPuC6-uLm1rNbPo1MUpH/74pHHgLZaNKHi_Mw2tRlPcVK8A_WP3PQYe-ki1_3CQs),checked,,,,4/10/2025 4:53pm,,,,,,,,,
"Milk, Whole","Dairy, Eggs, & Cheese",Fluid Milk,Pint,20/cs,Midland Farms,,"Midland Farms,Hometown Dairy,Dzembo's Dairy,Instant Whip",,Still Under Review,,,,Midland Farms PFSs 2023-4SY.pdf (https://v5.airtableusercontent.com/v3/u/42/42/1749600000000/qdX6z0OKJRkUZchiifOIQw/w_5zJ3snUCe4uiEWrU1md8nIMMI3lXtVW9u4gZhtCTOeMclGC1qh0pc0wHbKZEDk_nBY4R66kTB7MdG0hDXFfvB_Y2ruhZ-ee4Gkv05AgZ5psjlZEo2k_gmhEqf_bF1gNWYa8HnZqTS4vwFGBdfyWUI0Aqyu9BYCRMfwgP78jaVKumGWoqD9B-5t_8UMGHPt/sHZ88j_UrQC8KY7OMUJmO9VuHgFvb9q1YJ0ep-RjT-w),checked,,,,4/10/2025 4:53pm,,,,,,,,,
"Milk, Whole","Dairy, Eggs, & Cheese",Fluid Milk,Half Pint,50/cs,Midland Farms,700,"Midland Farms,Hometown Dairy,Dzembo's Dairy,Instant Whip",,Still Under Review,,,,Midland Farms PFSs 2023-4SY.pdf (https://v5.airtableusercontent.com/v3/u/42/42/1749600000000/kqu28c9LgwWRMr0hOyvUiw/csQJPh_axHlW2NA4zrY_eQHuTe4R1YrFE3tEoUrz7yQ9OIpT0vg5tsXCQ39_E3GhFlTX8vvKQjFi6v7U7bZOPNsbsz1cxiR_yTgZzCAfdUL5hVhjJQ2zy2pkwQUZWiME-FGX9CNHBwnWmg3ZB-XSDgVp5tpKoWGixhssteyi0yoQgL3J0Mvd_G08g3nbp-za/rE1XaatRZr-Ni2rDNJJdStnhRGRwdzbqABxDTpzkbl4),checked,,,,4/10/2025 4:53pm,,,,,,,,,
"Milk, 2%","Dairy, Eggs, & Cheese",Fluid Milk,Gallon,4/cs,Midland Farms,,"Midland Farms,Hometown Dairy,Dzembo's Dairy,Instant Whip",,Still Under Review,,,,Midland Farms PFSs 2023-4SY.pdf (https://v5.airtableusercontent.com/v3/u/42/42/1749600000000/ctxmzcx1EdMS-NwmSDFJcQ/99vjv-gpGDay1OhgOA9Yu0JOq4VzdW2TG_KvONVmb0AohRVE4_kqan_7qcTpKDBbh7X7o5rUn-InxKSvwaUmshQ8IHVZ4ROHRTDcbhrU6J87VlDvaxu9XAuoGL2vPlAWioXif7aCW69t4PoyiNLea660REtdv2It7i1BRns4QZMUpTvwlC_1rLwDaG8efbNj/8l4B7FJ_Q6etwJEMwrd2Oex3EVZeFH_zsgtb9PrGiu0),checked,,,,4/10/2025 4:54pm,,,,,,,,,
"Milk, 2%","Dairy, Eggs, & Cheese",Fluid Milk,Half Gallon,9/cs,Midland Farms,,"Midland Farms,Hometown Dairy,Instant Whip,Dzembo's Dairy",,Still Under Review,,,,Midland Farms PFSs 2023-4SY.pdf (https://v5.airtableusercontent.com/v3/u/42/42/1749600000000/u8Y-yVTz4QL74qOj-LfdSg/aGxS-nlryV5vrU1g-TA-OT7Md9WlkUclTQYs70l7DUFlZE1vopZ2X2scx6VVPWVvquS2fMfoB-pV-hSzWazAssV6ZF7sBuU3CZvJhISxT2FQhThb-4-8J5veMM86onk-gYRP5qIYjmshhxmFSZ9_oCpkDd61-Sg9YNFulKv-Aq79fdtL0B2P_gJ8JZ8elfva/owDO4G1r55nhVePUb9Xkd398HrFIucxhF2BNoZx_4oU),checked,,,,4/10/2025 4:54pm,,,,,,,,,
"Milk, 2%","Dairy, Eggs, & Cheese",Fluid Milk,Quart,16/cs,Midland Farms,,"Midland Farms,Hometown Dairy,Dzembo's Dairy,Instant Whip",,Still Under Review,,,,Midland Farms PFSs 2023-4SY.pdf (https://v5.airtableusercontent.com/v3/u/42/42/1749600000000/Ft1qF3GoXKY9vkdodtC4DA/b7BSInilNbC4Tf6DgwVmF4ZptTTQBzFhLzGmFlnf7Q_Mw4bDGZDRMsf7AoP5Gr4nnFarTjtLVvA3TxpheB1tLNQw0HhVA69Ka-ZuIayib7xxVFe4jJwlG0IT6uKnB_2_Xvfbpni4jvxUZtRdO0WPrid2n9tMyvJ7wCxGaLzc7SUYnwDD8RqYDbaT2KQzKBox/mU2BO1nTPpUPAa0xVxYKEtvgISkZOI8fZdib7YdzBxk),checked,,,,4/10/2025 4:54pm,,,,,,,,,
"Milk, 2%","Dairy, Eggs, & Cheese",Fluid Milk,Half Pint,50/cs,Midland Farms,704,"Midland Farms,Hometown Dairy,Instant Whip,Sycaway Creamery,Dzembo's Dairy",,Still Under Review,,,,Midland Farms PFSs 2023-4SY.pdf (https://v5.airtableusercontent.com/v3/u/42/42/1749600000000/-IOAGCR6sWjCy4OS3GsyKw/6vFEHx9z_oOUCQjHF0b6Pf_0bbE5cvUhZal35A3byD02SuL8yBupxv4iy74ExBQaTv5YIvbRPLQ12q5m3x0dUE8BCkLv5zBTKPAYWADn2eXftg5b0dmOfxAGi1F-WRgLj8Sysuqm5DPJk4__zASYpiy9iwDzdAtn7XmqeL5CQLWLQbQevWe6yxSAxH5cHzZ3/2evTC_BsvaC28clAHGcIhCADuJtcxMrg2UFQvXIeRgE),checked,,,,4/10/2025 4:54pm,,,,,,,,,
"Milk, 1%","Dairy, Eggs, & Cheese",Fluid Milk,Gallon,4/cs,Midland Farms,,"Midland Farms,Hometown Dairy,Dzembo's Dairy,Instant Whip",,Still Under Review,,,,Midland Farms PFSs 2023-4SY.pdf (https://v5.airtableusercontent.com/v3/u/42/42/1749600000000/a4Hm1LvN79X6RIyaVVSv6g/TkZ-bUmoAqkx7gmuEcMGDsryFt1y_PeAYOgXjAi71csfc1Excjer1a1-uPhO0wMtjXFG9gOFk0JH0P_MpaR9jo-TgriR_G0YppXx29Tb_74_UW9thrCkgETUkmWuyEfr6N1f7rX-n1KsSvB1vFkbb1M3YCHabxSnXoGpzvSW2TAkPdpWXc-u9OWOW2mSlB7_/94REHtKSBAMdht3O7lRkOa7zF3O05_GSf53CvVzG5QU),checked,,,,4/10/2025 4:54pm,,,,,,,,,
"Milk, 1%","Dairy, Eggs, & Cheese",Fluid Milk,Half Gallon,9/cs,Midland Farms,,"Midland Farms,Hometown Dairy,Instant Whip,Sycaway Creamery,Dzembo's Dairy",,Still Under Review,,,,Midland Farms PFSs 2023-4SY.pdf (https://v5.airtableusercontent.com/v3/u/42/42/1749600000000/ggcBJUitkK0lzuW21YHobg/11aRLNR_eTPfSW8WaObEpALKrJyVYKPVO9oddwsWc-anlMCQ4Lw9E_f8ZXtu_iI95OS9t2YDyshP4hr2Garp8Bu2YhLBtkPl1Sl2E-Dy9gKIbtE64sOJQz0sbLMdhz-cekjUVh4gMOtnvyPS_W5ofKguD-Z1ZWiiUNMP3oErMV8joMt5FjLG_pmp1L4KOoK8/lyUjqxiWSqNd6Ce2lnMkLII82XrrMihtjD2muX91ou8),checked,,,,4/10/2025 4:54pm,,,,,,,,,
"Milk, 1%","Dairy, Eggs, & Cheese",Fluid Milk,Quart,16/cs,Midland Farms,,"Midland Farms,Hometown Dairy,Instant Whip,Dzembo's Dairy",,Still Under Review,,,,Midland Farms PFSs 2023-4SY.pdf (https://v5.airtableusercontent.com/v3/u/42/42/1749600000000/-u_WRItWUPwpEglHUihLiA/yjgHp3N0DwNvf1c5MLCWwdMiaHteHGSttMwLknyaBw3arz-Xqn43MhYnNuixJut2ShNl10rVxdfFlHy_ygOLpTKuZmPRhU8pWQVDXILriCAnyLplbd_cQABmK4--qKIZ4jRfWUtckY7bSRvEwXZ6T7RC38YPdr8vwfjMEGhi01tliUQlZPEoiVoud0zPe3Xo/IpQIUnRJef5CAQYXDkhjIUlCRqgvywKm2lTkLfzP4X4),checked,,,,4/10/2025 4:54pm,,,,,,,,,
"Milk, 1%","Dairy, Eggs, & Cheese",Fluid Milk,Half Pint,50/cs,Midland Farms,701,"Midland Farms,Hometown Dairy,Instant Whip,Dzembo's Dairy",,Still Under Review,,,,Midland Farms PFSs 2023-4SY.pdf (https://v5.airtableusercontent.com/v3/u/42/42/1749600000000/3wkgwLUKQrSLcidyTsDK5g/69_9xLdn__Kbc8hkzTb2yhAnoftgaePkIgarUwBwZXbxaCaF_Z8EY0l5ytuK4Aoh09lMPua2fcodHRdiSzy9Q6AdLawkmv84AtS1HpIYEApJKe3sgsvDbAgzs17A4VtkTb6qtgV1qcutMR7ClQOPNjkgJF4KSepwAbWYRa8ph98-XvuWQ45u0sR-1XTZYek2/NL1-ojJj8b_6qGRgmdM_7ilFhOOxFTD9-z-5PPJZZUA),checked,,,,4/10/2025 4:54pm,,,,,,,,,
"Milk, Fat Free","Dairy, Eggs, & Cheese",Fluid Milk,Gallon,4/cs,Midland Farms,,"Midland Farms,Hometown Dairy,Dzembo's Dairy,Instant Whip",,Still Under Review,,,,Midland Farms PFSs 2023-4SY.pdf (https://v5.airtableusercontent.com/v3/u/42/42/1749600000000/owietBSWnNkCLvVrlcVgug/AzeqqvpCx5WiKToSJ1UOl9M3prTAoODpdVwVOoMenGwKxYSE_Zjob-hm8pXy2X8a3fVIaWihr46sIN5Wn9i_G2kSbvLUdlck1Mn-3n9OGBgXPqdpYfVi3jDhJAU2brORsDWFdZbwxRqR8-_IT6gcJS-TUUf_v3TC6hb7TGCpb9CyL8xZLYFdyrPdwRo-n4BX/bFcdqVY-Mg2Os2_5a3EaIh-6REHFGpw6xTXYf7_8nwI),,,,,4/10/2025 4:54pm,,,,,,,,,
"Milk, Fat Free","Dairy, Eggs, & Cheese",Fluid Milk,Half Gallon,9/cs,Midland Farms,,"Midland Farms,Hometown Dairy,Dzembo's Dairy,Instant Whip",,Still Under Review,,,,Midland Farms PFSs 2023-4SY.pdf (https://v5.airtableusercontent.com/v3/u/42/42/1749600000000/1MTRTm1FqRerdij3hJmD4w/epBNm_69hm4f6BcC1VyesM8X5ttIAYeAtEXKi0vtuXqigt1ybhQwhCcXBYukiciDZlixgKVRHRd4tPgR1bNNsn9cZVe_5WxNwb3dmlhTAHvBgOeQ2ZDbv746B6A5eSJAxyzW43n8ZkTPKY26842Gfb5i2347TR0qMoLEy2ckpdGXpMX7bK3g4_x-i1L_nEXj/QMsb5ocQl9AJfUrcK-MK5vdUNIZBz0OA1n-cEcSnlH8),checked,,,,4/10/2025 4:54pm,,,,,,,,,
"Milk, Fat Free","Dairy, Eggs, & Cheese",Fluid Milk,Quart,16/cs,Midland Farms,,"Midland Farms,Hometown Dairy,Instant Whip,Dzembo's Dairy",,Still Under Review,,,,Midland Farms PFSs 2023-4SY.pdf (https://v5.airtableusercontent.com/v3/u/42/42/1749600000000/H8Af7e4ROrNJS8RF-rAq_w/gm30MaCJIl8ildtv6arxHNqMVWaKGN7HJEk_5VpYqqg0DGh2raNGNm4H2eO5D0TNuR-P7YABuxJB4WGBsQEotiJwJrJXtCP49yKZN03iGzO9Zi8zaryO3gdBhf6krGaeMZEIiX4OV2H3q8MvjWb6-MohXScojde_2f-o5o0qRGiQko_taRrOKV81nkVgCFhS/AG5eZ8D0x_CMXigE9yrQimVe-Lg1HsalCQw2qoflhB0),checked,,,,4/10/2025 4:54pm,,,,,,,,,
"Milk, Fat Free","Dairy, Eggs, & Cheese",Fluid Milk,Half Pint,50/cs,Midland Farms,702,"Midland Farms,Hometown Dairy,Dzembo's Dairy,Instant Whip",,Still Under Review,,,,Midland Farms PFSs 2023-4SY.pdf (https://v5.airtableusercontent.com/v3/u/42/42/1749600000000/ABNwaRbMIiEFOLcs3xMiFw/btCMw_XKVOsdSEL7rGMEgntldQ__J7ABFDYb6CRD6DLqydM8akGYuBybMJX3G5_Anc132-PpZijliKGaR9vThFrn7KiMNth-l5gzuCPo2l7O6e7d_-H5k-WFwXgWRjZuefCt_6OYyaGqKPAvSrJhRaYm14DnKoJFu85KHQdNC0q6fVT3IkB2PkgeNx-kYHLt/FVMuJzQTyzYbC2v-pLQY5KyeQ7_mnIM-47KvxUN-rp0),checked,,,,4/10/2025 4:54pm,,,,,,,,,
"Milk, Chocolate, 1%","Dairy, Eggs, & Cheese",Fluid Milk,Half Pint,50/cs,Midland Farms,,"Midland Farms,Hometown Dairy,Dzembo's Dairy,Instant Whip",,Still Under Review,,,,Midland Farms PFSs 2023-4SY.pdf (https://v5.airtableusercontent.com/v3/u/42/42/1749600000000/HcVmAGK2Hs19s7SseCEK2g/Ik6GvIjlVbCrbC_iGvNZUt-9nT_dkieLS__F3MV5tWXN4MdqFojyts8MpbOdPHQwJw_U247oc-DeYCsjME0qVqmy5ZW6s38-c7qYFZm3q1pdZL2xvVPpbbtOKdQVjlGVZkoncfmraX9KT38pf4095kavm5x9mqXyY2AE6tMP-HP7gi1J5nCIkSbA0-FH5buS/SVMSbf9Ufvtoww3Da19-RKwRsj1vqzbFCFzUx4MZcqQ),checked,,,,4/10/2025 4:55pm,,,,,,,,,
"Milk, Chocolate, Fat FRee","Dairy, Eggs, & Cheese",Fluid Milk,Half Pint,50/cs,Midland Farms,705,"Midland Farms,Hometown Dairy,Dzembo's Dairy,Instant Whip",,Still Under Review,,,,Midland Farms PFSs 2023-4SY.pdf (https://v5.airtableusercontent.com/v3/u/42/42/1749600000000/7M4LmWM9CTi-ON4jemKY9Q/4v3vIL0Vf4RqkW4K0OSD5mGz-t6FpRx1u4yXyh0FmqW2spoiAkUC5u8AKMlypAd2sX6wb0-gMtXYsUM2-alRUhLes_7sHw0w6A2uVgZFP2vEjGcRH7jWRVRki4cvAo0isrbO_jSQ4YC6t7clwLoPwjUuWcRTDwnWsFbbLyflRLPruULD0oN7mGdUxE2EEcwp/stKRL8ixZmd-XgOMmGlsNH8lqEKyMUBAM9GYPWqv75Y),checked,,,,4/10/2025 4:55pm,,,,,,,,,
"Yay! 1% Milk, Tetra Prisma Aseptic (UHT) Edge, Shelf-stable, 8 oz.","Dairy, Eggs, & Cheese",Fluid Milk,8 oz.,24/8 oz./cs; 128 cs/pallet,Revelry Group,,Thurston Foods,,Still Under Review,,,"Yay! 1- 8 Oz TPA Spec Sheet.pdf (https://v5.airtableusercontent.com/v3/u/42/42/1749600000000/OQRR5B3YXyn8CPxHZcDB2Q/9C8WosDND9GhDpuMw8003tfzh988KMFsauQW0rXvc1bFhRLBEpM9_IsK9odjOP5k0yNORrcCH-gNdiJ5reFi8sc-uG0sKFabGbqgSxtPu1KBvSjZ21DyiiVGDNPUEoxiEEGDyUKIUR0LVqTQqS4vMPYkuFXDFg7iBcxx8nXUqUk/jIUeoq_I5nThC6LqUW9ElHcYJGSi3bp8FVojBPMGY2A),Yay! Milk Made Better (DOT).pdf (https://v5.airtableusercontent.com/v3/u/42/42/1749600000000/mWdi8wwfAu32egtvCkdXhg/bB6MH0ML8V6uAGTkQVWACkoclrKX4xUJly7rODbgCERDrN-QF-RDTQaa-AuQa_eA35Xo6pLCVrl4tNn5QEWHgdIHL9VNnlwOQQYC58KWsC-UHhBrLrKqBpjlp9KQcKyvpASmsPAxaOXx1Xfywy2XDjs-mw9mRaFXRz8p3_Fy4lg/C9TmNQqE5LHuaqApvYZhziC_3XC-GsUuqmc6WcvxhP8)",Yay! PFS.pdf (https://v5.airtableusercontent.com/v3/u/42/42/1749600000000/g6LkNQ3vQKX-2Y_7oQO23A/zWROJltf-uzJ3UCZxpYVx9gsnHE3FD4cA-gLB-XAq8gRgUO3DmVISCVMiPIxyIYNyU-n5UEd3r6xadGYsHVTOcUsxSZxvAp-1XQpzzhkIFcuW0-vMkVO_HIXfNPqlvzaFdw7NM4lp0H-iyksP-Q21Q/f9glJtGPiP36hiOSY7BJt1OWuO4aUfnXPQQXvfnAe3g),,,Available through DOT for special orders from distributors. DOT# 722417. Direct delivery available for 6+ pallets.,Craig's Station Creamery provides NY Grown and Certified milk for this product.,2/27/2024 1:39pm,,,,,,,,,
"Buttermilk, Quart","Dairy, Eggs, & Cheese",Fluid Milk,Quart,Quart,Upstate Niagara Cooperative Inc.,4525,"Upstate Niagara Cooperative Inc.,Latina Boulevard,Renzi Foodservice,Depew Dairy,Hudson Dairy,US Foods Buffalo",USF: 8736449,Yes,NY Grown & Certified ,Upstate Niagara Cooperative Certificate.pdf (https://v5.airtableusercontent.com/v3/u/42/42/1749600000000/oSLLuxiohSZ2B0ouBNVPOQ/MwKv5G_c5d_TVm0tsiXr6L5Eyr_KSTb2qbDrctYtdya6JhqNumiJPrV76uFF-a9cAnYasXv-X5CDILR7lYlAIWr2FFb8T0aZ2HajsfP6J1YvxEWq45umI-N7Zh6F5b68UlXrxYW1fSZr5gMMexC0MfK4jWo9u5lHhqVcUS4OHESJIdzg9zq9vKI0xK7HMJGe/ByczUdXTXt8RzQGlfJ3onYJytlo3gsE4UhCFYfJfyi8),Upstate Niagara Product Catalog q1 2020.pdf (https://v5.airtableusercontent.com/v3/u/42/42/1749600000000/PqmEhFnLGSga0deG8APncw/hJlmEH5U57FMJdvDf0NYgb7RRInfrvc7nBAct9yNah-k0Vontw9D0Mingb55fQhwqSUSVWO_CDL1vFSpOTTuywoIN-NVQjMiWweqyIAm5TEl4Za-Td4LZUN6splHv-JXmC06ihHXWiMb8-Hx613CnZv_YedeGXbnvYNmmr8mj7f8s0I5qzQoFZDo0HldgeM1/6RZix_28HFs2lYlZOuu_wXDQnKiRdqbYwtw_UsUEU4M),,,,,,4/11/2024 3:29pm,,,"""Upstate Niagara Cooperative, Inc.""","Hudson Dairy, Depew Dairy, ""Upstate Niagara Cooperative, Inc."", Latina Boulevard, Renzi Foodservice, US Foods Buffalo",,,,,
"Buttermilk, Quart, Case","Dairy, Eggs, & Cheese",Fluid Milk,Quart,16/cs,Upstate Niagara Cooperative Inc.,4526,"Upstate Niagara Cooperative Inc.,Latina Boulevard,Renzi Foodservice,Depew Dairy,Hudson Dairy,US Foods Buffalo",,Yes,NY Grown & Certified ,Upstate Niagara Cooperative Certificate.pdf (https://v5.airtableusercontent.com/v3/u/42/42/1749600000000/oSLLuxiohSZ2B0ouBNVPOQ/MwKv5G_c5d_TVm0tsiXr6L5Eyr_KSTb2qbDrctYtdya6JhqNumiJPrV76uFF-a9cAnYasXv-X5CDILR7lYlAIWr2FFb8T0aZ2HajsfP6J1YvxEWq45umI-N7Zh6F5b68UlXrxYW1fSZr5gMMexC0MfK4jWo9u5lHhqVcUS4OHESJIdzg9zq9vKI0xK7HMJGe/ByczUdXTXt8RzQGlfJ3onYJytlo3gsE4UhCFYfJfyi8),Upstate 2023.pdf (https://v5.airtableusercontent.com/v3/u/42/42/1749600000000/wsNdxLYajRuA9lrCOoLNlg/HIbf7bEyGDY6yRBCs-IFPq6ibpCAO3QClJCFKqvcMTKm4wHJ1UbCNRg03mqiZR5YPFz6gdVmD7TVZz2z9atK6ArqsZ8G02CBHcoCh6VCS63IDuyroH2ORhwykxCM-BgTHQtOGxNp0ifrQ1VSeBN2kQ/fpwjcOkhUaalwg5XhUzwj2Za6QkLTWzFr7eHpJl17B8),,,,,,4/11/2024 3:29pm,,,"""Upstate Niagara Cooperative, Inc.""","Hudson Dairy, Depew Dairy, ""Upstate Niagara Cooperative, Inc."", Latina Boulevard, Renzi Foodservice",,,,,
"Light Cream, Quart","Dairy, Eggs, & Cheese",Fluid Milk,Quart,16/cs,Upstate Niagara Cooperative Inc.,5309,"Upstate Niagara Cooperative Inc.,Latina Boulevard,Renzi Foodservice,Depew Dairy,Hudson Dairy",,Yes,NY Grown & Certified ,Upstate Niagara Cooperative Certificate.pdf (https://v5.airtableusercontent.com/v3/u/42/42/1749600000000/oSLLuxiohSZ2B0ouBNVPOQ/MwKv5G_c5d_TVm0tsiXr6L5Eyr_KSTb2qbDrctYtdya6JhqNumiJPrV76uFF-a9cAnYasXv-X5CDILR7lYlAIWr2FFb8T0aZ2HajsfP6J1YvxEWq45umI-N7Zh6F5b68UlXrxYW1fSZr5gMMexC0MfK4jWo9u5lHhqVcUS4OHESJIdzg9zq9vKI0xK7HMJGe/ByczUdXTXt8RzQGlfJ3onYJytlo3gsE4UhCFYfJfyi8),Upstate 2023.pdf (https://v5.airtableusercontent.com/v3/u/42/42/1749600000000/wsNdxLYajRuA9lrCOoLNlg/HIbf7bEyGDY6yRBCs-IFPq6ibpCAO3QClJCFKqvcMTKm4wHJ1UbCNRg03mqiZR5YPFz6gdVmD7TVZz2z9atK6ArqsZ8G02CBHcoCh6VCS63IDuyroH2ORhwykxCM-BgTHQtOGxNp0ifrQ1VSeBN2kQ/fpwjcOkhUaalwg5XhUzwj2Za6QkLTWzFr7eHpJl17B8),,,,,,4/11/2024 3:28pm,,,"""Upstate Niagara Cooperative, Inc.""","Hudson Dairy, Depew Dairy, ""Upstate Niagara Cooperative, Inc."", Latina Boulevard, Renzi Foodservice",,,,,
"Half and Half, Pint","Dairy, Eggs, & Cheese",Fluid Milk,Pint,29/cs,Upstate Niagara Cooperative Inc.,5329,"Upstate Niagara Cooperative Inc.,Latina Boulevard,Renzi Foodservice,Depew Dairy,Hudson Dairy",,Yes,NY Grown & Certified ,Upstate Niagara Cooperative Certificate.pdf (https://v5.airtableusercontent.com/v3/u/42/42/1749600000000/oSLLuxiohSZ2B0ouBNVPOQ/MwKv5G_c5d_TVm0tsiXr6L5Eyr_KSTb2qbDrctYtdya6JhqNumiJPrV76uFF-a9cAnYasXv-X5CDILR7lYlAIWr2FFb8T0aZ2HajsfP6J1YvxEWq45umI-N7Zh6F5b68UlXrxYW1fSZr5gMMexC0MfK4jWo9u5lHhqVcUS4OHESJIdzg9zq9vKI0xK7HMJGe/ByczUdXTXt8RzQGlfJ3onYJytlo3gsE4UhCFYfJfyi8),Upstate 2023.pdf (https://v5.airtableusercontent.com/v3/u/42/42/1749600000000/wsNdxLYajRuA9lrCOoLNlg/HIbf7bEyGDY6yRBCs-IFPq6ibpCAO3QClJCFKqvcMTKm4wHJ1UbCNRg03mqiZR5YPFz6gdVmD7TVZz2z9atK6ArqsZ8G02CBHcoCh6VCS63IDuyroH2ORhwykxCM-BgTHQtOGxNp0ifrQ1VSeBN2kQ/fpwjcOkhUaalwg5XhUzwj2Za6QkLTWzFr7eHpJl17B8),,,,,,4/11/2024 3:29pm,,,"""Upstate Niagara Cooperative, Inc.""","Hudson Dairy, Depew Dairy, ""Upstate Niagara Cooperative, Inc."", Latina Boulevard, Renzi Foodservice",,,,,
"Half and Half, Plastic Quart","Dairy, Eggs, & Cheese",Fluid Milk,Quart,16/cs,Upstate Niagara Cooperative Inc.,5328,"Upstate Niagara Cooperative Inc.,Latina Boulevard,Renzi Foodservice,Depew Dairy,Hudson Dairy",,Yes,NY Grown & Certified ,Upstate Niagara Cooperative Certificate.pdf (https://v5.airtableusercontent.com/v3/u/42/42/1749600000000/oSLLuxiohSZ2B0ouBNVPOQ/MwKv5G_c5d_TVm0tsiXr6L5Eyr_KSTb2qbDrctYtdya6JhqNumiJPrV76uFF-a9cAnYasXv-X5CDILR7lYlAIWr2FFb8T0aZ2HajsfP6J1YvxEWq45umI-N7Zh6F5b68UlXrxYW1fSZr5gMMexC0MfK4jWo9u5lHhqVcUS4OHESJIdzg9zq9vKI0xK7HMJGe/ByczUdXTXt8RzQGlfJ3onYJytlo3gsE4UhCFYfJfyi8),Upstate 2023.pdf (https://v5.airtableusercontent.com/v3/u/42/42/1749600000000/wsNdxLYajRuA9lrCOoLNlg/HIbf7bEyGDY6yRBCs-IFPq6ibpCAO3QClJCFKqvcMTKm4wHJ1UbCNRg03mqiZR5YPFz6gdVmD7TVZz2z9atK6ArqsZ8G02CBHcoCh6VCS63IDuyroH2ORhwykxCM-BgTHQtOGxNp0ifrQ1VSeBN2kQ/fpwjcOkhUaalwg5XhUzwj2Za6QkLTWzFr7eHpJl17B8),,,,,,4/11/2024 3:29pm,,,"""Upstate Niagara Cooperative, Inc.""","Hudson Dairy, Depew Dairy, ""Upstate Niagara Cooperative, Inc."", Latina Boulevard, Renzi Foodservice",,,,,
"Heavy Cream, UHT, Paper Quart","Dairy, Eggs, & Cheese",Fluid Milk,Quart,12/cs,Upstate Niagara Cooperative Inc.,5325,"Upstate Niagara Cooperative Inc.,Latina Boulevard,Renzi Foodservice,Depew Dairy,Hudson Dairy,US Foods Buffalo",,Yes,NY Grown & Certified ,Upstate Niagara Cooperative Certificate.pdf (https://v5.airtableusercontent.com/v3/u/42/42/1749600000000/oSLLuxiohSZ2B0ouBNVPOQ/MwKv5G_c5d_TVm0tsiXr6L5Eyr_KSTb2qbDrctYtdya6JhqNumiJPrV76uFF-a9cAnYasXv-X5CDILR7lYlAIWr2FFb8T0aZ2HajsfP6J1YvxEWq45umI-N7Zh6F5b68UlXrxYW1fSZr5gMMexC0MfK4jWo9u5lHhqVcUS4OHESJIdzg9zq9vKI0xK7HMJGe/ByczUdXTXt8RzQGlfJ3onYJytlo3gsE4UhCFYfJfyi8),Upstate 2023.pdf (https://v5.airtableusercontent.com/v3/u/42/42/1749600000000/wsNdxLYajRuA9lrCOoLNlg/HIbf7bEyGDY6yRBCs-IFPq6ibpCAO3QClJCFKqvcMTKm4wHJ1UbCNRg03mqiZR5YPFz6gdVmD7TVZz2z9atK6ArqsZ8G02CBHcoCh6VCS63IDuyroH2ORhwykxCM-BgTHQtOGxNp0ifrQ1VSeBN2kQ/fpwjcOkhUaalwg5XhUzwj2Za6QkLTWzFr7eHpJl17B8),,,,,,4/11/2024 3:29pm,,,"""Upstate Niagara Cooperative, Inc.""","Hudson Dairy, Depew Dairy, ""Upstate Niagara Cooperative, Inc."", Latina Boulevard, Renzi Foodservice",,,,,
Heavy Cream,"Dairy, Eggs, & Cheese",Fluid Milk,Half Pint,48/cs,Upstate Niagara Cooperative Inc.,5539,"Upstate Niagara Cooperative Inc.,Latina Boulevard,Renzi Foodservice,Depew Dairy,Hudson Dairy",,Yes,NY Grown & Certified ,Upstate Niagara Cooperative Certificate.pdf (https://v5.airtableusercontent.com/v3/u/42/42/1749600000000/oSLLuxiohSZ2B0ouBNVPOQ/MwKv5G_c5d_TVm0tsiXr6L5Eyr_KSTb2qbDrctYtdya6JhqNumiJPrV76uFF-a9cAnYasXv-X5CDILR7lYlAIWr2FFb8T0aZ2HajsfP6J1YvxEWq45umI-N7Zh6F5b68UlXrxYW1fSZr5gMMexC0MfK4jWo9u5lHhqVcUS4OHESJIdzg9zq9vKI0xK7HMJGe/ByczUdXTXt8RzQGlfJ3onYJytlo3gsE4UhCFYfJfyi8),Upstate 2023.pdf (https://v5.airtableusercontent.com/v3/u/42/42/1749600000000/wsNdxLYajRuA9lrCOoLNlg/HIbf7bEyGDY6yRBCs-IFPq6ibpCAO3QClJCFKqvcMTKm4wHJ1UbCNRg03mqiZR5YPFz6gdVmD7TVZz2z9atK6ArqsZ8G02CBHcoCh6VCS63IDuyroH2ORhwykxCM-BgTHQtOGxNp0ifrQ1VSeBN2kQ/fpwjcOkhUaalwg5XhUzwj2Za6QkLTWzFr7eHpJl17B8),,,,,,4/11/2024 3:29pm,,,"""Upstate Niagara Cooperative, Inc.""","Hudson Dairy, Depew Dairy, ""Upstate Niagara Cooperative, Inc."", Latina Boulevard, Renzi Foodservice",,,,,
"Cream, 40%, UHT, 20 Quart","Dairy, Eggs, & Cheese",Fluid Milk,20 Quart,1 (20 Quart),Upstate Niagara Cooperative Inc.,5524,"Upstate Niagara Cooperative Inc.,Latina Boulevard,Renzi Foodservice,Depew Dairy,Hudson Dairy,US Foods Buffalo",,Yes,NY Grown & Certified ,Upstate Niagara Cooperative Certificate.pdf (https://v5.airtableusercontent.com/v3/u/42/42/1749600000000/oSLLuxiohSZ2B0ouBNVPOQ/MwKv5G_c5d_TVm0tsiXr6L5Eyr_KSTb2qbDrctYtdya6JhqNumiJPrV76uFF-a9cAnYasXv-X5CDILR7lYlAIWr2FFb8T0aZ2HajsfP6J1YvxEWq45umI-N7Zh6F5b68UlXrxYW1fSZr5gMMexC0MfK4jWo9u5lHhqVcUS4OHESJIdzg9zq9vKI0xK7HMJGe/ByczUdXTXt8RzQGlfJ3onYJytlo3gsE4UhCFYfJfyi8),Upstate 2023.pdf (https://v5.airtableusercontent.com/v3/u/42/42/1749600000000/wsNdxLYajRuA9lrCOoLNlg/HIbf7bEyGDY6yRBCs-IFPq6ibpCAO3QClJCFKqvcMTKm4wHJ1UbCNRg03mqiZR5YPFz6gdVmD7TVZz2z9atK6ArqsZ8G02CBHcoCh6VCS63IDuyroH2ORhwykxCM-BgTHQtOGxNp0ifrQ1VSeBN2kQ/fpwjcOkhUaalwg5XhUzwj2Za6QkLTWzFr7eHpJl17B8),,,,,,4/11/2024 3:29pm,,,"""Upstate Niagara Cooperative, Inc.""","Hudson Dairy, Depew Dairy, ""Upstate Niagara Cooperative, Inc."", Latina Boulevard, Renzi Foodservice",,,,,
"Half and Half, UHT, Ultra with Fitment","Dairy, Eggs, & Cheese",Fluid Milk,Quart,12/cs,Upstate Niagara Cooperative Inc.,5521,"Upstate Niagara Cooperative Inc.,Latina Boulevard,Renzi Foodservice,Depew Dairy,Hudson Dairy",,Yes,NY Grown & Certified ,Upstate Niagara Cooperative Certificate.pdf (https://v5.airtableusercontent.com/v3/u/42/42/1749600000000/oSLLuxiohSZ2B0ouBNVPOQ/MwKv5G_c5d_TVm0tsiXr6L5Eyr_KSTb2qbDrctYtdya6JhqNumiJPrV76uFF-a9cAnYasXv-X5CDILR7lYlAIWr2FFb8T0aZ2HajsfP6J1YvxEWq45umI-N7Zh6F5b68UlXrxYW1fSZr5gMMexC0MfK4jWo9u5lHhqVcUS4OHESJIdzg9zq9vKI0xK7HMJGe/ByczUdXTXt8RzQGlfJ3onYJytlo3gsE4UhCFYfJfyi8),Upstate 2023.pdf (https://v5.airtableusercontent.com/v3/u/42/42/1749600000000/wsNdxLYajRuA9lrCOoLNlg/HIbf7bEyGDY6yRBCs-IFPq6ibpCAO3QClJCFKqvcMTKm4wHJ1UbCNRg03mqiZR5YPFz6gdVmD7TVZz2z9atK6ArqsZ8G02CBHcoCh6VCS63IDuyroH2ORhwykxCM-BgTHQtOGxNp0ifrQ1VSeBN2kQ/fpwjcOkhUaalwg5XhUzwj2Za6QkLTWzFr7eHpJl17B8),,,,,,4/11/2024 3:29pm,,,"""Upstate Niagara Cooperative, Inc.""","Hudson Dairy, Depew Dairy, ""Upstate Niagara Cooperative, Inc."", Latina Boulevard, Renzi Foodservice",,,,,
"Heavy Cream, Plastic Quart","Dairy, Eggs, & Cheese",Fluid Milk,Quart,16/cs,Upstate Niagara Cooperative Inc.,5519,"Upstate Niagara Cooperative Inc.,Latina Boulevard,Renzi Foodservice,Depew Dairy,Hudson Dairy,US Foods Buffalo",,Yes,NY Grown & Certified ,Upstate Niagara Cooperative Certificate.pdf (https://v5.airtableusercontent.com/v3/u/42/42/1749600000000/oSLLuxiohSZ2B0ouBNVPOQ/MwKv5G_c5d_TVm0tsiXr6L5Eyr_KSTb2qbDrctYtdya6JhqNumiJPrV76uFF-a9cAnYasXv-X5CDILR7lYlAIWr2FFb8T0aZ2HajsfP6J1YvxEWq45umI-N7Zh6F5b68UlXrxYW1fSZr5gMMexC0MfK4jWo9u5lHhqVcUS4OHESJIdzg9zq9vKI0xK7HMJGe/ByczUdXTXt8RzQGlfJ3onYJytlo3gsE4UhCFYfJfyi8),Upstate 2023.pdf (https://v5.airtableusercontent.com/v3/u/42/42/1749600000000/wsNdxLYajRuA9lrCOoLNlg/HIbf7bEyGDY6yRBCs-IFPq6ibpCAO3QClJCFKqvcMTKm4wHJ1UbCNRg03mqiZR5YPFz6gdVmD7TVZz2z9atK6ArqsZ8G02CBHcoCh6VCS63IDuyroH2ORhwykxCM-BgTHQtOGxNp0ifrQ1VSeBN2kQ/fpwjcOkhUaalwg5XhUzwj2Za6QkLTWzFr7eHpJl17B8),,,,,,4/11/2024 3:29pm,,,"""Upstate Niagara Cooperative, Inc.""","Hudson Dairy, Depew Dairy, ""Upstate Niagara Cooperative, Inc."", Latina Boulevard, Renzi Foodservice",,,,,
"Milk, Fat Free, Half Pint","Dairy, Eggs, & Cheese",Fluid Milk,Half Pints,50/cs,Upstate Niagara Cooperative Inc.,3962,"Upstate Niagara Cooperative Inc.,Latina Boulevard,Renzi Foodservice,Depew Dairy,Hudson Dairy,US Foods Buffalo",,Yes,NY Grown & Certified ,,Upstate 2023.pdf (https://v5.airtableusercontent.com/v3/u/42/42/1749600000000/wsNdxLYajRuA9lrCOoLNlg/HIbf7bEyGDY6yRBCs-IFPq6ibpCAO3QClJCFKqvcMTKm4wHJ1UbCNRg03mqiZR5YPFz6gdVmD7TVZz2z9atK6ArqsZ8G02CBHcoCh6VCS63IDuyroH2ORhwykxCM-BgTHQtOGxNp0ifrQ1VSeBN2kQ/fpwjcOkhUaalwg5XhUzwj2Za6QkLTWzFr7eHpJl17B8),,,,,"
",4/11/2024 3:29pm,,,"""Upstate Niagara Cooperative, Inc.""","Hudson Dairy, Depew Dairy, ""Upstate Niagara Cooperative, Inc."", Latina Boulevard, Renzi Foodservice, US Foods Buffalo",,,,,
"Milk, Chocolate, Fat Free, Half Pint","Dairy, Eggs, & Cheese",Fluid Milk,Half Pints,50/cs,Upstate Niagara Cooperative Inc.,5982,"Upstate Niagara Cooperative Inc.,Latina Boulevard,Renzi Foodservice,Depew Dairy,Hudson Dairy,US Foods Buffalo",,Yes,NY Grown & Certified ,Upstate Niagara Cooperative Certificate.pdf (https://v5.airtableusercontent.com/v3/u/42/42/1749600000000/oSLLuxiohSZ2B0ouBNVPOQ/MwKv5G_c5d_TVm0tsiXr6L5Eyr_KSTb2qbDrctYtdya6JhqNumiJPrV76uFF-a9cAnYasXv-X5CDILR7lYlAIWr2FFb8T0aZ2HajsfP6J1YvxEWq45umI-N7Zh6F5b68UlXrxYW1fSZr5gMMexC0MfK4jWo9u5lHhqVcUS4OHESJIdzg9zq9vKI0xK7HMJGe/ByczUdXTXt8RzQGlfJ3onYJytlo3gsE4UhCFYfJfyi8),Upstate 2023.pdf (https://v5.airtableusercontent.com/v3/u/42/42/1749600000000/wsNdxLYajRuA9lrCOoLNlg/HIbf7bEyGDY6yRBCs-IFPq6ibpCAO3QClJCFKqvcMTKm4wHJ1UbCNRg03mqiZR5YPFz6gdVmD7TVZz2z9atK6ArqsZ8G02CBHcoCh6VCS63IDuyroH2ORhwykxCM-BgTHQtOGxNp0ifrQ1VSeBN2kQ/fpwjcOkhUaalwg5XhUzwj2Za6QkLTWzFr7eHpJl17B8),,,,,,4/11/2024 3:29pm,,,"""Upstate Niagara Cooperative, Inc.""","Hudson Dairy, Depew Dairy, ""Upstate Niagara Cooperative, Inc."", Latina Boulevard, Renzi Foodservice, US Foods Buffalo",,,,,
"Milk, Chocolate, Low Fat, Half Pint","Dairy, Eggs, & Cheese",Fluid Milk,Half Pints,50/cs,Upstate Niagara Cooperative Inc.,5962,"Upstate Niagara Cooperative Inc.,Latina Boulevard,Renzi Foodservice,Depew Dairy,Hudson Dairy,US Foods Buffalo",,Yes,NY Grown & Certified ,Upstate Niagara Cooperative Certificate.pdf (https://v5.airtableusercontent.com/v3/u/42/42/1749600000000/oSLLuxiohSZ2B0ouBNVPOQ/MwKv5G_c5d_TVm0tsiXr6L5Eyr_KSTb2qbDrctYtdya6JhqNumiJPrV76uFF-a9cAnYasXv-X5CDILR7lYlAIWr2FFb8T0aZ2HajsfP6J1YvxEWq45umI-N7Zh6F5b68UlXrxYW1fSZr5gMMexC0MfK4jWo9u5lHhqVcUS4OHESJIdzg9zq9vKI0xK7HMJGe/ByczUdXTXt8RzQGlfJ3onYJytlo3gsE4UhCFYfJfyi8),Upstate 2023.pdf (https://v5.airtableusercontent.com/v3/u/42/42/1749600000000/wsNdxLYajRuA9lrCOoLNlg/HIbf7bEyGDY6yRBCs-IFPq6ibpCAO3QClJCFKqvcMTKm4wHJ1UbCNRg03mqiZR5YPFz6gdVmD7TVZz2z9atK6ArqsZ8G02CBHcoCh6VCS63IDuyroH2ORhwykxCM-BgTHQtOGxNp0ifrQ1VSeBN2kQ/fpwjcOkhUaalwg5XhUzwj2Za6QkLTWzFr7eHpJl17B8),,,,,,4/11/2024 3:29pm,,,"""Upstate Niagara Cooperative, Inc.""","Hudson Dairy, Depew Dairy, ""Upstate Niagara Cooperative, Inc."", Latina Boulevard, Renzi Foodservice, US Foods Buffalo",,,,,
"Milk, Strawberry, Half Pint","Dairy, Eggs, & Cheese",Fluid Milk,Half Pints,50/cs,Upstate Niagara Cooperative Inc.,5967,"Upstate Niagara Cooperative Inc.,Latina Boulevard,Renzi Foodservice,Depew Dairy,Hudson Dairy,US Foods Buffalo",,Yes,NY Grown & Certified ,,Upstate 2023.pdf (https://v5.airtableusercontent.com/v3/u/42/42/1749600000000/wsNdxLYajRuA9lrCOoLNlg/HIbf7bEyGDY6yRBCs-IFPq6ibpCAO3QClJCFKqvcMTKm4wHJ1UbCNRg03mqiZR5YPFz6gdVmD7TVZz2z9atK6ArqsZ8G02CBHcoCh6VCS63IDuyroH2ORhwykxCM-BgTHQtOGxNp0ifrQ1VSeBN2kQ/fpwjcOkhUaalwg5XhUzwj2Za6QkLTWzFr7eHpJl17B8),,,,,,4/11/2024 3:29pm,,,"""Upstate Niagara Cooperative, Inc.""","Hudson Dairy, Depew Dairy, ""Upstate Niagara Cooperative, Inc."", Latina Boulevard, Renzi Foodservice, US Foods Buffalo",,,,,
"Milk, Whole, Gallon","Dairy, Eggs, & Cheese",Fluid Milk,Gallon,4/cs,Upstate Niagara Cooperative Inc.,1001,"Upstate Niagara Cooperative Inc.,Latina Boulevard,Renzi Foodservice,Depew Dairy,Hudson Dairy,US Foods Buffalo",,Yes,NY Grown & Certified ,Upstate Niagara Cooperative Certificate.pdf (https://v5.airtableusercontent.com/v3/u/42/42/1749600000000/oSLLuxiohSZ2B0ouBNVPOQ/MwKv5G_c5d_TVm0tsiXr6L5Eyr_KSTb2qbDrctYtdya6JhqNumiJPrV76uFF-a9cAnYasXv-X5CDILR7lYlAIWr2FFb8T0aZ2HajsfP6J1YvxEWq45umI-N7Zh6F5b68UlXrxYW1fSZr5gMMexC0MfK4jWo9u5lHhqVcUS4OHESJIdzg9zq9vKI0xK7HMJGe/ByczUdXTXt8RzQGlfJ3onYJytlo3gsE4UhCFYfJfyi8),Upstate 2023.pdf (https://v5.airtableusercontent.com/v3/u/42/42/1749600000000/wsNdxLYajRuA9lrCOoLNlg/HIbf7bEyGDY6yRBCs-IFPq6ibpCAO3QClJCFKqvcMTKm4wHJ1UbCNRg03mqiZR5YPFz6gdVmD7TVZz2z9atK6ArqsZ8G02CBHcoCh6VCS63IDuyroH2ORhwykxCM-BgTHQtOGxNp0ifrQ1VSeBN2kQ/fpwjcOkhUaalwg5XhUzwj2Za6QkLTWzFr7eHpJl17B8),,,,,,4/11/2024 3:29pm,,,"""Upstate Niagara Cooperative, Inc.""","Hudson Dairy, Depew Dairy, ""Upstate Niagara Cooperative, Inc."", Latina Boulevard, Renzi Foodservice, US Foods Buffalo",,,,,
"Milk, 2%, Gallon ","Dairy, Eggs, & Cheese",Fluid Milk,Gallon,4/cs,Upstate Niagara Cooperative Inc.,2001,"Upstate Niagara Cooperative Inc.,Latina Boulevard,Renzi Foodservice,Depew Dairy,Hudson Dairy,US Foods Buffalo",,Yes,NY Grown & Certified ,Upstate Niagara Cooperative Certificate.pdf (https://v5.airtableusercontent.com/v3/u/42/42/1749600000000/oSLLuxiohSZ2B0ouBNVPOQ/MwKv5G_c5d_TVm0tsiXr6L5Eyr_KSTb2qbDrctYtdya6JhqNumiJPrV76uFF-a9cAnYasXv-X5CDILR7lYlAIWr2FFb8T0aZ2HajsfP6J1YvxEWq45umI-N7Zh6F5b68UlXrxYW1fSZr5gMMexC0MfK4jWo9u5lHhqVcUS4OHESJIdzg9zq9vKI0xK7HMJGe/ByczUdXTXt8RzQGlfJ3onYJytlo3gsE4UhCFYfJfyi8),Upstate 2023.pdf (https://v5.airtableusercontent.com/v3/u/42/42/1749600000000/wsNdxLYajRuA9lrCOoLNlg/HIbf7bEyGDY6yRBCs-IFPq6ibpCAO3QClJCFKqvcMTKm4wHJ1UbCNRg03mqiZR5YPFz6gdVmD7TVZz2z9atK6ArqsZ8G02CBHcoCh6VCS63IDuyroH2ORhwykxCM-BgTHQtOGxNp0ifrQ1VSeBN2kQ/fpwjcOkhUaalwg5XhUzwj2Za6QkLTWzFr7eHpJl17B8),,,,,,4/11/2024 3:29pm,,,"""Upstate Niagara Cooperative, Inc.""","Hudson Dairy, Depew Dairy, ""Upstate Niagara Cooperative, Inc."", Latina Boulevard, Renzi Foodservice, US Foods Buffalo",,,,,
"Milk, 1%, Gallon","Dairy, Eggs, & Cheese",Fluid Milk,Gallon,4/cs,Upstate Niagara Cooperative Inc.,4001,"Upstate Niagara Cooperative Inc.,Latina Boulevard,Renzi Foodservice,Depew Dairy,Hudson Dairy,US Foods Buffalo",,Yes,NY Grown & Certified ,Upstate Niagara Cooperative Certificate.pdf (https://v5.airtableusercontent.com/v3/u/42/42/1749600000000/oSLLuxiohSZ2B0ouBNVPOQ/MwKv5G_c5d_TVm0tsiXr6L5Eyr_KSTb2qbDrctYtdya6JhqNumiJPrV76uFF-a9cAnYasXv-X5CDILR7lYlAIWr2FFb8T0aZ2HajsfP6J1YvxEWq45umI-N7Zh6F5b68UlXrxYW1fSZr5gMMexC0MfK4jWo9u5lHhqVcUS4OHESJIdzg9zq9vKI0xK7HMJGe/ByczUdXTXt8RzQGlfJ3onYJytlo3gsE4UhCFYfJfyi8),Upstate 2023.pdf (https://v5.airtableusercontent.com/v3/u/42/42/1749600000000/wsNdxLYajRuA9lrCOoLNlg/HIbf7bEyGDY6yRBCs-IFPq6ibpCAO3QClJCFKqvcMTKm4wHJ1UbCNRg03mqiZR5YPFz6gdVmD7TVZz2z9atK6ArqsZ8G02CBHcoCh6VCS63IDuyroH2ORhwykxCM-BgTHQtOGxNp0ifrQ1VSeBN2kQ/fpwjcOkhUaalwg5XhUzwj2Za6QkLTWzFr7eHpJl17B8),,,,,,4/11/2024 3:29pm,,,"""Upstate Niagara Cooperative, Inc.""","Hudson Dairy, Depew Dairy, ""Upstate Niagara Cooperative, Inc."", Latina Boulevard, Renzi Foodservice, US Foods Buffalo",,,,,
"Milk, 1%, Half-pint","Dairy, Eggs, & Cheese",Fluid Milk,Half Pints,50/cs,Upstate Niagara Cooperative Inc.,4962,"Upstate Niagara Cooperative Inc.,Latina Boulevard,Renzi Foodservice,Depew Dairy,Hudson Dairy,US Foods Buffalo",,Yes,NY Grown & Certified ,Upstate Niagara Cooperative Certificate.pdf (https://v5.airtableusercontent.com/v3/u/42/42/1749600000000/oSLLuxiohSZ2B0ouBNVPOQ/MwKv5G_c5d_TVm0tsiXr6L5Eyr_KSTb2qbDrctYtdya6JhqNumiJPrV76uFF-a9cAnYasXv-X5CDILR7lYlAIWr2FFb8T0aZ2HajsfP6J1YvxEWq45umI-N7Zh6F5b68UlXrxYW1fSZr5gMMexC0MfK4jWo9u5lHhqVcUS4OHESJIdzg9zq9vKI0xK7HMJGe/ByczUdXTXt8RzQGlfJ3onYJytlo3gsE4UhCFYfJfyi8),Upstate 2023.pdf (https://v5.airtableusercontent.com/v3/u/42/42/1749600000000/wsNdxLYajRuA9lrCOoLNlg/HIbf7bEyGDY6yRBCs-IFPq6ibpCAO3QClJCFKqvcMTKm4wHJ1UbCNRg03mqiZR5YPFz6gdVmD7TVZz2z9atK6ArqsZ8G02CBHcoCh6VCS63IDuyroH2ORhwykxCM-BgTHQtOGxNp0ifrQ1VSeBN2kQ/fpwjcOkhUaalwg5XhUzwj2Za6QkLTWzFr7eHpJl17B8),,,,,,4/11/2024 3:29pm,,,"""Upstate Niagara Cooperative, Inc.""","Hudson Dairy, Depew Dairy, ""Upstate Niagara Cooperative, Inc."", Latina Boulevard, Renzi Foodservice, US Foods Buffalo",,,,,
"Milk, Whole, Half Gallon","Dairy, Eggs, & Cheese",Fluid Milk,Half Gallon,9/cs,Upstate Niagara Cooperative Inc.,1290,"Upstate Niagara Cooperative Inc.,Latina Boulevard,Renzi Foodservice,Depew Dairy,Hudson Dairy,US Foods Buffalo",,Yes,NY Grown & Certified ,,Upstate 2023.pdf (https://v5.airtableusercontent.com/v3/u/42/42/1749600000000/wsNdxLYajRuA9lrCOoLNlg/HIbf7bEyGDY6yRBCs-IFPq6ibpCAO3QClJCFKqvcMTKm4wHJ1UbCNRg03mqiZR5YPFz6gdVmD7TVZz2z9atK6ArqsZ8G02CBHcoCh6VCS63IDuyroH2ORhwykxCM-BgTHQtOGxNp0ifrQ1VSeBN2kQ/fpwjcOkhUaalwg5XhUzwj2Za6QkLTWzFr7eHpJl17B8),,,,,,4/11/2024 3:29pm,,,,,,,,,
"Milk, Whole, Quart","Dairy, Eggs, & Cheese",Fluid Milk,Quart,16/cs,Upstate Niagara Cooperative Inc.,1727,"Upstate Niagara Cooperative Inc.,Latina Boulevard,Renzi Foodservice,Depew Dairy,Hudson Dairy,US Foods Buffalo",,Yes,NY Grown & Certified ,,Upstate 2023.pdf (https://v5.airtableusercontent.com/v3/u/42/42/1749600000000/wsNdxLYajRuA9lrCOoLNlg/HIbf7bEyGDY6yRBCs-IFPq6ibpCAO3QClJCFKqvcMTKm4wHJ1UbCNRg03mqiZR5YPFz6gdVmD7TVZz2z9atK6ArqsZ8G02CBHcoCh6VCS63IDuyroH2ORhwykxCM-BgTHQtOGxNp0ifrQ1VSeBN2kQ/fpwjcOkhUaalwg5XhUzwj2Za6QkLTWzFr7eHpJl17B8),,,,,,4/11/2024 3:29pm,,,,,,,,,
"Milk, Whole, Pint","Dairy, Eggs, & Cheese",Fluid Milk,Pint,12/cs,Upstate Niagara Cooperative Inc.,1928,"Upstate Niagara Cooperative Inc.,Latina Boulevard,Renzi Foodservice,Depew Dairy,Hudson Dairy,US Foods Buffalo",,Yes,NY Grown & Certified ,,Upstate 2023.pdf (https://v5.airtableusercontent.com/v3/u/42/42/1749600000000/wsNdxLYajRuA9lrCOoLNlg/HIbf7bEyGDY6yRBCs-IFPq6ibpCAO3QClJCFKqvcMTKm4wHJ1UbCNRg03mqiZR5YPFz6gdVmD7TVZz2z9atK6ArqsZ8G02CBHcoCh6VCS63IDuyroH2ORhwykxCM-BgTHQtOGxNp0ifrQ1VSeBN2kQ/fpwjcOkhUaalwg5XhUzwj2Za6QkLTWzFr7eHpJl17B8),,,,,,4/11/2024 3:29pm,,,,,,,,,
"Milk, Whole, 4 oz.","Dairy, Eggs, & Cheese",Fluid Milk,4 oz.,75/cs,Upstate Niagara Cooperative Inc.,1939,"Upstate Niagara Cooperative Inc.,Latina Boulevard,Renzi Foodservice,Depew Dairy,Hudson Dairy,US Foods Buffalo",,Yes,NY Grown & Certified ,Upstate Niagara Cooperative Certificate.pdf (https://v5.airtableusercontent.com/v3/u/42/42/1749600000000/oSLLuxiohSZ2B0ouBNVPOQ/MwKv5G_c5d_TVm0tsiXr6L5Eyr_KSTb2qbDrctYtdya6JhqNumiJPrV76uFF-a9cAnYasXv-X5CDILR7lYlAIWr2FFb8T0aZ2HajsfP6J1YvxEWq45umI-N7Zh6F5b68UlXrxYW1fSZr5gMMexC0MfK4jWo9u5lHhqVcUS4OHESJIdzg9zq9vKI0xK7HMJGe/ByczUdXTXt8RzQGlfJ3onYJytlo3gsE4UhCFYfJfyi8),Upstate 2023.pdf (https://v5.airtableusercontent.com/v3/u/42/42/1749600000000/wsNdxLYajRuA9lrCOoLNlg/HIbf7bEyGDY6yRBCs-IFPq6ibpCAO3QClJCFKqvcMTKm4wHJ1UbCNRg03mqiZR5YPFz6gdVmD7TVZz2z9atK6ArqsZ8G02CBHcoCh6VCS63IDuyroH2ORhwykxCM-BgTHQtOGxNp0ifrQ1VSeBN2kQ/fpwjcOkhUaalwg5XhUzwj2Za6QkLTWzFr7eHpJl17B8),,,,,,4/11/2024 3:29pm,,,,,,,,,
"Milk, Whole, Half Pint","Dairy, Eggs, & Cheese",Fluid Milk,Half Pint,50/cs,Upstate Niagara Cooperative Inc.,1962,"Upstate Niagara Cooperative Inc.,Latina Boulevard,Renzi Foodservice,Depew Dairy,Hudson Dairy,US Foods Buffalo",,Yes,NY Grown & Certified ,,Upstate 2023.pdf (https://v5.airtableusercontent.com/v3/u/42/42/1749600000000/wsNdxLYajRuA9lrCOoLNlg/HIbf7bEyGDY6yRBCs-IFPq6ibpCAO3QClJCFKqvcMTKm4wHJ1UbCNRg03mqiZR5YPFz6gdVmD7TVZz2z9atK6ArqsZ8G02CBHcoCh6VCS63IDuyroH2ORhwykxCM-BgTHQtOGxNp0ifrQ1VSeBN2kQ/fpwjcOkhUaalwg5XhUzwj2Za6QkLTWzFr7eHpJl17B8),,,,,,4/11/2024 3:29pm,,,,,,,,,
"Milk, 2%, Half Gallon","Dairy, Eggs, & Cheese",Fluid Milk,Half Gallon,9/cs,Upstate Niagara Cooperative Inc.,2290,"Upstate Niagara Cooperative Inc.,Latina Boulevard,Renzi Foodservice,Depew Dairy,Hudson Dairy,US Foods Buffalo",,Yes,NY Grown & Certified ,Upstate Niagara Cooperative Certificate.pdf (https://v5.airtableusercontent.com/v3/u/42/42/1749600000000/oSLLuxiohSZ2B0ouBNVPOQ/MwKv5G_c5d_TVm0tsiXr6L5Eyr_KSTb2qbDrctYtdya6JhqNumiJPrV76uFF-a9cAnYasXv-X5CDILR7lYlAIWr2FFb8T0aZ2HajsfP6J1YvxEWq45umI-N7Zh6F5b68UlXrxYW1fSZr5gMMexC0MfK4jWo9u5lHhqVcUS4OHESJIdzg9zq9vKI0xK7HMJGe/ByczUdXTXt8RzQGlfJ3onYJytlo3gsE4UhCFYfJfyi8),Upstate 2023.pdf (https://v5.airtableusercontent.com/v3/u/42/42/1749600000000/wsNdxLYajRuA9lrCOoLNlg/HIbf7bEyGDY6yRBCs-IFPq6ibpCAO3QClJCFKqvcMTKm4wHJ1UbCNRg03mqiZR5YPFz6gdVmD7TVZz2z9atK6ArqsZ8G02CBHcoCh6VCS63IDuyroH2ORhwykxCM-BgTHQtOGxNp0ifrQ1VSeBN2kQ/fpwjcOkhUaalwg5XhUzwj2Za6QkLTWzFr7eHpJl17B8),,,,,,4/11/2024 3:29pm,,,,,,,,,
"Milk, Whole, 20 qt. ","Dairy, Eggs, & Cheese",Fluid Milk,20 qt. ,20 qt.,Upstate Niagara Cooperative Inc.,1970,"Upstate Niagara Cooperative Inc.,Latina Boulevard,Renzi Foodservice,Depew Dairy,Hudson Dairy,US Foods Buffalo",,Yes,NY Grown & Certified ,Upstate Niagara Cooperative Certificate.pdf (https://v5.airtableusercontent.com/v3/u/42/42/1749600000000/oSLLuxiohSZ2B0ouBNVPOQ/MwKv5G_c5d_TVm0tsiXr6L5Eyr_KSTb2qbDrctYtdya6JhqNumiJPrV76uFF-a9cAnYasXv-X5CDILR7lYlAIWr2FFb8T0aZ2HajsfP6J1YvxEWq45umI-N7Zh6F5b68UlXrxYW1fSZr5gMMexC0MfK4jWo9u5lHhqVcUS4OHESJIdzg9zq9vKI0xK7HMJGe/ByczUdXTXt8RzQGlfJ3onYJytlo3gsE4UhCFYfJfyi8),Upstate 2023.pdf (https://v5.airtableusercontent.com/v3/u/42/42/1749600000000/wsNdxLYajRuA9lrCOoLNlg/HIbf7bEyGDY6yRBCs-IFPq6ibpCAO3QClJCFKqvcMTKm4wHJ1UbCNRg03mqiZR5YPFz6gdVmD7TVZz2z9atK6ArqsZ8G02CBHcoCh6VCS63IDuyroH2ORhwykxCM-BgTHQtOGxNp0ifrQ1VSeBN2kQ/fpwjcOkhUaalwg5XhUzwj2Za6QkLTWzFr7eHpJl17B8),,,,,,4/11/2024 3:29pm,,,,,,,,,
"Milk, 2%, Quart","Dairy, Eggs, & Cheese",Fluid Milk,Quart,16/cs,Upstate Niagara Cooperative Inc.,2424,"Upstate Niagara Cooperative Inc.,Latina Boulevard,Renzi Foodservice,Depew Dairy,Hudson Dairy,US Foods Buffalo",,Yes,NY Grown & Certified ,Upstate Niagara Cooperative Certificate.pdf (https://v5.airtableusercontent.com/v3/u/42/42/1749600000000/oSLLuxiohSZ2B0ouBNVPOQ/MwKv5G_c5d_TVm0tsiXr6L5Eyr_KSTb2qbDrctYtdya6JhqNumiJPrV76uFF-a9cAnYasXv-X5CDILR7lYlAIWr2FFb8T0aZ2HajsfP6J1YvxEWq45umI-N7Zh6F5b68UlXrxYW1fSZr5gMMexC0MfK4jWo9u5lHhqVcUS4OHESJIdzg9zq9vKI0xK7HMJGe/ByczUdXTXt8RzQGlfJ3onYJytlo3gsE4UhCFYfJfyi8),Upstate 2023.pdf (https://v5.airtableusercontent.com/v3/u/42/42/1749600000000/wsNdxLYajRuA9lrCOoLNlg/HIbf7bEyGDY6yRBCs-IFPq6ibpCAO3QClJCFKqvcMTKm4wHJ1UbCNRg03mqiZR5YPFz6gdVmD7TVZz2z9atK6ArqsZ8G02CBHcoCh6VCS63IDuyroH2ORhwykxCM-BgTHQtOGxNp0ifrQ1VSeBN2kQ/fpwjcOkhUaalwg5XhUzwj2Za6QkLTWzFr7eHpJl17B8),,,,,,4/11/2024 3:29pm,,,,,,,,,
"Milk, 2%, Pint","Dairy, Eggs, & Cheese",Fluid Milk,Pint,12/cs,Upstate Niagara Cooperative Inc.,2935,"Upstate Niagara Cooperative Inc.,Latina Boulevard,Renzi Foodservice,Depew Dairy,Hudson Dairy,US Foods Buffalo",,Yes,NY Grown & Certified ,Upstate Niagara Cooperative Certificate.pdf (https://v5.airtableusercontent.com/v3/u/42/42/1749600000000/oSLLuxiohSZ2B0ouBNVPOQ/MwKv5G_c5d_TVm0tsiXr6L5Eyr_KSTb2qbDrctYtdya6JhqNumiJPrV76uFF-a9cAnYasXv-X5CDILR7lYlAIWr2FFb8T0aZ2HajsfP6J1YvxEWq45umI-N7Zh6F5b68UlXrxYW1fSZr5gMMexC0MfK4jWo9u5lHhqVcUS4OHESJIdzg9zq9vKI0xK7HMJGe/ByczUdXTXt8RzQGlfJ3onYJytlo3gsE4UhCFYfJfyi8),Upstate 2023.pdf (https://v5.airtableusercontent.com/v3/u/42/42/1749600000000/wsNdxLYajRuA9lrCOoLNlg/HIbf7bEyGDY6yRBCs-IFPq6ibpCAO3QClJCFKqvcMTKm4wHJ1UbCNRg03mqiZR5YPFz6gdVmD7TVZz2z9atK6ArqsZ8G02CBHcoCh6VCS63IDuyroH2ORhwykxCM-BgTHQtOGxNp0ifrQ1VSeBN2kQ/fpwjcOkhUaalwg5XhUzwj2Za6QkLTWzFr7eHpJl17B8),,,,,,4/11/2024 3:29pm,,,,,,,,,
"Milk, 2%, 4 oz.","Dairy, Eggs, & Cheese",Fluid Milk,4 oz.,75/cs,Upstate Niagara Cooperative Inc.,2949,"Upstate Niagara Cooperative Inc.,Latina Boulevard,Renzi Foodservice,Depew Dairy,Hudson Dairy,US Foods Buffalo",,Yes,NY Grown & Certified ,Upstate Niagara Cooperative Certificate.pdf (https://v5.airtableusercontent.com/v3/u/42/42/1749600000000/oSLLuxiohSZ2B0ouBNVPOQ/MwKv5G_c5d_TVm0tsiXr6L5Eyr_KSTb2qbDrctYtdya6JhqNumiJPrV76uFF-a9cAnYasXv-X5CDILR7lYlAIWr2FFb8T0aZ2HajsfP6J1YvxEWq45umI-N7Zh6F5b68UlXrxYW1fSZr5gMMexC0MfK4jWo9u5lHhqVcUS4OHESJIdzg9zq9vKI0xK7HMJGe/ByczUdXTXt8RzQGlfJ3onYJytlo3gsE4UhCFYfJfyi8),Upstate 2023.pdf (https://v5.airtableusercontent.com/v3/u/42/42/1749600000000/wsNdxLYajRuA9lrCOoLNlg/HIbf7bEyGDY6yRBCs-IFPq6ibpCAO3QClJCFKqvcMTKm4wHJ1UbCNRg03mqiZR5YPFz6gdVmD7TVZz2z9atK6ArqsZ8G02CBHcoCh6VCS63IDuyroH2ORhwykxCM-BgTHQtOGxNp0ifrQ1VSeBN2kQ/fpwjcOkhUaalwg5XhUzwj2Za6QkLTWzFr7eHpJl17B8),,,,,,4/11/2024 3:29pm,,,,,,,,,
"Milk, 2%, Half Pint","Dairy, Eggs, & Cheese",Fluid Milk,Half Pint,50/cs,Upstate Niagara Cooperative Inc.,2962,"Upstate Niagara Cooperative Inc.,Latina Boulevard,Renzi Foodservice,Depew Dairy,Hudson Dairy,US Foods Buffalo",,Yes,NY Grown & Certified ,Upstate Niagara Cooperative Certificate.pdf (https://v5.airtableusercontent.com/v3/u/42/42/1749600000000/oSLLuxiohSZ2B0ouBNVPOQ/MwKv5G_c5d_TVm0tsiXr6L5Eyr_KSTb2qbDrctYtdya6JhqNumiJPrV76uFF-a9cAnYasXv-X5CDILR7lYlAIWr2FFb8T0aZ2HajsfP6J1YvxEWq45umI-N7Zh6F5b68UlXrxYW1fSZr5gMMexC0MfK4jWo9u5lHhqVcUS4OHESJIdzg9zq9vKI0xK7HMJGe/ByczUdXTXt8RzQGlfJ3onYJytlo3gsE4UhCFYfJfyi8),Upstate 2023.pdf (https://v5.airtableusercontent.com/v3/u/42/42/1749600000000/wsNdxLYajRuA9lrCOoLNlg/HIbf7bEyGDY6yRBCs-IFPq6ibpCAO3QClJCFKqvcMTKm4wHJ1UbCNRg03mqiZR5YPFz6gdVmD7TVZz2z9atK6ArqsZ8G02CBHcoCh6VCS63IDuyroH2ORhwykxCM-BgTHQtOGxNp0ifrQ1VSeBN2kQ/fpwjcOkhUaalwg5XhUzwj2Za6QkLTWzFr7eHpJl17B8),,,,,,4/11/2024 3:29pm,,,,,,,,,
"Milk, 2%, 20 Qt.","Dairy, Eggs, & Cheese",Fluid Milk,20 Qt.,20 Qt.,Upstate Niagara Cooperative Inc.,2970,"Upstate Niagara Cooperative Inc.,Latina Boulevard,Renzi Foodservice,Depew Dairy,Hudson Dairy,US Foods Buffalo",,Yes,NY Grown & Certified ,Upstate Niagara Cooperative Certificate.pdf (https://v5.airtableusercontent.com/v3/u/42/42/1749600000000/oSLLuxiohSZ2B0ouBNVPOQ/MwKv5G_c5d_TVm0tsiXr6L5Eyr_KSTb2qbDrctYtdya6JhqNumiJPrV76uFF-a9cAnYasXv-X5CDILR7lYlAIWr2FFb8T0aZ2HajsfP6J1YvxEWq45umI-N7Zh6F5b68UlXrxYW1fSZr5gMMexC0MfK4jWo9u5lHhqVcUS4OHESJIdzg9zq9vKI0xK7HMJGe/ByczUdXTXt8RzQGlfJ3onYJytlo3gsE4UhCFYfJfyi8),Upstate 2023.pdf (https://v5.airtableusercontent.com/v3/u/42/42/1749600000000/wsNdxLYajRuA9lrCOoLNlg/HIbf7bEyGDY6yRBCs-IFPq6ibpCAO3QClJCFKqvcMTKm4wHJ1UbCNRg03mqiZR5YPFz6gdVmD7TVZz2z9atK6ArqsZ8G02CBHcoCh6VCS63IDuyroH2ORhwykxCM-BgTHQtOGxNp0ifrQ1VSeBN2kQ/fpwjcOkhUaalwg5XhUzwj2Za6QkLTWzFr7eHpJl17B8),,,,,,4/11/2024 3:29pm,,,,,,,,,
"Milk, Fat Free, Gallon","Dairy, Eggs, & Cheese",Fluid Milk,Gallon,4/cs,Upstate Niagara Cooperative Inc.,3308,"Upstate Niagara Cooperative Inc.,Latina Boulevard,Renzi Foodservice,Depew Dairy,Hudson Dairy,US Foods Buffalo",,Yes,NY Grown & Certified ,Upstate Niagara Cooperative Certificate.pdf (https://v5.airtableusercontent.com/v3/u/42/42/1749600000000/oSLLuxiohSZ2B0ouBNVPOQ/MwKv5G_c5d_TVm0tsiXr6L5Eyr_KSTb2qbDrctYtdya6JhqNumiJPrV76uFF-a9cAnYasXv-X5CDILR7lYlAIWr2FFb8T0aZ2HajsfP6J1YvxEWq45umI-N7Zh6F5b68UlXrxYW1fSZr5gMMexC0MfK4jWo9u5lHhqVcUS4OHESJIdzg9zq9vKI0xK7HMJGe/ByczUdXTXt8RzQGlfJ3onYJytlo3gsE4UhCFYfJfyi8),Upstate 2023.pdf (https://v5.airtableusercontent.com/v3/u/42/42/1749600000000/wsNdxLYajRuA9lrCOoLNlg/HIbf7bEyGDY6yRBCs-IFPq6ibpCAO3QClJCFKqvcMTKm4wHJ1UbCNRg03mqiZR5YPFz6gdVmD7TVZz2z9atK6ArqsZ8G02CBHcoCh6VCS63IDuyroH2ORhwykxCM-BgTHQtOGxNp0ifrQ1VSeBN2kQ/fpwjcOkhUaalwg5XhUzwj2Za6QkLTWzFr7eHpJl17B8),,,,,,4/11/2024 3:29pm,,,,,,,,,
"Milk, Fat Free, Quart","Dairy, Eggs, & Cheese",Fluid Milk,Quart,16/cs,Upstate Niagara Cooperative Inc.,3629,"Upstate Niagara Cooperative Inc.,Latina Boulevard,Renzi Foodservice,Depew Dairy,Hudson Dairy,US Foods Buffalo",,Yes,NY Grown & Certified ,Upstate Niagara Cooperative Certificate.pdf (https://v5.airtableusercontent.com/v3/u/42/42/1749600000000/oSLLuxiohSZ2B0ouBNVPOQ/MwKv5G_c5d_TVm0tsiXr6L5Eyr_KSTb2qbDrctYtdya6JhqNumiJPrV76uFF-a9cAnYasXv-X5CDILR7lYlAIWr2FFb8T0aZ2HajsfP6J1YvxEWq45umI-N7Zh6F5b68UlXrxYW1fSZr5gMMexC0MfK4jWo9u5lHhqVcUS4OHESJIdzg9zq9vKI0xK7HMJGe/ByczUdXTXt8RzQGlfJ3onYJytlo3gsE4UhCFYfJfyi8),Upstate 2023.pdf (https://v5.airtableusercontent.com/v3/u/42/42/1749600000000/wsNdxLYajRuA9lrCOoLNlg/HIbf7bEyGDY6yRBCs-IFPq6ibpCAO3QClJCFKqvcMTKm4wHJ1UbCNRg03mqiZR5YPFz6gdVmD7TVZz2z9atK6ArqsZ8G02CBHcoCh6VCS63IDuyroH2ORhwykxCM-BgTHQtOGxNp0ifrQ1VSeBN2kQ/fpwjcOkhUaalwg5XhUzwj2Za6QkLTWzFr7eHpJl17B8),,,,,,4/11/2024 3:29pm,,,,,,,,,
"Milk, Fat Free, Half Gallon","Dairy, Eggs, & Cheese",Fluid Milk,Half Gallon,9/cs,Upstate Niagara Cooperative Inc.,3700,"Upstate Niagara Cooperative Inc.,Latina Boulevard,Renzi Foodservice,Depew Dairy,Hudson Dairy,US Foods Buffalo",,Yes,NY Grown & Certified ,Upstate Niagara Cooperative Certificate.pdf (https://v5.airtableusercontent.com/v3/u/42/42/1749600000000/oSLLuxiohSZ2B0ouBNVPOQ/MwKv5G_c5d_TVm0tsiXr6L5Eyr_KSTb2qbDrctYtdya6JhqNumiJPrV76uFF-a9cAnYasXv-X5CDILR7lYlAIWr2FFb8T0aZ2HajsfP6J1YvxEWq45umI-N7Zh6F5b68UlXrxYW1fSZr5gMMexC0MfK4jWo9u5lHhqVcUS4OHESJIdzg9zq9vKI0xK7HMJGe/ByczUdXTXt8RzQGlfJ3onYJytlo3gsE4UhCFYfJfyi8),Upstate 2023.pdf (https://v5.airtableusercontent.com/v3/u/42/42/1749600000000/wsNdxLYajRuA9lrCOoLNlg/HIbf7bEyGDY6yRBCs-IFPq6ibpCAO3QClJCFKqvcMTKm4wHJ1UbCNRg03mqiZR5YPFz6gdVmD7TVZz2z9atK6ArqsZ8G02CBHcoCh6VCS63IDuyroH2ORhwykxCM-BgTHQtOGxNp0ifrQ1VSeBN2kQ/fpwjcOkhUaalwg5XhUzwj2Za6QkLTWzFr7eHpJl17B8),,,,,,4/11/2024 3:29pm,,,,,,,,,
"Milk, Fat Free, 4 oz.","Dairy, Eggs, & Cheese",Fluid Milk,4 oz.,75/cs,Upstate Niagara Cooperative Inc.,3944,"Upstate Niagara Cooperative Inc.,Latina Boulevard,Renzi Foodservice,Depew Dairy,Hudson Dairy,US Foods Buffalo",,Yes,NY Grown & Certified ,Upstate Niagara Cooperative Certificate.pdf (https://v5.airtableusercontent.com/v3/u/42/42/1749600000000/oSLLuxiohSZ2B0ouBNVPOQ/MwKv5G_c5d_TVm0tsiXr6L5Eyr_KSTb2qbDrctYtdya6JhqNumiJPrV76uFF-a9cAnYasXv-X5CDILR7lYlAIWr2FFb8T0aZ2HajsfP6J1YvxEWq45umI-N7Zh6F5b68UlXrxYW1fSZr5gMMexC0MfK4jWo9u5lHhqVcUS4OHESJIdzg9zq9vKI0xK7HMJGe/ByczUdXTXt8RzQGlfJ3onYJytlo3gsE4UhCFYfJfyi8),Upstate 2023.pdf (https://v5.airtableusercontent.com/v3/u/42/42/1749600000000/wsNdxLYajRuA9lrCOoLNlg/HIbf7bEyGDY6yRBCs-IFPq6ibpCAO3QClJCFKqvcMTKm4wHJ1UbCNRg03mqiZR5YPFz6gdVmD7TVZz2z9atK6ArqsZ8G02CBHcoCh6VCS63IDuyroH2ORhwykxCM-BgTHQtOGxNp0ifrQ1VSeBN2kQ/fpwjcOkhUaalwg5XhUzwj2Za6QkLTWzFr7eHpJl17B8),,,,,,4/11/2024 3:29pm,,,,,,,,,
"Milk, Fat Free, 20 Qt.","Dairy, Eggs, & Cheese",Fluid Milk,20 Qt.,20 Qt.,Upstate Niagara Cooperative Inc.,3970,"Upstate Niagara Cooperative Inc.,Latina Boulevard,Renzi Foodservice,Depew Dairy,Hudson Dairy,US Foods Buffalo",,Yes,NY Grown & Certified ,Upstate Niagara Cooperative Certificate.pdf (https://v5.airtableusercontent.com/v3/u/42/42/1749600000000/oSLLuxiohSZ2B0ouBNVPOQ/MwKv5G_c5d_TVm0tsiXr6L5Eyr_KSTb2qbDrctYtdya6JhqNumiJPrV76uFF-a9cAnYasXv-X5CDILR7lYlAIWr2FFb8T0aZ2HajsfP6J1YvxEWq45umI-N7Zh6F5b68UlXrxYW1fSZr5gMMexC0MfK4jWo9u5lHhqVcUS4OHESJIdzg9zq9vKI0xK7HMJGe/ByczUdXTXt8RzQGlfJ3onYJytlo3gsE4UhCFYfJfyi8),Upstate 2023.pdf (https://v5.airtableusercontent.com/v3/u/42/42/1749600000000/wsNdxLYajRuA9lrCOoLNlg/HIbf7bEyGDY6yRBCs-IFPq6ibpCAO3QClJCFKqvcMTKm4wHJ1UbCNRg03mqiZR5YPFz6gdVmD7TVZz2z9atK6ArqsZ8G02CBHcoCh6VCS63IDuyroH2ORhwykxCM-BgTHQtOGxNp0ifrQ1VSeBN2kQ/fpwjcOkhUaalwg5XhUzwj2Za6QkLTWzFr7eHpJl17B8),,,,,,4/11/2024 3:29pm,,,,,,,,,
"Milk, 1%, Half Gallon","Dairy, Eggs, & Cheese",Fluid Milk,Half Gallon,9/cs,Upstate Niagara Cooperative Inc.,4029,"Upstate Niagara Cooperative Inc.,Latina Boulevard,Renzi Foodservice,Depew Dairy,Hudson Dairy,US Foods Buffalo",,Yes,NY Grown & Certified ,Upstate Niagara Cooperative Certificate.pdf (https://v5.airtableusercontent.com/v3/u/42/42/1749600000000/oSLLuxiohSZ2B0ouBNVPOQ/MwKv5G_c5d_TVm0tsiXr6L5Eyr_KSTb2qbDrctYtdya6JhqNumiJPrV76uFF-a9cAnYasXv-X5CDILR7lYlAIWr2FFb8T0aZ2HajsfP6J1YvxEWq45umI-N7Zh6F5b68UlXrxYW1fSZr5gMMexC0MfK4jWo9u5lHhqVcUS4OHESJIdzg9zq9vKI0xK7HMJGe/ByczUdXTXt8RzQGlfJ3onYJytlo3gsE4UhCFYfJfyi8),Upstate 2023.pdf (https://v5.airtableusercontent.com/v3/u/42/42/1749600000000/wsNdxLYajRuA9lrCOoLNlg/HIbf7bEyGDY6yRBCs-IFPq6ibpCAO3QClJCFKqvcMTKm4wHJ1UbCNRg03mqiZR5YPFz6gdVmD7TVZz2z9atK6ArqsZ8G02CBHcoCh6VCS63IDuyroH2ORhwykxCM-BgTHQtOGxNp0ifrQ1VSeBN2kQ/fpwjcOkhUaalwg5XhUzwj2Za6QkLTWzFr7eHpJl17B8),,,,,,4/11/2024 3:29pm,,,,,,,,,
"Milk, 1%, Quart","Dairy, Eggs, & Cheese",Fluid Milk,Quart,16/cs,Upstate Niagara Cooperative Inc.,4031,"Upstate Niagara Cooperative Inc.,Latina Boulevard,Renzi Foodservice,Depew Dairy,Hudson Dairy,US Foods Buffalo",,Yes,NY Grown & Certified ,Upstate Niagara Cooperative Certificate.pdf (https://v5.airtableusercontent.com/v3/u/42/42/1749600000000/oSLLuxiohSZ2B0ouBNVPOQ/MwKv5G_c5d_TVm0tsiXr6L5Eyr_KSTb2qbDrctYtdya6JhqNumiJPrV76uFF-a9cAnYasXv-X5CDILR7lYlAIWr2FFb8T0aZ2HajsfP6J1YvxEWq45umI-N7Zh6F5b68UlXrxYW1fSZr5gMMexC0MfK4jWo9u5lHhqVcUS4OHESJIdzg9zq9vKI0xK7HMJGe/ByczUdXTXt8RzQGlfJ3onYJytlo3gsE4UhCFYfJfyi8),Upstate 2023.pdf (https://v5.airtableusercontent.com/v3/u/42/42/1749600000000/wsNdxLYajRuA9lrCOoLNlg/HIbf7bEyGDY6yRBCs-IFPq6ibpCAO3QClJCFKqvcMTKm4wHJ1UbCNRg03mqiZR5YPFz6gdVmD7TVZz2z9atK6ArqsZ8G02CBHcoCh6VCS63IDuyroH2ORhwykxCM-BgTHQtOGxNp0ifrQ1VSeBN2kQ/fpwjcOkhUaalwg5XhUzwj2Za6QkLTWzFr7eHpJl17B8),,,,,,4/11/2024 3:29pm,,,,,,,,,
"Milk, 1%, 20 Quart","Dairy, Eggs, & Cheese",Fluid Milk,20 Qt.,20 Qt.,Upstate Niagara Cooperative Inc.,4063,"Upstate Niagara Cooperative Inc.,Latina Boulevard,Renzi Foodservice,Depew Dairy,Hudson Dairy,US Foods Buffalo",,Yes,NY Grown & Certified ,Upstate Niagara Cooperative Certificate.pdf (https://v5.airtableusercontent.com/v3/u/42/42/1749600000000/oSLLuxiohSZ2B0ouBNVPOQ/MwKv5G_c5d_TVm0tsiXr6L5Eyr_KSTb2qbDrctYtdya6JhqNumiJPrV76uFF-a9cAnYasXv-X5CDILR7lYlAIWr2FFb8T0aZ2HajsfP6J1YvxEWq45umI-N7Zh6F5b68UlXrxYW1fSZr5gMMexC0MfK4jWo9u5lHhqVcUS4OHESJIdzg9zq9vKI0xK7HMJGe/ByczUdXTXt8RzQGlfJ3onYJytlo3gsE4UhCFYfJfyi8),Upstate 2023.pdf (https://v5.airtableusercontent.com/v3/u/42/42/1749600000000/wsNdxLYajRuA9lrCOoLNlg/HIbf7bEyGDY6yRBCs-IFPq6ibpCAO3QClJCFKqvcMTKm4wHJ1UbCNRg03mqiZR5YPFz6gdVmD7TVZz2z9atK6ArqsZ8G02CBHcoCh6VCS63IDuyroH2ORhwykxCM-BgTHQtOGxNp0ifrQ1VSeBN2kQ/fpwjcOkhUaalwg5XhUzwj2Za6QkLTWzFr7eHpJl17B8),,,,,,4/11/2024 3:29pm,,,,,,,,,
"Lactose Free Milk, Whole, Half Gallon, Milk for Life","Dairy, Eggs, & Cheese",Fluid Milk,Half Gallon,9/cs,Upstate Niagara Cooperative Inc.,4162,"Upstate Niagara Cooperative Inc.,Latina Boulevard,Renzi Foodservice,Depew Dairy,Hudson Dairy",,Yes,NY Grown & Certified ,Upstate Niagara Cooperative Certificate.pdf (https://v5.airtableusercontent.com/v3/u/42/42/1749600000000/oSLLuxiohSZ2B0ouBNVPOQ/MwKv5G_c5d_TVm0tsiXr6L5Eyr_KSTb2qbDrctYtdya6JhqNumiJPrV76uFF-a9cAnYasXv-X5CDILR7lYlAIWr2FFb8T0aZ2HajsfP6J1YvxEWq45umI-N7Zh6F5b68UlXrxYW1fSZr5gMMexC0MfK4jWo9u5lHhqVcUS4OHESJIdzg9zq9vKI0xK7HMJGe/ByczUdXTXt8RzQGlfJ3onYJytlo3gsE4UhCFYfJfyi8),Upstate 2023.pdf (https://v5.airtableusercontent.com/v3/u/42/42/1749600000000/wsNdxLYajRuA9lrCOoLNlg/HIbf7bEyGDY6yRBCs-IFPq6ibpCAO3QClJCFKqvcMTKm4wHJ1UbCNRg03mqiZR5YPFz6gdVmD7TVZz2z9atK6ArqsZ8G02CBHcoCh6VCS63IDuyroH2ORhwykxCM-BgTHQtOGxNp0ifrQ1VSeBN2kQ/fpwjcOkhUaalwg5XhUzwj2Za6QkLTWzFr7eHpJl17B8),,,,,,4/11/2024 3:29pm,,,,,,,,,
"Lactose Free Milk, 1%, Half Gallon, Milk for Life","Dairy, Eggs, & Cheese",Fluid Milk,Half Gallon,9/cs,Upstate Niagara Cooperative Inc.,4165,"Upstate Niagara Cooperative Inc.,Latina Boulevard,Renzi Foodservice,Depew Dairy,Hudson Dairy,US Foods Buffalo",,Yes,NY Grown & Certified ,Upstate Niagara Cooperative Certificate.pdf (https://v5.airtableusercontent.com/v3/u/42/42/1749600000000/oSLLuxiohSZ2B0ouBNVPOQ/MwKv5G_c5d_TVm0tsiXr6L5Eyr_KSTb2qbDrctYtdya6JhqNumiJPrV76uFF-a9cAnYasXv-X5CDILR7lYlAIWr2FFb8T0aZ2HajsfP6J1YvxEWq45umI-N7Zh6F5b68UlXrxYW1fSZr5gMMexC0MfK4jWo9u5lHhqVcUS4OHESJIdzg9zq9vKI0xK7HMJGe/ByczUdXTXt8RzQGlfJ3onYJytlo3gsE4UhCFYfJfyi8),Upstate 2023.pdf (https://v5.airtableusercontent.com/v3/u/42/42/1749600000000/wsNdxLYajRuA9lrCOoLNlg/HIbf7bEyGDY6yRBCs-IFPq6ibpCAO3QClJCFKqvcMTKm4wHJ1UbCNRg03mqiZR5YPFz6gdVmD7TVZz2z9atK6ArqsZ8G02CBHcoCh6VCS63IDuyroH2ORhwykxCM-BgTHQtOGxNp0ifrQ1VSeBN2kQ/fpwjcOkhUaalwg5XhUzwj2Za6QkLTWzFr7eHpJl17B8),,,,,,4/11/2024 3:29pm,,,,,,,,,
"Lactose Free Milk, Fat Free, Half Gallon, Milk for Life","Dairy, Eggs, & Cheese",Fluid Milk,Half Gallon,9/cs,Upstate Niagara Cooperative Inc.,4164,"Upstate Niagara Cooperative Inc.,Latina Boulevard,Renzi Foodservice,Depew Dairy,Hudson Dairy",,Yes,NY Grown & Certified ,Upstate Niagara Cooperative Certificate.pdf (https://v5.airtableusercontent.com/v3/u/42/42/1749600000000/oSLLuxiohSZ2B0ouBNVPOQ/MwKv5G_c5d_TVm0tsiXr6L5Eyr_KSTb2qbDrctYtdya6JhqNumiJPrV76uFF-a9cAnYasXv-X5CDILR7lYlAIWr2FFb8T0aZ2HajsfP6J1YvxEWq45umI-N7Zh6F5b68UlXrxYW1fSZr5gMMexC0MfK4jWo9u5lHhqVcUS4OHESJIdzg9zq9vKI0xK7HMJGe/ByczUdXTXt8RzQGlfJ3onYJytlo3gsE4UhCFYfJfyi8),Upstate 2023.pdf (https://v5.airtableusercontent.com/v3/u/42/42/1749600000000/wsNdxLYajRuA9lrCOoLNlg/HIbf7bEyGDY6yRBCs-IFPq6ibpCAO3QClJCFKqvcMTKm4wHJ1UbCNRg03mqiZR5YPFz6gdVmD7TVZz2z9atK6ArqsZ8G02CBHcoCh6VCS63IDuyroH2ORhwykxCM-BgTHQtOGxNp0ifrQ1VSeBN2kQ/fpwjcOkhUaalwg5XhUzwj2Za6QkLTWzFr7eHpJl17B8),,,,,,4/11/2024 3:29pm,,,,,,,,,
"Buttermilk, Whole, Half Gallon","Dairy, Eggs, & Cheese",Fluid Milk,Half Gallon,9/cs,Upstate Niagara Cooperative Inc.,4515,"Upstate Niagara Cooperative Inc.,Latina Boulevard,Renzi Foodservice,Depew Dairy,Hudson Dairy,US Foods Buffalo",,Yes,NY Grown & Certified ,Upstate Niagara Cooperative Certificate.pdf (https://v5.airtableusercontent.com/v3/u/42/42/1749600000000/oSLLuxiohSZ2B0ouBNVPOQ/MwKv5G_c5d_TVm0tsiXr6L5Eyr_KSTb2qbDrctYtdya6JhqNumiJPrV76uFF-a9cAnYasXv-X5CDILR7lYlAIWr2FFb8T0aZ2HajsfP6J1YvxEWq45umI-N7Zh6F5b68UlXrxYW1fSZr5gMMexC0MfK4jWo9u5lHhqVcUS4OHESJIdzg9zq9vKI0xK7HMJGe/ByczUdXTXt8RzQGlfJ3onYJytlo3gsE4UhCFYfJfyi8),Upstate 2023.pdf (https://v5.airtableusercontent.com/v3/u/42/42/1749600000000/wsNdxLYajRuA9lrCOoLNlg/HIbf7bEyGDY6yRBCs-IFPq6ibpCAO3QClJCFKqvcMTKm4wHJ1UbCNRg03mqiZR5YPFz6gdVmD7TVZz2z9atK6ArqsZ8G02CBHcoCh6VCS63IDuyroH2ORhwykxCM-BgTHQtOGxNp0ifrQ1VSeBN2kQ/fpwjcOkhUaalwg5XhUzwj2Za6QkLTWzFr7eHpJl17B8),,,,,,4/11/2024 3:29pm,,,,,,,,,
"Intense Milk, Chocolate, Quart","Dairy, Eggs, & Cheese",Fluid Milk,Quart,16/cs,Upstate Niagara Cooperative Inc.,5126,"Upstate Niagara Cooperative Inc.,Latina Boulevard,Renzi Foodservice,Depew Dairy,Hudson Dairy,US Foods Buffalo",,Yes,NY Grown & Certified ,Upstate Niagara Cooperative Certificate.pdf (https://v5.airtableusercontent.com/v3/u/42/42/1749600000000/oSLLuxiohSZ2B0ouBNVPOQ/MwKv5G_c5d_TVm0tsiXr6L5Eyr_KSTb2qbDrctYtdya6JhqNumiJPrV76uFF-a9cAnYasXv-X5CDILR7lYlAIWr2FFb8T0aZ2HajsfP6J1YvxEWq45umI-N7Zh6F5b68UlXrxYW1fSZr5gMMexC0MfK4jWo9u5lHhqVcUS4OHESJIdzg9zq9vKI0xK7HMJGe/ByczUdXTXt8RzQGlfJ3onYJytlo3gsE4UhCFYfJfyi8),Upstate 2023.pdf (https://v5.airtableusercontent.com/v3/u/42/42/1749600000000/wsNdxLYajRuA9lrCOoLNlg/HIbf7bEyGDY6yRBCs-IFPq6ibpCAO3QClJCFKqvcMTKm4wHJ1UbCNRg03mqiZR5YPFz6gdVmD7TVZz2z9atK6ArqsZ8G02CBHcoCh6VCS63IDuyroH2ORhwykxCM-BgTHQtOGxNp0ifrQ1VSeBN2kQ/fpwjcOkhUaalwg5XhUzwj2Za6QkLTWzFr7eHpJl17B8),,,,,,4/11/2024 3:29pm,,,,,,,,,
"Intense Milk, Pint: Vanilla, Chocolate, Low-fat Chocolate, Mint, Chocolate Chip, Strawberry, Pumpkin Spice","Dairy, Eggs, & Cheese",Fluid Milk,Pint,12/cs,Upstate Niagara Cooperative Inc.,"5129, 5132, 5829, 5146, 5826, 5881","Upstate Niagara Cooperative Inc.,Latina Boulevard,Renzi Foodservice,Depew Dairy,Hudson Dairy,US Foods Buffalo",,Yes,NY Grown & Certified ,Upstate Niagara Cooperative Certificate.pdf (https://v5.airtableusercontent.com/v3/u/42/42/1749600000000/oSLLuxiohSZ2B0ouBNVPOQ/MwKv5G_c5d_TVm0tsiXr6L5Eyr_KSTb2qbDrctYtdya6JhqNumiJPrV76uFF-a9cAnYasXv-X5CDILR7lYlAIWr2FFb8T0aZ2HajsfP6J1YvxEWq45umI-N7Zh6F5b68UlXrxYW1fSZr5gMMexC0MfK4jWo9u5lHhqVcUS4OHESJIdzg9zq9vKI0xK7HMJGe/ByczUdXTXt8RzQGlfJ3onYJytlo3gsE4UhCFYfJfyi8),Upstate 2023.pdf (https://v5.airtableusercontent.com/v3/u/42/42/1749600000000/wsNdxLYajRuA9lrCOoLNlg/HIbf7bEyGDY6yRBCs-IFPq6ibpCAO3QClJCFKqvcMTKm4wHJ1UbCNRg03mqiZR5YPFz6gdVmD7TVZz2z9atK6ArqsZ8G02CBHcoCh6VCS63IDuyroH2ORhwykxCM-BgTHQtOGxNp0ifrQ1VSeBN2kQ/fpwjcOkhUaalwg5XhUzwj2Za6QkLTWzFr7eHpJl17B8),,,,,,4/11/2024 3:29pm,,,,,,,,,
"Intense Milk, Chocolate, Half Gallon","Dairy, Eggs, & Cheese",Fluid Milk,Half Gallon,9/cs,Upstate Niagara Cooperative Inc.,5131,"Upstate Niagara Cooperative Inc.,Latina Boulevard,Renzi Foodservice,Depew Dairy,Hudson Dairy,US Foods Buffalo",,Yes,NY Grown & Certified ,Upstate Niagara Cooperative Certificate.pdf (https://v5.airtableusercontent.com/v3/u/42/42/1749600000000/oSLLuxiohSZ2B0ouBNVPOQ/MwKv5G_c5d_TVm0tsiXr6L5Eyr_KSTb2qbDrctYtdya6JhqNumiJPrV76uFF-a9cAnYasXv-X5CDILR7lYlAIWr2FFb8T0aZ2HajsfP6J1YvxEWq45umI-N7Zh6F5b68UlXrxYW1fSZr5gMMexC0MfK4jWo9u5lHhqVcUS4OHESJIdzg9zq9vKI0xK7HMJGe/ByczUdXTXt8RzQGlfJ3onYJytlo3gsE4UhCFYfJfyi8),Upstate 2023.pdf (https://v5.airtableusercontent.com/v3/u/42/42/1749600000000/wsNdxLYajRuA9lrCOoLNlg/HIbf7bEyGDY6yRBCs-IFPq6ibpCAO3QClJCFKqvcMTKm4wHJ1UbCNRg03mqiZR5YPFz6gdVmD7TVZz2z9atK6ArqsZ8G02CBHcoCh6VCS63IDuyroH2ORhwykxCM-BgTHQtOGxNp0ifrQ1VSeBN2kQ/fpwjcOkhUaalwg5XhUzwj2Za6QkLTWzFr7eHpJl17B8),,,,,,4/11/2024 3:29pm,,,,,,,,,
"Milk, Chocolate, Low Fat, Gallon","Dairy, Eggs, & Cheese",Fluid Milk,Gallon,4/cs,Upstate Niagara Cooperative Inc.,5803,"Upstate Niagara Cooperative Inc.,Latina Boulevard,Renzi Foodservice,Depew Dairy,Hudson Dairy,US Foods Buffalo",,Yes,NY Grown & Certified ,Upstate Niagara Cooperative Certificate.pdf (https://v5.airtableusercontent.com/v3/u/42/42/1749600000000/oSLLuxiohSZ2B0ouBNVPOQ/MwKv5G_c5d_TVm0tsiXr6L5Eyr_KSTb2qbDrctYtdya6JhqNumiJPrV76uFF-a9cAnYasXv-X5CDILR7lYlAIWr2FFb8T0aZ2HajsfP6J1YvxEWq45umI-N7Zh6F5b68UlXrxYW1fSZr5gMMexC0MfK4jWo9u5lHhqVcUS4OHESJIdzg9zq9vKI0xK7HMJGe/ByczUdXTXt8RzQGlfJ3onYJytlo3gsE4UhCFYfJfyi8),Upstate 2023.pdf (https://v5.airtableusercontent.com/v3/u/42/42/1749600000000/wsNdxLYajRuA9lrCOoLNlg/HIbf7bEyGDY6yRBCs-IFPq6ibpCAO3QClJCFKqvcMTKm4wHJ1UbCNRg03mqiZR5YPFz6gdVmD7TVZz2z9atK6ArqsZ8G02CBHcoCh6VCS63IDuyroH2ORhwykxCM-BgTHQtOGxNp0ifrQ1VSeBN2kQ/fpwjcOkhUaalwg5XhUzwj2Za6QkLTWzFr7eHpJl17B8),,,,,,4/11/2024 3:29pm,,,,,,,,,
"Milk, Chocolate, Low Fat, 20 Quart","Dairy, Eggs, & Cheese",Fluid Milk,20 Qt. ,20 Qt.,Upstate Niagara Cooperative Inc.,5861,"Upstate Niagara Cooperative Inc.,Latina Boulevard,Renzi Foodservice,Depew Dairy,Hudson Dairy,US Foods Buffalo",,Yes,NY Grown & Certified ,Upstate Niagara Cooperative Certificate.pdf (https://v5.airtableusercontent.com/v3/u/42/42/1749600000000/oSLLuxiohSZ2B0ouBNVPOQ/MwKv5G_c5d_TVm0tsiXr6L5Eyr_KSTb2qbDrctYtdya6JhqNumiJPrV76uFF-a9cAnYasXv-X5CDILR7lYlAIWr2FFb8T0aZ2HajsfP6J1YvxEWq45umI-N7Zh6F5b68UlXrxYW1fSZr5gMMexC0MfK4jWo9u5lHhqVcUS4OHESJIdzg9zq9vKI0xK7HMJGe/ByczUdXTXt8RzQGlfJ3onYJytlo3gsE4UhCFYfJfyi8),Upstate 2023.pdf (https://v5.airtableusercontent.com/v3/u/42/42/1749600000000/wsNdxLYajRuA9lrCOoLNlg/HIbf7bEyGDY6yRBCs-IFPq6ibpCAO3QClJCFKqvcMTKm4wHJ1UbCNRg03mqiZR5YPFz6gdVmD7TVZz2z9atK6ArqsZ8G02CBHcoCh6VCS63IDuyroH2ORhwykxCM-BgTHQtOGxNp0ifrQ1VSeBN2kQ/fpwjcOkhUaalwg5XhUzwj2Za6QkLTWzFr7eHpJl17B8),,,,,,4/11/2024 3:29pm,,,,,,,,,
"Lactose Free Milk, Chocolate, 2%, Pint, Milk for Life","Dairy, Eggs, & Cheese",Fluid Milk,Pint,12/cs,Upstate Niagara Cooperative Inc.,5866,"Upstate Niagara Cooperative Inc.,Latina Boulevard,Renzi Foodservice,Depew Dairy,Hudson Dairy,US Foods Buffalo",,Yes,NY Grown & Certified ,Upstate Niagara Cooperative Certificate.pdf (https://v5.airtableusercontent.com/v3/u/42/42/1749600000000/oSLLuxiohSZ2B0ouBNVPOQ/MwKv5G_c5d_TVm0tsiXr6L5Eyr_KSTb2qbDrctYtdya6JhqNumiJPrV76uFF-a9cAnYasXv-X5CDILR7lYlAIWr2FFb8T0aZ2HajsfP6J1YvxEWq45umI-N7Zh6F5b68UlXrxYW1fSZr5gMMexC0MfK4jWo9u5lHhqVcUS4OHESJIdzg9zq9vKI0xK7HMJGe/ByczUdXTXt8RzQGlfJ3onYJytlo3gsE4UhCFYfJfyi8),Upstate 2023.pdf (https://v5.airtableusercontent.com/v3/u/42/42/1749600000000/wsNdxLYajRuA9lrCOoLNlg/HIbf7bEyGDY6yRBCs-IFPq6ibpCAO3QClJCFKqvcMTKm4wHJ1UbCNRg03mqiZR5YPFz6gdVmD7TVZz2z9atK6ArqsZ8G02CBHcoCh6VCS63IDuyroH2ORhwykxCM-BgTHQtOGxNp0ifrQ1VSeBN2kQ/fpwjcOkhUaalwg5XhUzwj2Za6QkLTWzFr7eHpJl17B8),,,,,,4/11/2024 3:29pm,,,,,,,,,
"Lactose Free Milk, Chocolate, 2%, Half Gallon, Milk for Life","Dairy, Eggs, & Cheese",Fluid Milk,Half Gallon,9/cs,Upstate Niagara Cooperative Inc.,5867,"Upstate Niagara Cooperative Inc.,Latina Boulevard,Renzi Foodservice,Depew Dairy,Hudson Dairy,US Foods Buffalo",,Yes,NY Grown & Certified ,Upstate Niagara Cooperative Certificate.pdf (https://v5.airtableusercontent.com/v3/u/42/42/1749600000000/oSLLuxiohSZ2B0ouBNVPOQ/MwKv5G_c5d_TVm0tsiXr6L5Eyr_KSTb2qbDrctYtdya6JhqNumiJPrV76uFF-a9cAnYasXv-X5CDILR7lYlAIWr2FFb8T0aZ2HajsfP6J1YvxEWq45umI-N7Zh6F5b68UlXrxYW1fSZr5gMMexC0MfK4jWo9u5lHhqVcUS4OHESJIdzg9zq9vKI0xK7HMJGe/ByczUdXTXt8RzQGlfJ3onYJytlo3gsE4UhCFYfJfyi8),Upstate 2023.pdf (https://v5.airtableusercontent.com/v3/u/42/42/1749600000000/wsNdxLYajRuA9lrCOoLNlg/HIbf7bEyGDY6yRBCs-IFPq6ibpCAO3QClJCFKqvcMTKm4wHJ1UbCNRg03mqiZR5YPFz6gdVmD7TVZz2z9atK6ArqsZ8G02CBHcoCh6VCS63IDuyroH2ORhwykxCM-BgTHQtOGxNp0ifrQ1VSeBN2kQ/fpwjcOkhUaalwg5XhUzwj2Za6QkLTWzFr7eHpJl17B8),,,,,,4/11/2024 3:29pm,,,,,,,,,
"Milk, Chocolate, Low Fat, Half Gallon","Dairy, Eggs, & Cheese",Fluid Milk,Half Gallon,9/cs,Upstate Niagara Cooperative Inc.,5870,"Upstate Niagara Cooperative Inc.,Latina Boulevard,Renzi Foodservice,Depew Dairy,Hudson Dairy,US Foods Buffalo",,Yes,NY Grown & Certified ,Upstate Niagara Cooperative Certificate.pdf (https://v5.airtableusercontent.com/v3/u/42/42/1749600000000/oSLLuxiohSZ2B0ouBNVPOQ/MwKv5G_c5d_TVm0tsiXr6L5Eyr_KSTb2qbDrctYtdya6JhqNumiJPrV76uFF-a9cAnYasXv-X5CDILR7lYlAIWr2FFb8T0aZ2HajsfP6J1YvxEWq45umI-N7Zh6F5b68UlXrxYW1fSZr5gMMexC0MfK4jWo9u5lHhqVcUS4OHESJIdzg9zq9vKI0xK7HMJGe/ByczUdXTXt8RzQGlfJ3onYJytlo3gsE4UhCFYfJfyi8),Upstate 2023.pdf (https://v5.airtableusercontent.com/v3/u/42/42/1749600000000/wsNdxLYajRuA9lrCOoLNlg/HIbf7bEyGDY6yRBCs-IFPq6ibpCAO3QClJCFKqvcMTKm4wHJ1UbCNRg03mqiZR5YPFz6gdVmD7TVZz2z9atK6ArqsZ8G02CBHcoCh6VCS63IDuyroH2ORhwykxCM-BgTHQtOGxNp0ifrQ1VSeBN2kQ/fpwjcOkhUaalwg5XhUzwj2Za6QkLTWzFr7eHpJl17B8),,,,,,4/11/2024 3:29pm,,,,,,,,,
"Milk, Strawberry, Low Fat, Half Pint","Dairy, Eggs, & Cheese",Fluid Milk,Half Pint,50/cs,Upstate Niagara Cooperative Inc.,5969,"Upstate Niagara Cooperative Inc.,Latina Boulevard,Renzi Foodservice,Depew Dairy,Hudson Dairy,US Foods Buffalo",,Yes,NY Grown & Certified ,Upstate Niagara Cooperative Certificate.pdf (https://v5.airtableusercontent.com/v3/u/42/42/1749600000000/oSLLuxiohSZ2B0ouBNVPOQ/MwKv5G_c5d_TVm0tsiXr6L5Eyr_KSTb2qbDrctYtdya6JhqNumiJPrV76uFF-a9cAnYasXv-X5CDILR7lYlAIWr2FFb8T0aZ2HajsfP6J1YvxEWq45umI-N7Zh6F5b68UlXrxYW1fSZr5gMMexC0MfK4jWo9u5lHhqVcUS4OHESJIdzg9zq9vKI0xK7HMJGe/ByczUdXTXt8RzQGlfJ3onYJytlo3gsE4UhCFYfJfyi8),Upstate 2023.pdf (https://v5.airtableusercontent.com/v3/u/42/42/1749600000000/wsNdxLYajRuA9lrCOoLNlg/HIbf7bEyGDY6yRBCs-IFPq6ibpCAO3QClJCFKqvcMTKm4wHJ1UbCNRg03mqiZR5YPFz6gdVmD7TVZz2z9atK6ArqsZ8G02CBHcoCh6VCS63IDuyroH2ORhwykxCM-BgTHQtOGxNp0ifrQ1VSeBN2kQ/fpwjcOkhUaalwg5XhUzwj2Za6QkLTWzFr7eHpJl17B8),,,,,,4/11/2024 3:29pm,,,,,,,,,
"Lactose Free Milk, 1%, Half Pint, Milk For Life","Dairy, Eggs, & Cheese",Fluid Milk,Half Pint,12/cs,Upstate Niagara Cooperative Inc.,4170,"Upstate Niagara Cooperative Inc.,Latina Boulevard,Renzi Foodservice,Depew Dairy,Hudson Dairy",,Yes,NY Grown & Certified ,Upstate Niagara Cooperative Certificate.pdf (https://v5.airtableusercontent.com/v3/u/42/42/1749600000000/oSLLuxiohSZ2B0ouBNVPOQ/MwKv5G_c5d_TVm0tsiXr6L5Eyr_KSTb2qbDrctYtdya6JhqNumiJPrV76uFF-a9cAnYasXv-X5CDILR7lYlAIWr2FFb8T0aZ2HajsfP6J1YvxEWq45umI-N7Zh6F5b68UlXrxYW1fSZr5gMMexC0MfK4jWo9u5lHhqVcUS4OHESJIdzg9zq9vKI0xK7HMJGe/ByczUdXTXt8RzQGlfJ3onYJytlo3gsE4UhCFYfJfyi8),Upstate 2023.pdf (https://v5.airtableusercontent.com/v3/u/42/42/1749600000000/wsNdxLYajRuA9lrCOoLNlg/HIbf7bEyGDY6yRBCs-IFPq6ibpCAO3QClJCFKqvcMTKm4wHJ1UbCNRg03mqiZR5YPFz6gdVmD7TVZz2z9atK6ArqsZ8G02CBHcoCh6VCS63IDuyroH2ORhwykxCM-BgTHQtOGxNp0ifrQ1VSeBN2kQ/fpwjcOkhUaalwg5XhUzwj2Za6QkLTWzFr7eHpJl17B8),,,,,,4/11/2024 3:29pm,,,,,,,,,
"Lactose Free Milk, 2%, Half Gallon, Milk for Life","Dairy, Eggs, & Cheese",Fluid Milk,Half Gallon,9/cs,Upstate Niagara Cooperative Inc.,4163,"Upstate Niagara Cooperative Inc.,Latina Boulevard,Renzi Foodservice,Depew Dairy,Hudson Dairy",,Yes,NY Grown & Certified ,Upstate Niagara Cooperative Certificate.pdf (https://v5.airtableusercontent.com/v3/u/42/42/1749600000000/oSLLuxiohSZ2B0ouBNVPOQ/MwKv5G_c5d_TVm0tsiXr6L5Eyr_KSTb2qbDrctYtdya6JhqNumiJPrV76uFF-a9cAnYasXv-X5CDILR7lYlAIWr2FFb8T0aZ2HajsfP6J1YvxEWq45umI-N7Zh6F5b68UlXrxYW1fSZr5gMMexC0MfK4jWo9u5lHhqVcUS4OHESJIdzg9zq9vKI0xK7HMJGe/ByczUdXTXt8RzQGlfJ3onYJytlo3gsE4UhCFYfJfyi8),Upstate 2023.pdf (https://v5.airtableusercontent.com/v3/u/42/42/1749600000000/wsNdxLYajRuA9lrCOoLNlg/HIbf7bEyGDY6yRBCs-IFPq6ibpCAO3QClJCFKqvcMTKm4wHJ1UbCNRg03mqiZR5YPFz6gdVmD7TVZz2z9atK6ArqsZ8G02CBHcoCh6VCS63IDuyroH2ORhwykxCM-BgTHQtOGxNp0ifrQ1VSeBN2kQ/fpwjcOkhUaalwg5XhUzwj2Za6QkLTWzFr7eHpJl17B8),,,,,,4/11/2024 3:29pm,,,,,,,,,
"Milk, Low Fat, Smart Milk","Dairy, Eggs, & Cheese",Fluid Milk,Half Pint ,50/cs,Westmeadow Creamery,3900,"Better Dairy,""Benz’s Food Products, Inc.""",,No,Kosher,,,L - PRODUCT FORMULATION STATEMENT - SMART MILK - LF HPT.pdf (https://v5.airtableusercontent.com/v3/u/42/42/1749600000000/SJdWZ3nzsbLJluh3-Wz7PA/uzNUufwZmUeZizvIQI4-fvvQwHC6x5QUR86HNgjVHafpggHLj1V84pYm_YUVz1TceZhgSvrgpRSWXzPLV_bsXvWiX_GJufzA1e-nww4hX3pxJzGCuvAM7xDaK5_FVxEvZIjylU_WvSvXLZ-hXMAkjkTk3mOh0mVMfcfxE8Rfor7jolZ6elgxLeeojXF_OApk6QTdquBuAxnp27U7PUWGKA/Sb6938t9qnAExl2-a-i2XIu35Hf7QvHl-BuqVSHm0aM),,,,,4/10/2025 4:56pm,,,,,,,,,
"Milk, Low Fat, Smart Milk","Dairy, Eggs, & Cheese",Fluid Milk,Quart ,16/cs,Westmeadow Creamery,3460,"Better Dairy,""Benz’s Food Products, Inc.""",,No,Kosher,,,L - PRODUCT FORMULATION STATEMENT - SMART MILK - LF QT.pdf (https://v5.airtableusercontent.com/v3/u/42/42/1749600000000/9EX76R4TX3EZ0q4y--gQAA/eKJOgnVw3ipm1r7lowBVj9jdlPKIgZQVuPvrwZ2GGcfwhqAtlCD09caS3qHxjUK_pvALhab4uLSRY5WSGXfsOO5TjDNrhGtFBa5smCbhgzbyItM03HFpwIVuA2oegF8IeHiuv_dcAulNhIwU9Pk4CpImZBHv3pUCC865O6Yr-YHPALOcT3z7gBrzAOx4I2JphjCRsL1yCtUgOH695KP_4A/VjtqrC278TQ-y6JOC7WKSJJL4VVyc4hlfwkEXIF-1OU),,,,,4/10/2025 4:56pm,,,,,,,,,
"Milk, Skim, Smart Milk","Dairy, Eggs, & Cheese",Fluid Milk,Half Pint ,50/cs,Westmeadow Creamery,3902,"Better Dairy,""Benz’s Food Products, Inc.""",,No,Kosher,,,L - PRODUCT FORMULATION STATEMENT - SMART MILK - SK QT.pdf (https://v5.airtableusercontent.com/v3/u/42/42/1749600000000/nT4SnjVb5SvQO6S2SdaoHA/v8tiXdlJFm1ZFiQgsRBJzrAjL9mp7l20D86uyxg1M5KbZtOzZVdWzHmr3j662HTUPVVLdb_GwitiYLiSsOyH92VlPAjbFHJTKyNuRpH6SNk0C5fdezqVaVyU16o61-4x_jdjy6qOWIMxGOcGelMjiPe27OzXzspxbhMDmvfdMBPSL4EWF2iPfUifcbVxoL0NRTh7ZR2j2_3vEBYPD5D-cA/ibsGMauvUfMTfAnFKePrPPzap2K87l2uVqfBAXKPM0w),,,,,4/10/2025 4:56pm,,,,,,,,,
"Milk, Chocolate, Smart Milk","Dairy, Eggs, & Cheese",Fluid Milk,Half Pint ,50/cs,Westmeadow Creamery,3888,"Better Dairy,""Benz’s Food Products, Inc.""",,No,Kosher,,,L - PRODUCT FORMULATION STATEMENT - SMART MILK - CM HPT.pdf (https://v5.airtableusercontent.com/v3/u/42/42/1749600000000/qzA4tHmH7Ehx8CoOCUdK_w/q9IKhJlF5180CNbNSYLcAHmGNHLBL-8BkZn49xX5dvZ5kiWdtdfBTacPaeFWOGdTlgcDjizNBroee4-SD-_4-A27EUvKeM-tr9Sve_Zwz4bZIDi6VBllzb-LEOuN8iKf5tG2eHW3vTEFUE1yfYdAi23p8i-Z7rzrvyEQAqnrq24__D1ytSvYCTNxVV1rpiP4vdNw_EE59knBp7y9jAGfnw/ga-x2eYEX7f6dn7u61OezCu7fy8geT-0iTqhUprZPXM),,,,,4/10/2025 4:56pm,,,,,,,,,
"Milk, Chocolate, Smart Milk","Dairy, Eggs, & Cheese",Fluid Milk,Quart ,16/cs,Westmeadow Creamery,3889,"Better Dairy,""Benz’s Food Products, Inc.""",,No,Kosher,,,L - PRODUCT FORMULATION STATEMENT - SMART MILK - CM QT.pdf (https://v5.airtableusercontent.com/v3/u/42/42/1749600000000/xXl2dUhJhMYjvjkHRJJS8g/53PIpU1IRhUA6tnlt8EcMXKqD-3BF6goYJBfr9_t257Yod94L-bJmXZ7McUz8Hf80y2LLOIji4Mrft1uU131I6TV3qGLPilPObSvWphSSQOi-awwYxa-Y9Vzfe_iL5z0tEm9ehMGxWA1sHC377TJpzNKnx1ot_TfAfPJdIoaJafqRhpjzoGdPz0nAjCmWOFNLVEpmM9N1gC3CyGjcVrJMg/lqH3iB8VjfGHxgAcGx5ySKPXV5OrGbr5QPc5oxP5jtk),,,,,4/10/2025 4:56pm,,,,,,,,,
"Milk, Skim, Smart Milk","Dairy, Eggs, & Cheese",Fluid Milk,Half Gallon ,9/cs,Westmeadow Creamery,3458,"Better Dairy,""Benz’s Food Products, Inc.""",,No,Kosher,,,L - PRODUCT FORMULATION STATEMENT - SMART MILK - SK HG.pdf (https://v5.airtableusercontent.com/v3/u/42/42/1749600000000/9qHjoKl_m4e26qstT4UFHw/9WWisoht-w8-8EFALy6uiggpp4fEudorP3cqnYJCylmTITKikf_96XEr3CvhlN5vVOGj0Rw-D7OaEwAHpUqZXi-LsOd0wKdVh2WYShkFzSnSosBEMUCjWYW0Bao-YqxspYAw3h_jwb-OGl_9ICrDl8UEtaWDKKlOtBokcabVWSNKjw58Jsz58TuOxFTfZlMmAz-9nsgDqTQunqWTQ_e1zA/CKCNBOfUncyZmo8EXUZuP4LqR6LsbSr-UsRW3yBp7dE),,,,,4/10/2025 4:56pm,,,,,,,,,
"Milk, Low Fat, Smart Milk","Dairy, Eggs, & Cheese",Fluid Milk,Half Gallon ,9/cs,Westmeadow Creamery,3457,"Better Dairy,""Benz’s Food Products, Inc.""",,No,Kosher,,,L - PRODUCT FORMULATION STATEMENT - SMART MILK - LF HG.pdf (https://v5.airtableusercontent.com/v3/u/42/42/1749600000000/7sNZmP4zeeKCXfLIz2wV3w/r_2j_Gd7y30bemEoFnRj6SXi8i_jcQgswDv3VWO7IXCjVQOJhzPpxbRnOIVNJDNa3-JNDem_7_TO52ORwPAvhCHRR-xRid7Lvprl4WUoqvpR0DJPf3Da9VPUxDcL2V-GMZ-UNnOpSLV-Y__ckAxdgfzdCAbL-nQhWQ4Lpp0_UrKyT3myVSNChXpcI_uLpCSLqh7G2JF1QOCJmC7fKPsg9g/h02-7OtM6czN5DPyhJaGwpwxTKVhnxYkcnQiEI2U2LY),,,,,4/10/2025 4:56pm,,,,,,,,,
"Milk, Chocolate, Smart Milk","Dairy, Eggs, & Cheese",Fluid Milk,Half Gallon ,9/cs,Westmeadow Creamery,3886,"Better Dairy,""Benz’s Food Products, Inc.""",,No,Kosher,,,L - PRODUCT FORMULATION STATEMENT - SMART MILK - CM HG.pdf (https://v5.airtableusercontent.com/v3/u/42/42/1749600000000/9QxNP_ZD4xRpvBRd9ieGzw/vHv6NQ6AKJgt0Po_ue0a7pgbKSfqt2j1S9cg-2FFSxehucliZnzGTCKJygoXfQANkNTkZ2llvx-tkj5jyANy53E3yqKhp5U4kDqp-WVs28k7sPWQiuf14IZci9hlYn_53iOnFtULiNGAw7OWpWIvIkCXwTDL5kQkWvI_1fwdVhp5c5ShLdTj2KEVIIdcjNjn0MsK2MA5dXeWLndCR9OVKQ/nk1VTjqtbC1S_wVPmZkqotQ71yQOLUbyipWe28hS1nA),,,,,4/10/2025 4:56pm,,,,,,,,,
"Milk, Skim, Smart Milk","Dairy, Eggs, & Cheese",Fluid Milk,Quart,16/cs,Westmeadow Creamery,3461,"Better Dairy,""Benz’s Food Products, Inc.""",,No,Kosher,,,L - PRODUCT FORMULATION STATEMENT - SMART MILK - SK QT.pdf (https://v5.airtableusercontent.com/v3/u/42/42/1749600000000/jrwYtOq7DXV1MIhtZj82ug/YY6BeQvLuQjVi9QNOzVSaK2OL5fkmqU6WMYL0MsK8ZPfjdgmi3RDFP-DR62X0QiUTJlPAi3gCuww9SfjRdvQzwEYWJrkwOQR3du36Hwr656WtUxtngGgnZPsMUW4bxjEjZvczkeebyO7ZL6G4a7z4S-bhqEznirGqeAJ9Bvl9ehKtSJk6cDQRXhbzSNObiag05vUeONp-77uWwvNn5gr-A/t_CSEjfPc4VN_lkmeXF49me27GhSgtj4aHlQ-MczpjQ),,,,,4/10/2025 4:56pm,,,,,,,,,
"Greek Yogurt, Nonfat, 5 lbs: plain, vanilla blended","Dairy, Eggs, & Cheese",Yogurt,5 lb,3/5 lb,Chobani,"023, 024","Sysco Albany,Sysco Syracuse,Sysco Long Island,Latina Boulevard,Palmer Food Service","SUPC: 7044146
USF: 9732856 | SUPC: 7044147",Yes,NY Grown & Certified ,,ChobaniSpecs.pdf (https://v5.airtableusercontent.com/v3/u/42/42/1749600000000/84ol2ou5DQ2p9YclUlG9WA/yVDGbUfgMPBgbLieDeJbISYL7HYe4yE6T9pgiEhd_mUj1aEQvnjtve4MCJ0sYxmMbcslOBJIMkCiTUPSw9M3C4VjAGgRryL44VqER800yED7-4K3KL2ixb3D3GB7cE9AAZVfJ7koBOpJQSnStT9s8vZQd8M7POv3V6Ps9EiM3Y8/RXkya5piv-ikyUTK3IaKy1-R_q9BRjNuMgANLZGhicg),,checked,,,,5/22/2025 2:13pm,,,,,,,,,
"Greek Yogurt, Nonfat, 4 oz: strawberry blended, blueberry blended, vanilla blended","Dairy, Eggs, & Cheese",Yogurt,4 oz,12/4 oz,Chobani,"753, 754, 755","Sysco Albany,Sysco Syracuse,Sysco Long Island,Latina Boulevard,Palmer Food Service,Ginsberg's Foods,Renzi Foodservice,Schrier Foodservice,US Foods Buffalo","USF: 6073922
USF: 9122779
USF: 1148421 | SUPC: 4267623",Yes,NY Grown & Certified ,,ChobaniSpecs.pdf (https://v5.airtableusercontent.com/v3/u/42/42/1749600000000/84ol2ou5DQ2p9YclUlG9WA/yVDGbUfgMPBgbLieDeJbISYL7HYe4yE6T9pgiEhd_mUj1aEQvnjtve4MCJ0sYxmMbcslOBJIMkCiTUPSw9M3C4VjAGgRryL44VqER800yED7-4K3KL2ixb3D3GB7cE9AAZVfJ7koBOpJQSnStT9s8vZQd8M7POv3V6Ps9EiM3Y8/RXkya5piv-ikyUTK3IaKy1-R_q9BRjNuMgANLZGhicg),,checked,,,,5/22/2025 2:13pm,,,,,,,,,
"Greek Yogurt, Nonfat, 4 oz: strawberry blended, blueberry blended, vanilla blended, mixed berry blended","Dairy, Eggs, & Cheese",Yogurt,4 oz,24/4 oz,Chobani,"774, 775, 776, 120","Sysco Albany,Sysco Syracuse,Sysco Long Island,Latina Boulevard,Palmer Food Service,Ginsberg's Foods,Renzi Foodservice,Schrier Foodservice,US Foods Buffalo",,Yes,NY Grown & Certified ,,ChobaniSpecs.pdf (https://v5.airtableusercontent.com/v3/u/42/42/1749600000000/84ol2ou5DQ2p9YclUlG9WA/yVDGbUfgMPBgbLieDeJbISYL7HYe4yE6T9pgiEhd_mUj1aEQvnjtve4MCJ0sYxmMbcslOBJIMkCiTUPSw9M3C4VjAGgRryL44VqER800yED7-4K3KL2ixb3D3GB7cE9AAZVfJ7koBOpJQSnStT9s8vZQd8M7POv3V6Ps9EiM3Y8/RXkya5piv-ikyUTK3IaKy1-R_q9BRjNuMgANLZGhicg),,checked,,,,5/22/2025 2:13pm,,,,,,,,,
"Greek Yogurt, Nonfat, 5.3 oz: plain, vanilla, strawberry, blueberry, peach, raspberry, pomegranate, black cherry, blackberry","Dairy, Eggs, & Cheese",Yogurt,5.3 oz,12/case,Chobani,"001, 002, 004, 005, 006, 012, 015, 016, 278","Sysco Albany,Sysco Syracuse,Sysco Long Island,Latina Boulevard,Palmer Food Service,Ginsberg's Foods,Renzi Foodservice,Schrier Foodservice,US Foods Buffalo",,Yes,NY Grown & Certified ,,ChobaniSpecs.pdf (https://v5.airtableusercontent.com/v3/u/42/42/1749600000000/84ol2ou5DQ2p9YclUlG9WA/yVDGbUfgMPBgbLieDeJbISYL7HYe4yE6T9pgiEhd_mUj1aEQvnjtve4MCJ0sYxmMbcslOBJIMkCiTUPSw9M3C4VjAGgRryL44VqER800yED7-4K3KL2ixb3D3GB7cE9AAZVfJ7koBOpJQSnStT9s8vZQd8M7POv3V6Ps9EiM3Y8/RXkya5piv-ikyUTK3IaKy1-R_q9BRjNuMgANLZGhicg),,checked,,,,5/22/2025 2:13pm,,,,,,,,,
"Greek Yogurt, Nonfat, 32 oz: plain, vanilla, strawberry blended","Dairy, Eggs, & Cheese",Yogurt,32 oz,6/case,Chobani,"013, 014, 026","Sysco Albany,Sysco Syracuse,Sysco Long Island,Latina Boulevard,Palmer Food Service,Ginsberg's Foods,Renzi Foodservice,Schrier Foodservice,US Foods Buffalo",,Yes,NY Grown & Certified ,,ChobaniSpecs.pdf (https://v5.airtableusercontent.com/v3/u/42/42/1749600000000/84ol2ou5DQ2p9YclUlG9WA/yVDGbUfgMPBgbLieDeJbISYL7HYe4yE6T9pgiEhd_mUj1aEQvnjtve4MCJ0sYxmMbcslOBJIMkCiTUPSw9M3C4VjAGgRryL44VqER800yED7-4K3KL2ixb3D3GB7cE9AAZVfJ7koBOpJQSnStT9s8vZQd8M7POv3V6Ps9EiM3Y8/RXkya5piv-ikyUTK3IaKy1-R_q9BRjNuMgANLZGhicg),,checked,,,,5/22/2025 2:13pm,,,,,,,,,
"Greek Yogurt, 2% milkfat, 32 oz: plain","Dairy, Eggs, & Cheese",Yogurt,32 oz,6/case,Chobani,019,"Sysco Albany,Sysco Syracuse,Sysco Long Island,Latina Boulevard,Palmer Food Service,Ginsberg's Foods,Renzi Foodservice,Schrier Foodservice,US Foods Buffalo",,Yes,NY Grown & Certified ,,ChobaniSpecs.pdf (https://v5.airtableusercontent.com/v3/u/42/42/1749600000000/84ol2ou5DQ2p9YclUlG9WA/yVDGbUfgMPBgbLieDeJbISYL7HYe4yE6T9pgiEhd_mUj1aEQvnjtve4MCJ0sYxmMbcslOBJIMkCiTUPSw9M3C4VjAGgRryL44VqER800yED7-4K3KL2ixb3D3GB7cE9AAZVfJ7koBOpJQSnStT9s8vZQd8M7POv3V6Ps9EiM3Y8/RXkya5piv-ikyUTK3IaKy1-R_q9BRjNuMgANLZGhicg),,checked,,,,5/22/2025 2:13pm,,,,,,,,,
"Greek Yogurt, 5% milkfat, 32 oz: plain ","Dairy, Eggs, & Cheese",Yogurt,32 oz,6/case,Chobani,043,"Sysco Albany,Sysco Syracuse,Sysco Long Island,Latina Boulevard,Palmer Food Service,Ginsberg's Foods,Renzi Foodservice,Schrier Foodservice,US Foods Buffalo",,Yes,NY Grown & Certified ,,ChobaniSpecs.pdf (https://v5.airtableusercontent.com/v3/u/42/42/1749600000000/84ol2ou5DQ2p9YclUlG9WA/yVDGbUfgMPBgbLieDeJbISYL7HYe4yE6T9pgiEhd_mUj1aEQvnjtve4MCJ0sYxmMbcslOBJIMkCiTUPSw9M3C4VjAGgRryL44VqER800yED7-4K3KL2ixb3D3GB7cE9AAZVfJ7koBOpJQSnStT9s8vZQd8M7POv3V6Ps9EiM3Y8/RXkya5piv-ikyUTK3IaKy1-R_q9BRjNuMgANLZGhicg),,checked,,,,5/22/2025 2:13pm,,,,,,,,,
"Greek Yogurt, 2% milkfat, 5.3 oz: pineapple, passionfruit, strawberry banana, mango, mixed berry, apricot, key lime, coconut, mixed berry blended, pumpkin spice, watermelon, Madagascar vanilla cinnamon, wild blueberry, Monterey strawberry, Gili cherry, Alphonso mango","Dairy, Eggs, & Cheese",Yogurt,5.3 oz,12/case,Chobani,"010, 011, 032, 033, 182, 187, 277, 291, 293, 591, 660, 678, 897, 898, 899, 900, 901","Sysco Albany,Sysco Syracuse,Sysco Long Island,Latina Boulevard,Palmer Food Service,Ginsberg's Foods,Renzi Foodservice,Schrier Foodservice,US Foods Buffalo",,Yes,NY Grown & Certified ,,ChobaniSpecs.pdf (https://v5.airtableusercontent.com/v3/u/42/42/1749600000000/84ol2ou5DQ2p9YclUlG9WA/yVDGbUfgMPBgbLieDeJbISYL7HYe4yE6T9pgiEhd_mUj1aEQvnjtve4MCJ0sYxmMbcslOBJIMkCiTUPSw9M3C4VjAGgRryL44VqER800yED7-4K3KL2ixb3D3GB7cE9AAZVfJ7koBOpJQSnStT9s8vZQd8M7POv3V6Ps9EiM3Y8/RXkya5piv-ikyUTK3IaKy1-R_q9BRjNuMgANLZGhicg),,checked,,,,5/22/2025 2:14pm,,,,,,,,,
"Yogurt, Plain","Dairy, Eggs, & Cheese",Yogurt,10 lbs.; Cup,10 lbs.; Cup,Hudson Valley Fresh,,"Bartlett Dairy,McMahon's Farm,Ace Endico,Riviera Produce,Hudson Harvest,Upstate Farms,The Hudson Milk Company,Red Barn Produce",,Yes,NY Grown & Certified ,,,,,,,,5/22/2025 2:14pm,,,,,,,,,
"Yogurt: Blueberry, Peach, Strawberry, Raspberry, Red Cherry, Vanilla","Dairy, Eggs, & Cheese",Yogurt,Cup,Cup,Hudson Valley Fresh,,"Bartlett Dairy,McMahon's Farm,Ace Endico,Riviera Produce,Hudson Harvest,Upstate Farms,The Hudson Milk Company,Red Barn Produce",,Yes,NY Grown & Certified ,,,,,,,,5/22/2025 2:12pm,,,,,,,,,
"Yogurt, Vanilla","Dairy, Eggs, & Cheese",Yogurt,,"6 Quarts/cs; 6, 6 oz. cups/cs",North Country Creamery,,Headwater Food Hub,,Still Under Review,,,"NCC maple and flavors nutrition.pdf (https://v5.airtableusercontent.com/v3/u/42/42/1749600000000/5AxwMkZN2uICgfNd9mRwPQ/kGcObY2iFM0zVOGbo9Gquty9pj5a6FmzlE-3MrGdam4Dh5FpxrfqPu0FSjKG-mC37fz0ITGYo8iFWKKYi3tOORMdnmkGBb0Vxea_4f8nikHpygMWCExNrSazlH45kg6DiaAtoPv6Y9YQrW5FAQQm8f3iDIdfVCD9IvSg1v3566o/fHsCpsCINWPg7b5LGDS6KNhNzTvCToZnbA4TUMVrYcc),NCC plain nutrition.pdf (https://v5.airtableusercontent.com/v3/u/42/42/1749600000000/mEGQKINFZB2s3pbvjvPWfA/w-pN3dvFDumAUgaqRWLS1AbGEZ_VyGtNy5T0z7HAcopT1RR1nEf_41FroNHtzc_gk_QW2txhhsqKwI328fJhBq5NL3ZQHfDoqUNoRltJa3RIv6dgDe48fhCLaVahv9WnvYh_iy_w0mrMIgC1C0b5r-zXUvcs-nV2CVkVvyAodTA/5WTmPEPOKifDVmjZwm9STNdOjqv-yvqzsIdCKxRfcrk),NCC PowerPoint.pdf (https://v5.airtableusercontent.com/v3/u/42/42/1749600000000/remLDnMR214VbYDTjQU2nA/mfw9obX7y12hE536NtNqBXtOk_O1D3EFOEFP3VunOZWf26u_lGbZQ1l3qJ_aB8-0InHxSmaN58JvYLHFw8MyXmXYBwjb0UecAID3te2ICECorz08miCNpTvob9rxFw-IaPOAUZzeZQPYfxxxzk5Phw/G2C6IgCJp3jOT4tu0lorr5ajor8_dOV6lXchdUoJl6Q)",,,,,,2/27/2024 1:40pm,,,North Country Creamery,Headwater Food Hub,,,,,
"Yogurt, Creamline, Animal Welfare Approved, Grass-Fed; Flavors: Coffee, Lemon, Maple, Vanilla","Dairy, Eggs, & Cheese",Yogurt,,1 Gal.; 5 Gal.; 6 Quarts/cs,North Country Creamery,,Headwater Food Hub,,Still Under Review,,,"NCC maple and flavors nutrition.pdf (https://v5.airtableusercontent.com/v3/u/42/42/1749600000000/5AxwMkZN2uICgfNd9mRwPQ/kGcObY2iFM0zVOGbo9Gquty9pj5a6FmzlE-3MrGdam4Dh5FpxrfqPu0FSjKG-mC37fz0ITGYo8iFWKKYi3tOORMdnmkGBb0Vxea_4f8nikHpygMWCExNrSazlH45kg6DiaAtoPv6Y9YQrW5FAQQm8f3iDIdfVCD9IvSg1v3566o/fHsCpsCINWPg7b5LGDS6KNhNzTvCToZnbA4TUMVrYcc),NCC plain nutrition.pdf (https://v5.airtableusercontent.com/v3/u/42/42/1749600000000/mEGQKINFZB2s3pbvjvPWfA/w-pN3dvFDumAUgaqRWLS1AbGEZ_VyGtNy5T0z7HAcopT1RR1nEf_41FroNHtzc_gk_QW2txhhsqKwI328fJhBq5NL3ZQHfDoqUNoRltJa3RIv6dgDe48fhCLaVahv9WnvYh_iy_w0mrMIgC1C0b5r-zXUvcs-nV2CVkVvyAodTA/5WTmPEPOKifDVmjZwm9STNdOjqv-yvqzsIdCKxRfcrk),NCC PowerPoint.pdf (https://v5.airtableusercontent.com/v3/u/42/42/1749600000000/remLDnMR214VbYDTjQU2nA/mfw9obX7y12hE536NtNqBXtOk_O1D3EFOEFP3VunOZWf26u_lGbZQ1l3qJ_aB8-0InHxSmaN58JvYLHFw8MyXmXYBwjb0UecAID3te2ICECorz08miCNpTvob9rxFw-IaPOAUZzeZQPYfxxxzk5Phw/G2C6IgCJp3jOT4tu0lorr5ajor8_dOV6lXchdUoJl6Q)",,,,,,2/27/2024 1:40pm,,,North Country Creamery,Headwater Food Hub,,,,,
"Yogurt, Creamline; Flavors: Plain Maple","Dairy, Eggs, & Cheese",Yogurt,,"6 Quarts/cs; 6, 6 oz. cups/cs",North Country Creamery,,"Headwater Food Hub,Regional Access",,Still Under Review,,,"NCC maple and flavors nutrition.pdf (https://v5.airtableusercontent.com/v3/u/42/42/1749600000000/5AxwMkZN2uICgfNd9mRwPQ/kGcObY2iFM0zVOGbo9Gquty9pj5a6FmzlE-3MrGdam4Dh5FpxrfqPu0FSjKG-mC37fz0ITGYo8iFWKKYi3tOORMdnmkGBb0Vxea_4f8nikHpygMWCExNrSazlH45kg6DiaAtoPv6Y9YQrW5FAQQm8f3iDIdfVCD9IvSg1v3566o/fHsCpsCINWPg7b5LGDS6KNhNzTvCToZnbA4TUMVrYcc),NCC plain nutrition.pdf (https://v5.airtableusercontent.com/v3/u/42/42/1749600000000/mEGQKINFZB2s3pbvjvPWfA/w-pN3dvFDumAUgaqRWLS1AbGEZ_VyGtNy5T0z7HAcopT1RR1nEf_41FroNHtzc_gk_QW2txhhsqKwI328fJhBq5NL3ZQHfDoqUNoRltJa3RIv6dgDe48fhCLaVahv9WnvYh_iy_w0mrMIgC1C0b5r-zXUvcs-nV2CVkVvyAodTA/5WTmPEPOKifDVmjZwm9STNdOjqv-yvqzsIdCKxRfcrk),NCC PowerPoint.pdf (https://v5.airtableusercontent.com/v3/u/42/42/1749600000000/remLDnMR214VbYDTjQU2nA/mfw9obX7y12hE536NtNqBXtOk_O1D3EFOEFP3VunOZWf26u_lGbZQ1l3qJ_aB8-0InHxSmaN58JvYLHFw8MyXmXYBwjb0UecAID3te2ICECorz08miCNpTvob9rxFw-IaPOAUZzeZQPYfxxxzk5Phw/G2C6IgCJp3jOT4tu0lorr5ajor8_dOV6lXchdUoJl6Q)",,,,,,2/27/2024 1:40pm,,,North Country Creamery,"Regional Access, Headwater Food Hub",,,,,
"Lassi: Raspberry Cinnamon, Blueberry Cardamom, Mango Rosewater","Dairy, Eggs, & Cheese",Yogurt,,32 oz.,The Indian Milk & Honey Co.,005,The Indian Milk & Honey Co.,,Still Under Review,,IM&H Grown and Certified Certificate.pdf (https://v5.airtableusercontent.com/v3/u/42/42/1749600000000/mwgLx_OfQvJwkxzsffFXnA/-1hTrP1YtE2UavPdXmFjpaM919bMdYHojCTIcKFvQLBrL1FT0Rf7L6OdGdEdXJ7GTTE5WU3OEzcOs6GW7FnZamlJK9vn0k_DAv-uQ9JzIu4GC6bYuvicohNCxMQae9WErAKlLkTeftwju1YMUobvd8ryMU8WvanAcu7olFEgXTY/mfOhJN2xFK1cPLQQYLIcZUO3ANBZ9iNmf7GScvFhS4s),Indian Milk Company Lassi Crediting.pdf (https://v5.airtableusercontent.com/v3/u/42/42/1749600000000/BGwK-FfC02DnM_VDigFIuA/lnQCjpyx9FLuxct7afhPkGEylZ6zUV4jIN9nNFRFevxsFsTKPEb5OVVOxYxWjhVH8cNePXanmVS-7ggH8Nzk9WYsTR0HjbmLQ7zS3t265quBqzOQRfuICMnQvidnxorV__fB8S0mbJYmLLx2WTddanYSLemXEVz2jzSwu3Ed5BU/PQ3KV7QXX_uwoIIWOs7bJvuZ3N5EbcT6UP3T4tzWpRk),,,,,,4/11/2024 3:33pm,,,The Indian Milk & Honey Co.,The Indian Milk & Honey Co.,,,,,
"Greek Yogurt, Nonfat, 32 oz: Plain, Vanilla","Dairy, Eggs, & Cheese",Yogurt,32 oz.,6/cs,Upstate Niagara Cooperative Inc.,9700,"Upstate Niagara Cooperative Inc.,Latina Boulevard,Renzi Foodservice,Depew Dairy,Hudson Dairy",,Yes,NY Grown & Certified ,Upstate Niagara Cooperative Certificate.pdf (https://v5.airtableusercontent.com/v3/u/42/42/1749600000000/oSLLuxiohSZ2B0ouBNVPOQ/MwKv5G_c5d_TVm0tsiXr6L5Eyr_KSTb2qbDrctYtdya6JhqNumiJPrV76uFF-a9cAnYasXv-X5CDILR7lYlAIWr2FFb8T0aZ2HajsfP6J1YvxEWq45umI-N7Zh6F5b68UlXrxYW1fSZr5gMMexC0MfK4jWo9u5lHhqVcUS4OHESJIdzg9zq9vKI0xK7HMJGe/ByczUdXTXt8RzQGlfJ3onYJytlo3gsE4UhCFYfJfyi8),Upstate 2023.pdf (https://v5.airtableusercontent.com/v3/u/42/42/1749600000000/wsNdxLYajRuA9lrCOoLNlg/HIbf7bEyGDY6yRBCs-IFPq6ibpCAO3QClJCFKqvcMTKm4wHJ1UbCNRg03mqiZR5YPFz6gdVmD7TVZz2z9atK6ArqsZ8G02CBHcoCh6VCS63IDuyroH2ORhwykxCM-BgTHQtOGxNp0ifrQ1VSeBN2kQ/fpwjcOkhUaalwg5XhUzwj2Za6QkLTWzFr7eHpJl17B8),,,,,,4/11/2024 3:30pm,,,"""Upstate Niagara Cooperative, Inc.""","Hudson Dairy, Depew Dairy, ""Upstate Niagara Cooperative, Inc."", Latina Boulevard, Renzi Foodservice",,,,,
"Yogurt, Nonfat, 4 oz: Blueberry, Cherry-Vanilla, Peach, Raspberry, Strawberry, Strawberry-Banana, Vanilla","Dairy, Eggs, & Cheese",Yogurt,4 oz.,48/cs,Upstate Niagara Cooperative Inc.,"9815, 9816, 9817, 9818, 9819, 9820, 9822","Upstate Niagara Cooperative Inc.,Latina Boulevard,Renzi Foodservice,Depew Dairy,Hudson Dairy,US Foods Buffalo",USF: 2537462,Yes,NY Grown & Certified ,Upstate Niagara Cooperative Certificate.pdf (https://v5.airtableusercontent.com/v3/u/42/42/1749600000000/oSLLuxiohSZ2B0ouBNVPOQ/MwKv5G_c5d_TVm0tsiXr6L5Eyr_KSTb2qbDrctYtdya6JhqNumiJPrV76uFF-a9cAnYasXv-X5CDILR7lYlAIWr2FFb8T0aZ2HajsfP6J1YvxEWq45umI-N7Zh6F5b68UlXrxYW1fSZr5gMMexC0MfK4jWo9u5lHhqVcUS4OHESJIdzg9zq9vKI0xK7HMJGe/ByczUdXTXt8RzQGlfJ3onYJytlo3gsE4UhCFYfJfyi8),Upstate 2023.pdf (https://v5.airtableusercontent.com/v3/u/42/42/1749600000000/wsNdxLYajRuA9lrCOoLNlg/HIbf7bEyGDY6yRBCs-IFPq6ibpCAO3QClJCFKqvcMTKm4wHJ1UbCNRg03mqiZR5YPFz6gdVmD7TVZz2z9atK6ArqsZ8G02CBHcoCh6VCS63IDuyroH2ORhwykxCM-BgTHQtOGxNp0ifrQ1VSeBN2kQ/fpwjcOkhUaalwg5XhUzwj2Za6QkLTWzFr7eHpJl17B8),,,,,,4/11/2024 3:31pm,,,"""Upstate Niagara Cooperative, Inc.""","Hudson Dairy, Depew Dairy, ""Upstate Niagara Cooperative, Inc."", Latina Boulevard, Renzi Foodservice, US Foods Buffalo",,,,,
"Greek Yogurt, Nonfat, 5.3 oz: Blueberry, Strawberry, Vanilla","Dairy, Eggs, & Cheese",Yogurt,5.3 oz.,12/cs,Upstate Niagara Cooperative Inc.,"9710, 9711, 9712","Upstate Niagara Cooperative Inc.,Latina Boulevard,Renzi Foodservice,Depew Dairy,Hudson Dairy,US Foods Buffalo",,Yes,NY Grown & Certified ,Upstate Niagara Cooperative Certificate.pdf (https://v5.airtableusercontent.com/v3/u/42/42/1749600000000/oSLLuxiohSZ2B0ouBNVPOQ/MwKv5G_c5d_TVm0tsiXr6L5Eyr_KSTb2qbDrctYtdya6JhqNumiJPrV76uFF-a9cAnYasXv-X5CDILR7lYlAIWr2FFb8T0aZ2HajsfP6J1YvxEWq45umI-N7Zh6F5b68UlXrxYW1fSZr5gMMexC0MfK4jWo9u5lHhqVcUS4OHESJIdzg9zq9vKI0xK7HMJGe/ByczUdXTXt8RzQGlfJ3onYJytlo3gsE4UhCFYfJfyi8),Upstate 2023.pdf (https://v5.airtableusercontent.com/v3/u/42/42/1749600000000/wsNdxLYajRuA9lrCOoLNlg/HIbf7bEyGDY6yRBCs-IFPq6ibpCAO3QClJCFKqvcMTKm4wHJ1UbCNRg03mqiZR5YPFz6gdVmD7TVZz2z9atK6ArqsZ8G02CBHcoCh6VCS63IDuyroH2ORhwykxCM-BgTHQtOGxNp0ifrQ1VSeBN2kQ/fpwjcOkhUaalwg5XhUzwj2Za6QkLTWzFr7eHpJl17B8),,,,,,4/11/2024 3:31pm,,,"""Upstate Niagara Cooperative, Inc.""","Hudson Dairy, Depew Dairy, ""Upstate Niagara Cooperative, Inc."", Latina Boulevard, Renzi Foodservice",,,,,
"Yogurt, Nonfat, 4/5 lb: Plain","Dairy, Eggs, & Cheese",Yogurt,4/5lb,,Upstate Niagara Cooperative Inc.,9890,"Upstate Niagara Cooperative Inc.,Latina Boulevard,Renzi Foodservice,Depew Dairy,Hudson Dairy",,Yes,NY Grown & Certified ,Upstate Niagara Cooperative Certificate.pdf (https://v5.airtableusercontent.com/v3/u/42/42/1749600000000/oSLLuxiohSZ2B0ouBNVPOQ/MwKv5G_c5d_TVm0tsiXr6L5Eyr_KSTb2qbDrctYtdya6JhqNumiJPrV76uFF-a9cAnYasXv-X5CDILR7lYlAIWr2FFb8T0aZ2HajsfP6J1YvxEWq45umI-N7Zh6F5b68UlXrxYW1fSZr5gMMexC0MfK4jWo9u5lHhqVcUS4OHESJIdzg9zq9vKI0xK7HMJGe/ByczUdXTXt8RzQGlfJ3onYJytlo3gsE4UhCFYfJfyi8),Upstate 2023.pdf (https://v5.airtableusercontent.com/v3/u/42/42/1749600000000/wsNdxLYajRuA9lrCOoLNlg/HIbf7bEyGDY6yRBCs-IFPq6ibpCAO3QClJCFKqvcMTKm4wHJ1UbCNRg03mqiZR5YPFz6gdVmD7TVZz2z9atK6ArqsZ8G02CBHcoCh6VCS63IDuyroH2ORhwykxCM-BgTHQtOGxNp0ifrQ1VSeBN2kQ/fpwjcOkhUaalwg5XhUzwj2Za6QkLTWzFr7eHpJl17B8),,,,,,4/11/2024 3:30pm,,,"""Upstate Niagara Cooperative, Inc.""","Hudson Dairy, Depew Dairy, ""Upstate Niagara Cooperative, Inc."", Latina Boulevard, Renzi Foodservice",,,,,
"Yogurt, Nonfat, 5 lb: Blueberry, Plain, Strawberry, Vanilla","Dairy, Eggs, & Cheese",Yogurt,5 lb.,4/cs,Upstate Niagara Cooperative Inc.,"9881, 9886, 9884, 9885","Upstate Niagara Cooperative Inc.,Latina Boulevard,Renzi Foodservice,Depew Dairy,Hudson Dairy",,Yes,NY Grown & Certified ,Upstate Niagara Cooperative Certificate.pdf (https://v5.airtableusercontent.com/v3/u/42/42/1749600000000/oSLLuxiohSZ2B0ouBNVPOQ/MwKv5G_c5d_TVm0tsiXr6L5Eyr_KSTb2qbDrctYtdya6JhqNumiJPrV76uFF-a9cAnYasXv-X5CDILR7lYlAIWr2FFb8T0aZ2HajsfP6J1YvxEWq45umI-N7Zh6F5b68UlXrxYW1fSZr5gMMexC0MfK4jWo9u5lHhqVcUS4OHESJIdzg9zq9vKI0xK7HMJGe/ByczUdXTXt8RzQGlfJ3onYJytlo3gsE4UhCFYfJfyi8),Upstate 2023.pdf (https://v5.airtableusercontent.com/v3/u/42/42/1749600000000/wsNdxLYajRuA9lrCOoLNlg/HIbf7bEyGDY6yRBCs-IFPq6ibpCAO3QClJCFKqvcMTKm4wHJ1UbCNRg03mqiZR5YPFz6gdVmD7TVZz2z9atK6ArqsZ8G02CBHcoCh6VCS63IDuyroH2ORhwykxCM-BgTHQtOGxNp0ifrQ1VSeBN2kQ/fpwjcOkhUaalwg5XhUzwj2Za6QkLTWzFr7eHpJl17B8),,,,,,4/11/2024 3:30pm,,,"""Upstate Niagara Cooperative, Inc.""","Hudson Dairy, Depew Dairy, ""Upstate Niagara Cooperative, Inc."", Latina Boulevard, Renzi Foodservice",,,,,
"Yogurt, Nonfat, 8 oz: Blueberry, Cherry-Vanilla, Peach, Strawberry, Strawberry-Banana","Dairy, Eggs, & Cheese",Yogurt,8 oz.,12/cs,Upstate Niagara Cooperative Inc.,"9831, 9832, 9834, 9835, 9836","Upstate Niagara Cooperative Inc.,Latina Boulevard,Renzi Foodservice,Depew Dairy,Hudson Dairy",,Yes,NY Grown & Certified ,Upstate Niagara Cooperative Certificate.pdf (https://v5.airtableusercontent.com/v3/u/42/42/1749600000000/oSLLuxiohSZ2B0ouBNVPOQ/MwKv5G_c5d_TVm0tsiXr6L5Eyr_KSTb2qbDrctYtdya6JhqNumiJPrV76uFF-a9cAnYasXv-X5CDILR7lYlAIWr2FFb8T0aZ2HajsfP6J1YvxEWq45umI-N7Zh6F5b68UlXrxYW1fSZr5gMMexC0MfK4jWo9u5lHhqVcUS4OHESJIdzg9zq9vKI0xK7HMJGe/ByczUdXTXt8RzQGlfJ3onYJytlo3gsE4UhCFYfJfyi8),Upstate 2023.pdf (https://v5.airtableusercontent.com/v3/u/42/42/1749600000000/wsNdxLYajRuA9lrCOoLNlg/HIbf7bEyGDY6yRBCs-IFPq6ibpCAO3QClJCFKqvcMTKm4wHJ1UbCNRg03mqiZR5YPFz6gdVmD7TVZz2z9atK6ArqsZ8G02CBHcoCh6VCS63IDuyroH2ORhwykxCM-BgTHQtOGxNp0ifrQ1VSeBN2kQ/fpwjcOkhUaalwg5XhUzwj2Za6QkLTWzFr7eHpJl17B8),,,,,,4/11/2024 3:30pm,,,"""Upstate Niagara Cooperative, Inc.""","Hudson Dairy, Depew Dairy, ""Upstate Niagara Cooperative, Inc."", Latina Boulevard, Renzi Foodservice",,,,,
"Yogurt, Nonfat, All-natural, 5 lb: Vanilla","Dairy, Eggs, & Cheese",Yogurt,5 lb.,4/cs,Upstate Niagara Cooperative Inc.,9892,"Upstate Niagara Cooperative Inc.,Latina Boulevard,Renzi Foodservice,Depew Dairy,Hudson Dairy",,Yes,NY Grown & Certified ,Upstate Niagara Cooperative Certificate.pdf (https://v5.airtableusercontent.com/v3/u/42/42/1749600000000/oSLLuxiohSZ2B0ouBNVPOQ/MwKv5G_c5d_TVm0tsiXr6L5Eyr_KSTb2qbDrctYtdya6JhqNumiJPrV76uFF-a9cAnYasXv-X5CDILR7lYlAIWr2FFb8T0aZ2HajsfP6J1YvxEWq45umI-N7Zh6F5b68UlXrxYW1fSZr5gMMexC0MfK4jWo9u5lHhqVcUS4OHESJIdzg9zq9vKI0xK7HMJGe/ByczUdXTXt8RzQGlfJ3onYJytlo3gsE4UhCFYfJfyi8),Upstate 2023.pdf (https://v5.airtableusercontent.com/v3/u/42/42/1749600000000/wsNdxLYajRuA9lrCOoLNlg/HIbf7bEyGDY6yRBCs-IFPq6ibpCAO3QClJCFKqvcMTKm4wHJ1UbCNRg03mqiZR5YPFz6gdVmD7TVZz2z9atK6ArqsZ8G02CBHcoCh6VCS63IDuyroH2ORhwykxCM-BgTHQtOGxNp0ifrQ1VSeBN2kQ/fpwjcOkhUaalwg5XhUzwj2Za6QkLTWzFr7eHpJl17B8),,,,,,4/11/2024 3:30pm,,,"""Upstate Niagara Cooperative, Inc.""","Hudson Dairy, Depew Dairy, ""Upstate Niagara Cooperative, Inc."", Latina Boulevard, Renzi Foodservice",,,,,
"Yogurt, Nonfat, All-natural, 4/5 lb: Vanilla","Dairy, Eggs, & Cheese",Yogurt,4/5 lb.,,Upstate Niagara Cooperative Inc.,9891,"Upstate Niagara Cooperative Inc.,Latina Boulevard,Renzi Foodservice,Depew Dairy,Hudson Dairy",,Yes,NY Grown & Certified ,Upstate Niagara Cooperative Certificate.pdf (https://v5.airtableusercontent.com/v3/u/42/42/1749600000000/oSLLuxiohSZ2B0ouBNVPOQ/MwKv5G_c5d_TVm0tsiXr6L5Eyr_KSTb2qbDrctYtdya6JhqNumiJPrV76uFF-a9cAnYasXv-X5CDILR7lYlAIWr2FFb8T0aZ2HajsfP6J1YvxEWq45umI-N7Zh6F5b68UlXrxYW1fSZr5gMMexC0MfK4jWo9u5lHhqVcUS4OHESJIdzg9zq9vKI0xK7HMJGe/ByczUdXTXt8RzQGlfJ3onYJytlo3gsE4UhCFYfJfyi8),Upstate 2023.pdf (https://v5.airtableusercontent.com/v3/u/42/42/1749600000000/wsNdxLYajRuA9lrCOoLNlg/HIbf7bEyGDY6yRBCs-IFPq6ibpCAO3QClJCFKqvcMTKm4wHJ1UbCNRg03mqiZR5YPFz6gdVmD7TVZz2z9atK6ArqsZ8G02CBHcoCh6VCS63IDuyroH2ORhwykxCM-BgTHQtOGxNp0ifrQ1VSeBN2kQ/fpwjcOkhUaalwg5XhUzwj2Za6QkLTWzFr7eHpJl17B8),,,,,,4/11/2024 3:30pm,,,"""Upstate Niagara Cooperative, Inc.""","Hudson Dairy, Depew Dairy, ""Upstate Niagara Cooperative, Inc."", Latina Boulevard, Renzi Foodservice",,,,,
"Greek Yogurt, Nonfat, 32 oz.: Vanilla","Dairy, Eggs, & Cheese",Yogurt,32 oz.,6/cs,Upstate Niagara Cooperative Inc.,9701,"Upstate Niagara Cooperative Inc.,Latina Boulevard,Renzi Foodservice,Depew Dairy,Hudson Dairy",,Yes,NY Grown & Certified ,Upstate Niagara Cooperative Certificate.pdf (https://v5.airtableusercontent.com/v3/u/42/42/1749600000000/oSLLuxiohSZ2B0ouBNVPOQ/MwKv5G_c5d_TVm0tsiXr6L5Eyr_KSTb2qbDrctYtdya6JhqNumiJPrV76uFF-a9cAnYasXv-X5CDILR7lYlAIWr2FFb8T0aZ2HajsfP6J1YvxEWq45umI-N7Zh6F5b68UlXrxYW1fSZr5gMMexC0MfK4jWo9u5lHhqVcUS4OHESJIdzg9zq9vKI0xK7HMJGe/ByczUdXTXt8RzQGlfJ3onYJytlo3gsE4UhCFYfJfyi8),,,,,,,4/11/2024 3:30pm,,,,,,,,,
"Yogurt, Nonfat, J&J - Plain","Dairy, Eggs, & Cheese",Yogurt,32 oz,,Upstate Niagara Cooperative Inc.,0050,"""Benz’s Food Products, Inc.""",,,Kosher,,,_NYS 51%+ PFS Givat small curd cottage cheese 16oz.pdf (https://v5.airtableusercontent.com/v3/u/42/42/1749600000000/vOYNsVjRYT1exMbuA6pemQ/mYZwvcRSbE2y-x5X0iYiqmIO0y7VdZiW4YFu0v1WCqmcegkyI-nRKzOVOaNypTByvWnZzON6Xoct8SiCewHrOsvsnezdkF6hZ4QRZL555ei6hnkQM9ppj1JWITN8FBZnJ-szpJBMWX0NbIexNiKIPdA1os-sDLufpuupq_UrYoIq0kSCHy7Jio6HtsXni2bVKy59pULA5pyY1ffOh2Yi4w/vg490Lb_vzHzpMvpTOAyh8n7UYCBTAKnH1uvnCzJjzc),checked,,,,4/9/2025 9:36am,,,,,,,,,
"Leben, Chocolate, Yummy's","Dairy, Eggs, & Cheese",Yogurt,6 oz,,Upstate Niagara Cooperative Inc.,107616,"""Benz’s Food Products, Inc.""",,,Kosher,,,PFS Leben Chocolate.pdf (https://v5.airtableusercontent.com/v3/u/42/42/1749600000000/MVGfoanKkJkJrjDQhe9eRg/f-bgURzTxLrnSe2rfuE2hF3p2PjR5vrKqxq7VpmKH1V7JlYrUYY-_rUAywtrIWmTxe32cp1IBdThZCGWZSdCycS2qAO7HPJMyHQvtxzkeZ8qKGypXuxkCArg3nD9XO6fzmd8y2jSY1Cv7Fq90h38jKogf0FkyvCPoi-s2L0kP5A/E6uU0gVDv_pmmqHxxnSI_dsD5CxeEphELi2cMvnFmNI),checked,,,,4/10/2025 4:58pm,,,,,,,,,
"Yogurt, Non-Fat, J&J - Vanilla, Coffee, Strawberry","Dairy, Eggs, & Cheese",Yogurt,32oz,,Upstate Niagara Cooperative Inc.,"9574, 9613, 9614","""Benz’s Food Products, Inc.""",,,Kosher,,,"""PFS 32oz Vanilla, Coffee, Strawberry.pdf (https://v5.airtableusercontent.com/v3/u/42/42/1749600000000/x_x2aDfoLv2-1JiMuBsZNg/zrDgDAVncjU4aO9SR-5OPGzU3RF9ez58rfYZxVIuXmq-6Dakn1oIYo8ugbEPfFHU2DWOrJG5kgPkuV6op8goF0OPqoWQGqroRcqwrtKYtnwEl8T16c7m3frooKdk-mpBPpI_DiXJmeQknv8s7iWuhTaDwK7In2NDr31dyJVnIqj2MIs_K1eytvi34TbwiqCj/5filcTK9QUiEQvH_C_wOF_n56ttBOXBy3X7iMfYHV04)""",,,,,4/9/2025 9:29am,,,,,,,,,
"Yogurt, Deluxe, J&J  - Berry Medley, Blueberry, Coffee, Strawberry, Vanilla, Peach","Dairy, Eggs, & Cheese",Yogurt,6oz,,Upstate Niagara Cooperative Inc.,"8756, 8757, 8759, 8763, 8766, 9411","""Benz’s Food Products, Inc.""",,,Kosher,,,PFS Deluxe (all flavors).pdf (https://v5.airtableusercontent.com/v3/u/42/42/1749600000000/HOW3OgOQbNPeqI9mZuNyUw/O76W48ta1_bYnkIW6V_F8j2FMcM0towPLjFe5RlfeqvBJXuEH25HmS2EiUMYO6XRDYdQR--j8UbyrZ6U7yLkJekV8ecZuuFvy8oiWpIbgygHNwReeIZHQTEUAbq0rqWT3xjB_jyj1NF8Y644GUhZohZD9Xw6yyfobJdJEI0LvKM/NDsUdB7t5Fk3HV5kAx8VLNY-1LiWS9f4Xj2aiK6JRAs),,,,,4/9/2025 9:30am,,,,,,,,,
"Yogurt, Swiss, Whole Milk, J&J  - Vanilla, Strawberry","Dairy, Eggs, & Cheese",Yogurt,4oz,,Upstate Niagara Cooperative Inc.,"9843, 9844","""Benz’s Food Products, Inc.""",,,Kosher,,,PFS Swiss.pdf (https://v5.airtableusercontent.com/v3/u/42/42/1749600000000/e6L5E7GbYqIKBgs0eKqo7A/eispMhKeonFpiGsKUAMYLlOhKhMcq_VlIAgKo3tZk3Zd4USftfYk8Y_quzlOx8kliGBbnAbDPcc-QMmXgpUdgt1a2Gk7XKO5SD-EucF1v65JqlPoljQrogb9dIzVcjvwpiJlRHPddFCgwigO6ZHbCGepAWoN0nbwmSPr2xzYEYQ/52R8mWya0BklMiXosvjSRJmbuikQTaIO7vIzZ85ojMU),,,,,4/9/2025 9:31am,,,,,,,,,
"Yogurt, Non-Fat, Blended, Givat - Various Flavors","Dairy, Eggs, & Cheese",Yogurt,5 oz,,Upstate Niagara Cooperative Inc.,"120073, 119405, 119565, 119406, 119403, 119404, 119524, 119402","""Benz’s Food Products, Inc.""",,,Kosher,,,PFS Givat  Nonfat Yogurt 5oz.pdf (https://v5.airtableusercontent.com/v3/u/42/42/1749600000000/_0ay_8JA2yQOYgLhlIdHgA/ovd7DIL14DPvnIBgyPeO51OcQKiAPcClXwNVGqUHDrpFFrArkQvpWLZH6ECr6yXhZ7fIbk-oileSZJTudLBzpmEwkUGSfHWodfYgy2cD27YJKMkgQlW5Z3JbhVbo_sywHxH3glAYrneBmMUfSzrs7UdYvxHsSunjA-OrQ6k1ocaTBYELBTMH-kPYLfYpn1wr/KpfOl_kJAFOcPkHpZJBYYdjZwvrQjtbap2j41CEAus0),,,,,4/9/2025 9:31am,,,,,,,,,
"Yogurt, Givat, Yummy Kids  - Strawberry, Strawberry Banana, Vanilla","Dairy, Eggs, & Cheese",Yogurt,4oz,,Upstate Niagara Cooperative Inc.,"119578, 119589, 119579","""Benz’s Food Products, Inc.""",,,Kosher,,,NYS 51 PFS Givat  Yummy Kids Yogurt 4oz.pdf (https://v5.airtableusercontent.com/v3/u/42/42/1749600000000/IiIBVjlPEkiOMDC_wXlfxw/-mt0925S10-zcQeB1Ye0mNI8TTXD_a8LqoHJXtjAocm0JzMXW5MF-c3ArQOAVopebjks9_4l4E7V3VqwgSMWcpVMCJ0zu85QRCHM27UTrETBrMOKp37OIVuTXN7yHP2-psGoQheroEP_LdJvxJZmMl30BUfVwq15QnYXbxR3Av_ej7wG-TqzEsrIcfAebPVL/oJJc4OsoE_71LLkr8yUGf1ujQZWnwIPIVHOCGbaRspY),,,,,4/9/2025 9:35am,,,,,,,,,
"Yogurt, Traditional, Low Fat, J&J - Coffee, Vanilla","Dairy, Eggs, & Cheese",Yogurt,6oz,,Upstate Niagara Cooperative Inc.,"9680, 9682","""Benz’s Food Products, Inc.""",,,Kosher,,,PFS Trad Coffee + Vanilla.pdf (https://v5.airtableusercontent.com/v3/u/42/42/1749600000000/Osxp1_7Wmp3CV_FoQSJNlg/g7LBeOhROJWlCcEOH-RxUPH6GHvzJttxDhoC7SoodiayZdmmgHdxXH_6Ry51tUkIdbFswNBfFAowNx5ZnXuENI2agZGAgmtyE043czmcLWzjSJrBhW3D_sN8mR7ES6rAhFp1vcsnouDb4MCK-I8H-T8Y4o7qD-th1cLrqpYEpKs/3fqvY68L8WkV4fJ5tcQ9z3t6uep2zm7NHF6o2eIGrW0),,,,,4/9/2025 9:33am,,,,,,,,,
"Yogurt, Traditional, Low Fat, J&J - Blueberry, Strawberry, Coffee, Vanilla","Dairy, Eggs, & Cheese",Yogurt,6oz,,Upstate Niagara Cooperative Inc.,"9679, 9681","""Benz’s Food Products, Inc.""",,,Kosher,,,PFS Trad Blueberry + Strawberry.pdf (https://v5.airtableusercontent.com/v3/u/42/42/1749600000000/tkUQXOiX4n3bjXHATEpnVg/TG971H5iQenvIiv9ZtK9Ux-M3DDRwEUh44jpylDunMUshHC6LJV-uG4zRvwrO2vEFo5aoBDCBf0XCdWAeYeWGddN2H2mTgDCJ7tf6qI5c7KPT2AQgCaVEcrWbl2OgShib0XntvSCgZivNoW_iKCK0mQL6lFVAN8oa1S3MGRMQxhQ0fgJoMe1uXm68NSd05Ws/H48Q80Own7P-v0AnXNB7qlT8yxdw7pC7SbuZaBfdbEE),,,,,4/9/2025 9:35am,,,,,,,,,
Sour Cream,"Dairy, Eggs, & Cheese",Sour Cream,10 quarts; Pint,10 quarts; Pint,Hudson Valley Fresh,,"Bartlett Dairy,McMahon's Farm,Ace Endico,Riviera Produce,Hudson Harvest,Upstate Farms,The Hudson Milk Company,Red Barn Produce",,Yes,NY Grown & Certified ,,,,,,,,4/11/2024 3:31pm,,,,,,,,,
"Sour Cream, Bison, All Natural","Dairy, Eggs, & Cheese",Sour Cream,8 oz.,12/cs,Upstate Niagara Cooperative Inc.,9437,"Upstate Niagara Cooperative Inc.,Latina Boulevard,Renzi Foodservice,Depew Dairy,Hudson Dairy",,Yes,NY Grown & Certified ,,Upstate 2023.pdf (https://v5.airtableusercontent.com/v3/u/42/42/1749600000000/wsNdxLYajRuA9lrCOoLNlg/HIbf7bEyGDY6yRBCs-IFPq6ibpCAO3QClJCFKqvcMTKm4wHJ1UbCNRg03mqiZR5YPFz6gdVmD7TVZz2z9atK6ArqsZ8G02CBHcoCh6VCS63IDuyroH2ORhwykxCM-BgTHQtOGxNp0ifrQ1VSeBN2kQ/fpwjcOkhUaalwg5XhUzwj2Za6QkLTWzFr7eHpJl17B8),,,,,,4/10/2025 4:59pm,,,"""Upstate Niagara Cooperative, Inc.""","Hudson Dairy, Depew Dairy, ""Upstate Niagara Cooperative, Inc."", Latina Boulevard, Renzi Foodservice",,,,,
"Sour Cream, Bison, All Natural","Dairy, Eggs, & Cheese",Sour Cream,16 oz.,12/cs,Upstate Niagara Cooperative Inc.,9439,"Upstate Niagara Cooperative Inc.,Latina Boulevard,Renzi Foodservice,Depew Dairy,Hudson Dairy",,Yes,NY Grown & Certified ,,Upstate 2023.pdf (https://v5.airtableusercontent.com/v3/u/42/42/1749600000000/wsNdxLYajRuA9lrCOoLNlg/HIbf7bEyGDY6yRBCs-IFPq6ibpCAO3QClJCFKqvcMTKm4wHJ1UbCNRg03mqiZR5YPFz6gdVmD7TVZz2z9atK6ArqsZ8G02CBHcoCh6VCS63IDuyroH2ORhwykxCM-BgTHQtOGxNp0ifrQ1VSeBN2kQ/fpwjcOkhUaalwg5XhUzwj2Za6QkLTWzFr7eHpJl17B8),,,,,,4/10/2025 4:59pm,,,"""Upstate Niagara Cooperative, Inc.""","Hudson Dairy, Depew Dairy, ""Upstate Niagara Cooperative, Inc."", Latina Boulevard, Renzi Foodservice",,,,,
"Sour Cream, Regular","Dairy, Eggs, & Cheese",Sour Cream,5 lb.,4/cs,Upstate Niagara Cooperative Inc.,9369,"Upstate Niagara Cooperative Inc.,Latina Boulevard,Renzi Foodservice,Depew Dairy,Hudson Dairy",,Yes,NY Grown & Certified ,,Upstate 2023.pdf (https://v5.airtableusercontent.com/v3/u/42/42/1749600000000/wsNdxLYajRuA9lrCOoLNlg/HIbf7bEyGDY6yRBCs-IFPq6ibpCAO3QClJCFKqvcMTKm4wHJ1UbCNRg03mqiZR5YPFz6gdVmD7TVZz2z9atK6ArqsZ8G02CBHcoCh6VCS63IDuyroH2ORhwykxCM-BgTHQtOGxNp0ifrQ1VSeBN2kQ/fpwjcOkhUaalwg5XhUzwj2Za6QkLTWzFr7eHpJl17B8),,,,,,4/10/2025 4:59pm,,,"""Upstate Niagara Cooperative, Inc.""","Hudson Dairy, Depew Dairy, ""Upstate Niagara Cooperative, Inc."", Latina Boulevard, Renzi Foodservice",,,,,
"Sour Cream, Givat","Dairy, Eggs, & Cheese",Sour Cream,16 oz,,Upstate Niagara Cooperative Inc.,120336,"""Benz’s Food Products, Inc.""",,,Kosher,,,_NYS 51%+ PFS Givat Sour cream 16oz.pdf (https://v5.airtableusercontent.com/v3/u/42/42/1749600000000/z1MqERqxRoKKKq0ixyeYCA/5rxUOUGSTZYoL4VkEGRlk8ef5jdn8P8YMD0tv-YYevhOTKAqyG8Mw8sbl3KfodKxscUi618at3YS5BNW-dT3Ff6NW1yeqxy0HUZKjD9gv30IZrCYmZwGSbGPF0Qgrnn0dt6gjsRpXTJbq5sNpKC1aUkjX1V_Q7kNjQiDYG9zwE5hS2q0KD4QYshWXOimycX5/BI-PPzoAo5GqhnfKG-tKLr7BS7PNd3RarzvoKAuWW4E),checked,,,,4/10/2025 4:59pm,,,,,,,,,
"Sour Cream, J&J","Dairy, Eggs, & Cheese",Sour Cream,16 oz,,Upstate Niagara Cooperative Inc.,8752,"""Benz’s Food Products, Inc.""",,,Kosher,,,PFS 16oz Sour Cream.pdf (https://v5.airtableusercontent.com/v3/u/42/42/1749600000000/N-3dox19Bzd-5L0kALsfeQ/6r5ChH2AW0r67aJdoW6ma6dVvF2vXFVOyG4SX0BcOV-4yyeqZ9bG2KQKzvk4A2AY68BnF8SR498UK4Iap7Q6m11c7UukyGu6rkisiSZgb4t7gKLkHbgYc7G2X5rbNhMwjtWKTrT2ILCbO7rHO85B-0XgPjKbR506GuEWlHwAOLM/FBCGfibMrZ-xkwrxdtbqhbwx7VRYtnlqRoNNnM_GJKg),checked,,,,4/10/2025 4:59pm,,,,,,,,,
"Sour Cream, Lite, J&J","Dairy, Eggs, & Cheese",Sour Cream,16 oz,,Upstate Niagara Cooperative Inc.,8754,"""Benz’s Food Products, Inc.""",,,Kosher,,,PFS 32oz Plain.pdf (https://v5.airtableusercontent.com/v3/u/42/42/1749600000000/2cRtDc-F4W6YEo9LOQY5eg/dAP6iQBln5B48iQfxdlRpuksNMGI0zalbLG1RhO6hUO8aEvIW8WVhe5Tkp3SJ_MIDK7zY9TLPGbqIqBADTdITxOYokIzG3eTiN1T1LKQSa-5zgmiNKdTVaP6I7iAh0XD2tKkvuHhw95aJjzXEQL4EysmmZAqmfe5iKOisWp7TvY/LxK_dCsdv9QvJ00nBVoKaWSz0Hy0LYs_E9jY8a5WCEo),checked,,,,4/10/2025 5:00pm,,,,,,,,,
"Sour Cream, J&J","Dairy, Eggs, & Cheese",Sour Cream,8 oz,,Upstate Niagara Cooperative Inc.,8736,"""Benz’s Food Products, Inc.""",,,Kosher,,,PFS 8oz Sour Cream.pdf (https://v5.airtableusercontent.com/v3/u/42/42/1749600000000/YJvs_lAmTA-XJoycW1qSGA/O3IbUttKN_9iozSIMc0PhbWXeaO4ftmVGXvQMqQZ73bmLFAEQOujldoszW3DrfiSfyaVV1VKRdSU6P78Bt-FeYKg3jhrq5q3uf4J80AIAZRRg5ox10NMl9aAHzyo6_I_0Vlr_QOX_p8rzivrUOp1kBFAPJlZodovRESRdhtVwOs/owND_mMiDrPeUH0RFgWcewCaeV61oCU3KRyVQmmDYAo),checked,,,,4/10/2025 4:59pm,,,,,,,,,
"Ice Cream Mix, Vanilla, 10%, Gallon","Dairy, Eggs, & Cheese",Ice Cream & Frozen Yogurt,1 Gal.,4/cs,Byrne Dairy,60602,"Upstate Niagara Cooperative Inc.,Latina Boulevard,Renzi Foodservice,Depew Dairy,Hudson Dairy,US Foods Buffalo",,Yes,NY Grown & Certified ,,,,,,,,4/11/2024 3:31pm,,,,,,,,,
"Ice Cream Mix, Chocolate, 10%, Gallon ","Dairy, Eggs, & Cheese",Ice Cream & Frozen Yogurt,1 Gal.,4/cs,Byrne Dairy,60603,"Upstate Niagara Cooperative Inc.,Latina Boulevard,Renzi Foodservice,Depew Dairy,Hudson Dairy,US Foods Buffalo",,Yes,NY Grown & Certified ,,,,,,,,4/11/2024 3:31pm,,,,,,,,,
"Ice Cream, 5 Quart Pail: Chocolate, Vanilla","Dairy, Eggs, & Cheese",Ice Cream & Frozen Yogurt,5 Qt. Pail,,Mercer's Dairy ,,Mercer's Dairy ,,Yes,NY Grown & Certified ,Mercers Dairy NY GC cert.pdf (https://v5.airtableusercontent.com/v3/u/42/42/1749600000000/lW4L4un3ElJtmzTUq_KP7g/u1PNSsmsRs5w7PPJLwnI9sqwg-5ub_tdBOAb7faLo5_2DDZV34iGF6_Q_xiwnjKL1Gzoqr5xX6WqoZ7AgyfwKfeUEJcngi94MsbNG-Xk74QV3vmUtvBH70cAj48unNLDAzBwuTh0FRMmr9_an3cGUaKva5gB7F4kH2IMHpcVRRE/ct4RpXOjLxKTWtVr4zIsEi9JPaH_-HT-IVsm3VRqFaI),Mercer's Dairy Product and Ingredient List.pdf (https://v5.airtableusercontent.com/v3/u/42/42/1749600000000/iU2YuLkRmUcGipOA0PV6pw/A2KfIPOD5Ei6JOki7rte46x3-o-e9eGF76DSIgTm3mQWcVA3LKlFrocj8ieQhyaJjuGYQddyA7pnFYPBGPYaSx2MlJoZ-PkoieO6wJ6KSdpxi235Ky6JzOPErlEWBWV7STUHKzopF1898NU-rFqjvrWXuXAwNahcUzox9B11ZmhSWaZxeA4ETRkN0nd-NIZj/PlkyAAOtg7vX0OI0wCXM-eCrFOkceS-v2_crXsNuBNU),,,,,,4/11/2024 3:31pm,,,Mercer's Dairy ,Mercer's Dairy ,,,,,
"Ice Cream, Pints: See Product Catalog for flavors","Dairy, Eggs, & Cheese",Ice Cream & Frozen Yogurt,Pint,8/cs,Mercer's Dairy ,,Mercer's Dairy ,,Yes,NY Grown & Certified ,Mercers Dairy NY GC cert.pdf (https://v5.airtableusercontent.com/v3/u/42/42/1749600000000/lW4L4un3ElJtmzTUq_KP7g/u1PNSsmsRs5w7PPJLwnI9sqwg-5ub_tdBOAb7faLo5_2DDZV34iGF6_Q_xiwnjKL1Gzoqr5xX6WqoZ7AgyfwKfeUEJcngi94MsbNG-Xk74QV3vmUtvBH70cAj48unNLDAzBwuTh0FRMmr9_an3cGUaKva5gB7F4kH2IMHpcVRRE/ct4RpXOjLxKTWtVr4zIsEi9JPaH_-HT-IVsm3VRqFaI),Mercer's Dairy Product and Ingredient List.pdf (https://v5.airtableusercontent.com/v3/u/42/42/1749600000000/iU2YuLkRmUcGipOA0PV6pw/A2KfIPOD5Ei6JOki7rte46x3-o-e9eGF76DSIgTm3mQWcVA3LKlFrocj8ieQhyaJjuGYQddyA7pnFYPBGPYaSx2MlJoZ-PkoieO6wJ6KSdpxi235Ky6JzOPErlEWBWV7STUHKzopF1898NU-rFqjvrWXuXAwNahcUzox9B11ZmhSWaZxeA4ETRkN0nd-NIZj/PlkyAAOtg7vX0OI0wCXM-eCrFOkceS-v2_crXsNuBNU),,,,,,4/11/2024 3:31pm,,,Mercer's Dairy ,Mercer's Dairy ,,,,,
"Ice Cream Sandwiches: Vanilla, Chocolate, Vanilla/Chocolate","Dairy, Eggs, & Cheese",Ice Cream & Frozen Yogurt,Individual Ice Cream Sandwiches sold separately,,Mercer's Dairy ,,Mercer's Dairy ,,Yes,NY Grown & Certified ,Mercers Dairy NY GC cert.pdf (https://v5.airtableusercontent.com/v3/u/42/42/1749600000000/lW4L4un3ElJtmzTUq_KP7g/u1PNSsmsRs5w7PPJLwnI9sqwg-5ub_tdBOAb7faLo5_2DDZV34iGF6_Q_xiwnjKL1Gzoqr5xX6WqoZ7AgyfwKfeUEJcngi94MsbNG-Xk74QV3vmUtvBH70cAj48unNLDAzBwuTh0FRMmr9_an3cGUaKva5gB7F4kH2IMHpcVRRE/ct4RpXOjLxKTWtVr4zIsEi9JPaH_-HT-IVsm3VRqFaI),Mercer's Dairy Product and Ingredient List.pdf (https://v5.airtableusercontent.com/v3/u/42/42/1749600000000/iU2YuLkRmUcGipOA0PV6pw/A2KfIPOD5Ei6JOki7rte46x3-o-e9eGF76DSIgTm3mQWcVA3LKlFrocj8ieQhyaJjuGYQddyA7pnFYPBGPYaSx2MlJoZ-PkoieO6wJ6KSdpxi235Ky6JzOPErlEWBWV7STUHKzopF1898NU-rFqjvrWXuXAwNahcUzox9B11ZmhSWaZxeA4ETRkN0nd-NIZj/PlkyAAOtg7vX0OI0wCXM-eCrFOkceS-v2_crXsNuBNU),,,,,,4/11/2024 3:31pm,,,Mercer's Dairy ,Mercer's Dairy ,,,,,
"Ice Cream, Half Gallon: See Product Catalog for flavors","Dairy, Eggs, & Cheese",Ice Cream & Frozen Yogurt,Half Gallon,,Mercer's Dairy ,,Mercer's Dairy ,,Yes,NY Grown & Certified ,Mercers Dairy NY GC cert.pdf (https://v5.airtableusercontent.com/v3/u/42/42/1749600000000/lW4L4un3ElJtmzTUq_KP7g/u1PNSsmsRs5w7PPJLwnI9sqwg-5ub_tdBOAb7faLo5_2DDZV34iGF6_Q_xiwnjKL1Gzoqr5xX6WqoZ7AgyfwKfeUEJcngi94MsbNG-Xk74QV3vmUtvBH70cAj48unNLDAzBwuTh0FRMmr9_an3cGUaKva5gB7F4kH2IMHpcVRRE/ct4RpXOjLxKTWtVr4zIsEi9JPaH_-HT-IVsm3VRqFaI),Mercer's Dairy Product and Ingredient List.pdf (https://v5.airtableusercontent.com/v3/u/42/42/1749600000000/iU2YuLkRmUcGipOA0PV6pw/A2KfIPOD5Ei6JOki7rte46x3-o-e9eGF76DSIgTm3mQWcVA3LKlFrocj8ieQhyaJjuGYQddyA7pnFYPBGPYaSx2MlJoZ-PkoieO6wJ6KSdpxi235Ky6JzOPErlEWBWV7STUHKzopF1898NU-rFqjvrWXuXAwNahcUzox9B11ZmhSWaZxeA4ETRkN0nd-NIZj/PlkyAAOtg7vX0OI0wCXM-eCrFOkceS-v2_crXsNuBNU),,,,,,4/11/2024 3:31pm,,,Mercer's Dairy ,Mercer's Dairy ,,,,,
"Ice Cream, 3 Gallon Tub: See Product Category for flavors","Dairy, Eggs, & Cheese",Ice Cream & Frozen Yogurt,3 Gal. Tub,,Mercer's Dairy ,,Mercer's Dairy ,,Yes,NY Grown & Certified ,Mercers Dairy NY GC cert.pdf (https://v5.airtableusercontent.com/v3/u/42/42/1749600000000/lW4L4un3ElJtmzTUq_KP7g/u1PNSsmsRs5w7PPJLwnI9sqwg-5ub_tdBOAb7faLo5_2DDZV34iGF6_Q_xiwnjKL1Gzoqr5xX6WqoZ7AgyfwKfeUEJcngi94MsbNG-Xk74QV3vmUtvBH70cAj48unNLDAzBwuTh0FRMmr9_an3cGUaKva5gB7F4kH2IMHpcVRRE/ct4RpXOjLxKTWtVr4zIsEi9JPaH_-HT-IVsm3VRqFaI),Mercers Dairy Product Menu and Ingredient List.pdf (https://v5.airtableusercontent.com/v3/u/42/42/1749600000000/hSgvcnocSLYq3z3sV0S9lg/7syIQ5hKVHcHpcnP9yVNN20hLLKXie59vCaecGMQZNh0tIgeEliBDDkhPh_qynsneyebdZKv7WM-jBp9qSOQ1JQ2yEQunw6rDbT6MRPZ5GBR0gUQghBWPgSlF4Str6xjuiiLyg4qnK8J4yjGkrQ-qO8DKz3a5cGKIoZpghWCNFX9BUWEIDWnDQ2znOTFKRgt/nhiwvI1C-KsaS3oVCcwsEev-Gk6AJr_zGJOxi7E5ClE),,,,,,4/11/2024 3:31pm,,,Mercer's Dairy ,Mercer's Dairy ,,,,,
"Ice Cream, 3 Gal, 1 Gal, 1.5 Quart, Pint, See List for Eligible Flavors","Dairy, Eggs, & Cheese",Ice Cream & Frozen Yogurt,See list of approved flavors,Varies,Perry's Ice Cream,Varies (check product sheet),"Huff ,Gilette Creamery,Marina Ice Cream Corp",,Yes,NY Grown & Certified ,Perry's_NYG&C.pdf (https://v5.airtableusercontent.com/v3/u/42/42/1749600000000/PAXSoVuIdZ7CzaMLTxfwXQ/7izvlm-NuLl9rSTVaSN1g5IydGXXTbh6CcGoGtNk1roG-Ym3tAf2-mseu7EwVg_bF4RYUkTNCA2j3cBlkjomHy65QQNDaFu_WDa0z4d7WkkgB-ogY71G5tRnDXuSoQJBKtnQ6iVYryVhAlRV11MO7Q/ITSiExwD-Zv8T-SVyidCwkg7ejO6vbWNY4ltgutqSjI),Perry's Qualifying Products.pdf (https://v5.airtableusercontent.com/v3/u/42/42/1749600000000/PwSjAQHQGdDBEgylju2waw/umfchtlDALZ8mPmg7wCHKO19js9SOZ6rFCtZNTMOLm1rWN1z2V1cfAasoeT52NED28KoaJVL9OBgWYnxAlrCF4xbE0F_fLJBPI8srqInVwGsu3ogN9h9Chr0TMVK6OJ4kR5VtOTAxAxG5U1PuYBy74Ie4Ht2asQooeOk_g05iQo/HP1MX9_4ulUxH3y-RfJIpmWOSjG4cUD410KwY0CJJqE),,,,,,4/11/2024 3:31pm,,,Perry's Ice Cream,"Huff , Gilette Creamery, Marina Ice Cream Corp",,,,,
"Ice Cream, Vanilla Sandwiches","Dairy, Eggs, & Cheese",Ice Cream & Frozen Yogurt,Vanilla Sandwiches,24/cs,Perry's Ice Cream,Varies (check product sheet),"Huff ,Gilette Creamery,Marina Ice Cream Corp",,Yes,NY Grown & Certified ,Perry's_NYG&C.pdf (https://v5.airtableusercontent.com/v3/u/42/42/1749600000000/PAXSoVuIdZ7CzaMLTxfwXQ/7izvlm-NuLl9rSTVaSN1g5IydGXXTbh6CcGoGtNk1roG-Ym3tAf2-mseu7EwVg_bF4RYUkTNCA2j3cBlkjomHy65QQNDaFu_WDa0z4d7WkkgB-ogY71G5tRnDXuSoQJBKtnQ6iVYryVhAlRV11MO7Q/ITSiExwD-Zv8T-SVyidCwkg7ejO6vbWNY4ltgutqSjI),Perry's Qualifying Products.pdf (https://v5.airtableusercontent.com/v3/u/42/42/1749600000000/PwSjAQHQGdDBEgylju2waw/umfchtlDALZ8mPmg7wCHKO19js9SOZ6rFCtZNTMOLm1rWN1z2V1cfAasoeT52NED28KoaJVL9OBgWYnxAlrCF4xbE0F_fLJBPI8srqInVwGsu3ogN9h9Chr0TMVK6OJ4kR5VtOTAxAxG5U1PuYBy74Ie4Ht2asQooeOk_g05iQo/HP1MX9_4ulUxH3y-RfJIpmWOSjG4cUD410KwY0CJJqE),,,,,,4/11/2024 3:31pm,,,Perry's Ice Cream,"Huff , Gilette Creamery, Marina Ice Cream Corp",,,,,
"Ice Cream, Stick Barista Bars","Dairy, Eggs, & Cheese",Ice Cream & Frozen Yogurt,"Chai Latte, Cold Brew Coffee, Mocha Latte",6/box (retail pack),Perry's Ice Cream,Varies (check product sheet),"Huff ,Gilette Creamery,Marina Ice Cream Corp",,Yes,NY Grown & Certified ,Perry's_NYG&C.pdf (https://v5.airtableusercontent.com/v3/u/42/42/1749600000000/PAXSoVuIdZ7CzaMLTxfwXQ/7izvlm-NuLl9rSTVaSN1g5IydGXXTbh6CcGoGtNk1roG-Ym3tAf2-mseu7EwVg_bF4RYUkTNCA2j3cBlkjomHy65QQNDaFu_WDa0z4d7WkkgB-ogY71G5tRnDXuSoQJBKtnQ6iVYryVhAlRV11MO7Q/ITSiExwD-Zv8T-SVyidCwkg7ejO6vbWNY4ltgutqSjI),Perry's Qualifying Products.pdf (https://v5.airtableusercontent.com/v3/u/42/42/1749600000000/PwSjAQHQGdDBEgylju2waw/umfchtlDALZ8mPmg7wCHKO19js9SOZ6rFCtZNTMOLm1rWN1z2V1cfAasoeT52NED28KoaJVL9OBgWYnxAlrCF4xbE0F_fLJBPI8srqInVwGsu3ogN9h9Chr0TMVK6OJ4kR5VtOTAxAxG5U1PuYBy74Ie4Ht2asQooeOk_g05iQo/HP1MX9_4ulUxH3y-RfJIpmWOSjG4cUD410KwY0CJJqE),,,,,,4/11/2024 3:31pm,,,Perry's Ice Cream,"Huff , Gilette Creamery, Marina Ice Cream Corp",,,,,
"Ice Cream Mix, Super Premium, 14%","Dairy, Eggs, & Cheese",Ice Cream & Frozen Yogurt,2.5 Gal.,2/cs,Upstate Niagara Cooperative Inc.,7057,"Upstate Niagara Cooperative Inc.,Latina Boulevard,Renzi Foodservice,Depew Dairy,Hudson Dairy,US Foods Buffalo",,Yes,NY Grown & Certified ,Mercers Dairy NY GC cert.pdf (https://v5.airtableusercontent.com/v3/u/42/42/1749600000000/lW4L4un3ElJtmzTUq_KP7g/u1PNSsmsRs5w7PPJLwnI9sqwg-5ub_tdBOAb7faLo5_2DDZV34iGF6_Q_xiwnjKL1Gzoqr5xX6WqoZ7AgyfwKfeUEJcngi94MsbNG-Xk74QV3vmUtvBH70cAj48unNLDAzBwuTh0FRMmr9_an3cGUaKva5gB7F4kH2IMHpcVRRE/ct4RpXOjLxKTWtVr4zIsEi9JPaH_-HT-IVsm3VRqFaI),Upstate 2023.pdf (https://v5.airtableusercontent.com/v3/u/42/42/1749600000000/wsNdxLYajRuA9lrCOoLNlg/HIbf7bEyGDY6yRBCs-IFPq6ibpCAO3QClJCFKqvcMTKm4wHJ1UbCNRg03mqiZR5YPFz6gdVmD7TVZz2z9atK6ArqsZ8G02CBHcoCh6VCS63IDuyroH2ORhwykxCM-BgTHQtOGxNp0ifrQ1VSeBN2kQ/fpwjcOkhUaalwg5XhUzwj2Za6QkLTWzFr7eHpJl17B8),,,,,,4/11/2024 3:31pm,,,"""Upstate Niagara Cooperative, Inc.""","Hudson Dairy, Depew Dairy, ""Upstate Niagara Cooperative, Inc."", Latina Boulevard, Renzi Foodservice",,,,,
"Ice Cream Mix, Hard Serve, 16%","Dairy, Eggs, & Cheese",Ice Cream & Frozen Yogurt,1 Gal.,2/cs,Upstate Niagara Cooperative Inc.,7069,"Upstate Niagara Cooperative Inc.,Latina Boulevard,Renzi Foodservice,Depew Dairy,Hudson Dairy,US Foods Buffalo",,Yes,NY Grown & Certified ,Upstate Niagara Cooperative Certificate.pdf (https://v5.airtableusercontent.com/v3/u/42/42/1749600000000/oSLLuxiohSZ2B0ouBNVPOQ/MwKv5G_c5d_TVm0tsiXr6L5Eyr_KSTb2qbDrctYtdya6JhqNumiJPrV76uFF-a9cAnYasXv-X5CDILR7lYlAIWr2FFb8T0aZ2HajsfP6J1YvxEWq45umI-N7Zh6F5b68UlXrxYW1fSZr5gMMexC0MfK4jWo9u5lHhqVcUS4OHESJIdzg9zq9vKI0xK7HMJGe/ByczUdXTXt8RzQGlfJ3onYJytlo3gsE4UhCFYfJfyi8),Upstate 2023.pdf (https://v5.airtableusercontent.com/v3/u/42/42/1749600000000/wsNdxLYajRuA9lrCOoLNlg/HIbf7bEyGDY6yRBCs-IFPq6ibpCAO3QClJCFKqvcMTKm4wHJ1UbCNRg03mqiZR5YPFz6gdVmD7TVZz2z9atK6ArqsZ8G02CBHcoCh6VCS63IDuyroH2ORhwykxCM-BgTHQtOGxNp0ifrQ1VSeBN2kQ/fpwjcOkhUaalwg5XhUzwj2Za6QkLTWzFr7eHpJl17B8),,,,,,4/11/2024 3:31pm,,,"""Upstate Niagara Cooperative, Inc.""","Hudson Dairy, Depew Dairy, ""Upstate Niagara Cooperative, Inc."", Latina Boulevard, Renzi Foodservice",,,,,
"Shake Use Mix, Vanilla, Low-fat 3.5%","Dairy, Eggs, & Cheese",Ice Cream & Frozen Yogurt,1 Gal.,4/cs,Upstate Niagara Cooperative Inc.,7101,"Upstate Niagara Cooperative Inc.,Latina Boulevard,Renzi Foodservice,Depew Dairy,Hudson Dairy",,Yes,NY Grown & Certified ,Upstate Niagara Cooperative Certificate.pdf (https://v5.airtableusercontent.com/v3/u/42/42/1749600000000/oSLLuxiohSZ2B0ouBNVPOQ/MwKv5G_c5d_TVm0tsiXr6L5Eyr_KSTb2qbDrctYtdya6JhqNumiJPrV76uFF-a9cAnYasXv-X5CDILR7lYlAIWr2FFb8T0aZ2HajsfP6J1YvxEWq45umI-N7Zh6F5b68UlXrxYW1fSZr5gMMexC0MfK4jWo9u5lHhqVcUS4OHESJIdzg9zq9vKI0xK7HMJGe/ByczUdXTXt8RzQGlfJ3onYJytlo3gsE4UhCFYfJfyi8),Upstate 2023.pdf (https://v5.airtableusercontent.com/v3/u/42/42/1749600000000/wsNdxLYajRuA9lrCOoLNlg/HIbf7bEyGDY6yRBCs-IFPq6ibpCAO3QClJCFKqvcMTKm4wHJ1UbCNRg03mqiZR5YPFz6gdVmD7TVZz2z9atK6ArqsZ8G02CBHcoCh6VCS63IDuyroH2ORhwykxCM-BgTHQtOGxNp0ifrQ1VSeBN2kQ/fpwjcOkhUaalwg5XhUzwj2Za6QkLTWzFr7eHpJl17B8),,,,,,4/11/2024 3:31pm,,,"""Upstate Niagara Cooperative, Inc.""","Hudson Dairy, Depew Dairy, ""Upstate Niagara Cooperative, Inc."", Latina Boulevard, Renzi Foodservice",,,,,
"Custard Mix, 10%: Chocolate, Vanilla","Dairy, Eggs, & Cheese",Ice Cream & Frozen Yogurt,1 Gal.,4/cs,Upstate Niagara Cooperative Inc.,7003,"Upstate Niagara Cooperative Inc.,Latina Boulevard,Renzi Foodservice,Depew Dairy,Hudson Dairy,US Foods Buffalo",,Yes,NY Grown & Certified ,Upstate Niagara Cooperative Certificate.pdf (https://v5.airtableusercontent.com/v3/u/42/42/1749600000000/oSLLuxiohSZ2B0ouBNVPOQ/MwKv5G_c5d_TVm0tsiXr6L5Eyr_KSTb2qbDrctYtdya6JhqNumiJPrV76uFF-a9cAnYasXv-X5CDILR7lYlAIWr2FFb8T0aZ2HajsfP6J1YvxEWq45umI-N7Zh6F5b68UlXrxYW1fSZr5gMMexC0MfK4jWo9u5lHhqVcUS4OHESJIdzg9zq9vKI0xK7HMJGe/ByczUdXTXt8RzQGlfJ3onYJytlo3gsE4UhCFYfJfyi8),Upstate 2023.pdf (https://v5.airtableusercontent.com/v3/u/42/42/1749600000000/wsNdxLYajRuA9lrCOoLNlg/HIbf7bEyGDY6yRBCs-IFPq6ibpCAO3QClJCFKqvcMTKm4wHJ1UbCNRg03mqiZR5YPFz6gdVmD7TVZz2z9atK6ArqsZ8G02CBHcoCh6VCS63IDuyroH2ORhwykxCM-BgTHQtOGxNp0ifrQ1VSeBN2kQ/fpwjcOkhUaalwg5XhUzwj2Za6QkLTWzFr7eHpJl17B8),,,,,,4/11/2024 3:31pm,,,"""Upstate Niagara Cooperative, Inc.""","Hudson Dairy, Depew Dairy, ""Upstate Niagara Cooperative, Inc."", Latina Boulevard, Renzi Foodservice",,,,,
"Custard Mix, 12%, French Vanilla ","Dairy, Eggs, & Cheese",Ice Cream & Frozen Yogurt,1 Gal.,4/cs,Upstate Niagara Cooperative Inc.,7002,"Upstate Niagara Cooperative Inc.,Latina Boulevard,Renzi Foodservice,Depew Dairy,Hudson Dairy,US Foods Buffalo",,Yes,NY Grown & Certified ,Upstate Niagara Cooperative Certificate.pdf (https://v5.airtableusercontent.com/v3/u/42/42/1749600000000/oSLLuxiohSZ2B0ouBNVPOQ/MwKv5G_c5d_TVm0tsiXr6L5Eyr_KSTb2qbDrctYtdya6JhqNumiJPrV76uFF-a9cAnYasXv-X5CDILR7lYlAIWr2FFb8T0aZ2HajsfP6J1YvxEWq45umI-N7Zh6F5b68UlXrxYW1fSZr5gMMexC0MfK4jWo9u5lHhqVcUS4OHESJIdzg9zq9vKI0xK7HMJGe/ByczUdXTXt8RzQGlfJ3onYJytlo3gsE4UhCFYfJfyi8),Upstate 2023.pdf (https://v5.airtableusercontent.com/v3/u/42/42/1749600000000/wsNdxLYajRuA9lrCOoLNlg/HIbf7bEyGDY6yRBCs-IFPq6ibpCAO3QClJCFKqvcMTKm4wHJ1UbCNRg03mqiZR5YPFz6gdVmD7TVZz2z9atK6ArqsZ8G02CBHcoCh6VCS63IDuyroH2ORhwykxCM-BgTHQtOGxNp0ifrQ1VSeBN2kQ/fpwjcOkhUaalwg5XhUzwj2Za6QkLTWzFr7eHpJl17B8),,,,,,4/11/2024 3:31pm,,,"""Upstate Niagara Cooperative, Inc.""","Hudson Dairy, Depew Dairy, ""Upstate Niagara Cooperative, Inc."", Latina Boulevard, Renzi Foodservice",,,,,
"Soft Serve Mix, Lactose-free, 10%, 4/cs: Vanilla","Dairy, Eggs, & Cheese",Ice Cream & Frozen Yogurt,1 Gal.,4/cs,Upstate Niagara Cooperative Inc.,7293,"Upstate Niagara Cooperative Inc.,Latina Boulevard,Renzi Foodservice,Depew Dairy,Hudson Dairy",,Yes,NY Grown & Certified ,Upstate Niagara Cooperative Certificate.pdf (https://v5.airtableusercontent.com/v3/u/42/42/1749600000000/oSLLuxiohSZ2B0ouBNVPOQ/MwKv5G_c5d_TVm0tsiXr6L5Eyr_KSTb2qbDrctYtdya6JhqNumiJPrV76uFF-a9cAnYasXv-X5CDILR7lYlAIWr2FFb8T0aZ2HajsfP6J1YvxEWq45umI-N7Zh6F5b68UlXrxYW1fSZr5gMMexC0MfK4jWo9u5lHhqVcUS4OHESJIdzg9zq9vKI0xK7HMJGe/ByczUdXTXt8RzQGlfJ3onYJytlo3gsE4UhCFYfJfyi8),Upstate 2023.pdf (https://v5.airtableusercontent.com/v3/u/42/42/1749600000000/wsNdxLYajRuA9lrCOoLNlg/HIbf7bEyGDY6yRBCs-IFPq6ibpCAO3QClJCFKqvcMTKm4wHJ1UbCNRg03mqiZR5YPFz6gdVmD7TVZz2z9atK6ArqsZ8G02CBHcoCh6VCS63IDuyroH2ORhwykxCM-BgTHQtOGxNp0ifrQ1VSeBN2kQ/fpwjcOkhUaalwg5XhUzwj2Za6QkLTWzFr7eHpJl17B8),,,,,,4/11/2024 3:31pm,,,"""Upstate Niagara Cooperative, Inc.""","Hudson Dairy, Depew Dairy, ""Upstate Niagara Cooperative, Inc."", Latina Boulevard, Renzi Foodservice",,,,,
"Soft Serve Mix, Nonfat Chocolate with Splenda","Dairy, Eggs, & Cheese",Ice Cream & Frozen Yogurt,1 Gal. ,4/cs,Upstate Niagara Cooperative Inc.,7131,"Upstate Niagara Cooperative Inc.,Latina Boulevard,Renzi Foodservice,Depew Dairy,Hudson Dairy",,Yes,NY Grown & Certified ,Upstate Niagara Cooperative Certificate.pdf (https://v5.airtableusercontent.com/v3/u/42/42/1749600000000/oSLLuxiohSZ2B0ouBNVPOQ/MwKv5G_c5d_TVm0tsiXr6L5Eyr_KSTb2qbDrctYtdya6JhqNumiJPrV76uFF-a9cAnYasXv-X5CDILR7lYlAIWr2FFb8T0aZ2HajsfP6J1YvxEWq45umI-N7Zh6F5b68UlXrxYW1fSZr5gMMexC0MfK4jWo9u5lHhqVcUS4OHESJIdzg9zq9vKI0xK7HMJGe/ByczUdXTXt8RzQGlfJ3onYJytlo3gsE4UhCFYfJfyi8),Upstate 2023.pdf (https://v5.airtableusercontent.com/v3/u/42/42/1749600000000/wsNdxLYajRuA9lrCOoLNlg/HIbf7bEyGDY6yRBCs-IFPq6ibpCAO3QClJCFKqvcMTKm4wHJ1UbCNRg03mqiZR5YPFz6gdVmD7TVZz2z9atK6ArqsZ8G02CBHcoCh6VCS63IDuyroH2ORhwykxCM-BgTHQtOGxNp0ifrQ1VSeBN2kQ/fpwjcOkhUaalwg5XhUzwj2Za6QkLTWzFr7eHpJl17B8),,,,,,4/10/2025 4:34pm,,,"""Upstate Niagara Cooperative, Inc.""","Hudson Dairy, Depew Dairy, ""Upstate Niagara Cooperative, Inc."", Latina Boulevard, Renzi Foodservice",,,,,
"Soft Serve Mix, Nonfat Vanilla with Splenda","Dairy, Eggs, & Cheese",Ice Cream & Frozen Yogurt,1 Gal.,4/cs,Upstate Niagara Cooperative Inc.,7130,"Upstate Niagara Cooperative Inc.,Latina Boulevard,Renzi Foodservice,Depew Dairy,Hudson Dairy",,Yes,NY Grown & Certified ,Upstate Niagara Cooperative Certificate.pdf (https://v5.airtableusercontent.com/v3/u/42/42/1749600000000/oSLLuxiohSZ2B0ouBNVPOQ/MwKv5G_c5d_TVm0tsiXr6L5Eyr_KSTb2qbDrctYtdya6JhqNumiJPrV76uFF-a9cAnYasXv-X5CDILR7lYlAIWr2FFb8T0aZ2HajsfP6J1YvxEWq45umI-N7Zh6F5b68UlXrxYW1fSZr5gMMexC0MfK4jWo9u5lHhqVcUS4OHESJIdzg9zq9vKI0xK7HMJGe/ByczUdXTXt8RzQGlfJ3onYJytlo3gsE4UhCFYfJfyi8),Upstate 2023.pdf (https://v5.airtableusercontent.com/v3/u/42/42/1749600000000/wsNdxLYajRuA9lrCOoLNlg/HIbf7bEyGDY6yRBCs-IFPq6ibpCAO3QClJCFKqvcMTKm4wHJ1UbCNRg03mqiZR5YPFz6gdVmD7TVZz2z9atK6ArqsZ8G02CBHcoCh6VCS63IDuyroH2ORhwykxCM-BgTHQtOGxNp0ifrQ1VSeBN2kQ/fpwjcOkhUaalwg5XhUzwj2Za6QkLTWzFr7eHpJl17B8),,,,,,4/10/2025 4:34pm,,,"""Upstate Niagara Cooperative, Inc.""","Hudson Dairy, Depew Dairy, ""Upstate Niagara Cooperative, Inc."", Latina Boulevard, Renzi Foodservice",,,,,
"Ice Cream Mix, 5% Reduced Fat: Chocolate, Vanilla","Dairy, Eggs, & Cheese",Ice Cream & Frozen Yogurt,1 Gal.,4/cs,Upstate Niagara Cooperative Inc.,7121,"Upstate Niagara Cooperative Inc.,Latina Boulevard,Renzi Foodservice,Depew Dairy,Hudson Dairy,US Foods Buffalo",,Yes,NY Grown & Certified ,Upstate Niagara Cooperative Certificate.pdf (https://v5.airtableusercontent.com/v3/u/42/42/1749600000000/oSLLuxiohSZ2B0ouBNVPOQ/MwKv5G_c5d_TVm0tsiXr6L5Eyr_KSTb2qbDrctYtdya6JhqNumiJPrV76uFF-a9cAnYasXv-X5CDILR7lYlAIWr2FFb8T0aZ2HajsfP6J1YvxEWq45umI-N7Zh6F5b68UlXrxYW1fSZr5gMMexC0MfK4jWo9u5lHhqVcUS4OHESJIdzg9zq9vKI0xK7HMJGe/ByczUdXTXt8RzQGlfJ3onYJytlo3gsE4UhCFYfJfyi8),Upstate 2023.pdf (https://v5.airtableusercontent.com/v3/u/42/42/1749600000000/wsNdxLYajRuA9lrCOoLNlg/HIbf7bEyGDY6yRBCs-IFPq6ibpCAO3QClJCFKqvcMTKm4wHJ1UbCNRg03mqiZR5YPFz6gdVmD7TVZz2z9atK6ArqsZ8G02CBHcoCh6VCS63IDuyroH2ORhwykxCM-BgTHQtOGxNp0ifrQ1VSeBN2kQ/fpwjcOkhUaalwg5XhUzwj2Za6QkLTWzFr7eHpJl17B8),,,,,,4/11/2024 3:31pm,,,"""Upstate Niagara Cooperative, Inc.""","Hudson Dairy, Depew Dairy, ""Upstate Niagara Cooperative, Inc."", Latina Boulevard, Renzi Foodservice",,,,,
"Soft Serve Mix, 10%: Chocolate, Vanilla","Dairy, Eggs, & Cheese",Ice Cream & Frozen Yogurt,1 Gal. ,4/cs,Upstate Niagara Cooperative Inc.,7109,"Upstate Niagara Cooperative Inc.,Latina Boulevard,Renzi Foodservice,Depew Dairy,Hudson Dairy",,Yes,NY Grown & Certified ,Upstate Niagara Cooperative Certificate.pdf (https://v5.airtableusercontent.com/v3/u/42/42/1749600000000/oSLLuxiohSZ2B0ouBNVPOQ/MwKv5G_c5d_TVm0tsiXr6L5Eyr_KSTb2qbDrctYtdya6JhqNumiJPrV76uFF-a9cAnYasXv-X5CDILR7lYlAIWr2FFb8T0aZ2HajsfP6J1YvxEWq45umI-N7Zh6F5b68UlXrxYW1fSZr5gMMexC0MfK4jWo9u5lHhqVcUS4OHESJIdzg9zq9vKI0xK7HMJGe/ByczUdXTXt8RzQGlfJ3onYJytlo3gsE4UhCFYfJfyi8),Upstate 2023.pdf (https://v5.airtableusercontent.com/v3/u/42/42/1749600000000/wsNdxLYajRuA9lrCOoLNlg/HIbf7bEyGDY6yRBCs-IFPq6ibpCAO3QClJCFKqvcMTKm4wHJ1UbCNRg03mqiZR5YPFz6gdVmD7TVZz2z9atK6ArqsZ8G02CBHcoCh6VCS63IDuyroH2ORhwykxCM-BgTHQtOGxNp0ifrQ1VSeBN2kQ/fpwjcOkhUaalwg5XhUzwj2Za6QkLTWzFr7eHpJl17B8),,,,,,4/11/2024 3:31pm,,,"""Upstate Niagara Cooperative, Inc.""","Hudson Dairy, Depew Dairy, ""Upstate Niagara Cooperative, Inc."", Latina Boulevard, Renzi Foodservice",,,,,
"Frozen Yogurt Mix, Fat Free Vanilla","Dairy, Eggs, & Cheese",Ice Cream & Frozen Yogurt,1 Gal.,4/cs,Upstate Niagara Cooperative Inc.,9600,"Upstate Niagara Cooperative Inc.,Latina Boulevard,Renzi Foodservice,Depew Dairy,Hudson Dairy,US Foods Buffalo",,Yes,NY Grown & Certified ,Upstate Niagara Cooperative Certificate.pdf (https://v5.airtableusercontent.com/v3/u/42/42/1749600000000/oSLLuxiohSZ2B0ouBNVPOQ/MwKv5G_c5d_TVm0tsiXr6L5Eyr_KSTb2qbDrctYtdya6JhqNumiJPrV76uFF-a9cAnYasXv-X5CDILR7lYlAIWr2FFb8T0aZ2HajsfP6J1YvxEWq45umI-N7Zh6F5b68UlXrxYW1fSZr5gMMexC0MfK4jWo9u5lHhqVcUS4OHESJIdzg9zq9vKI0xK7HMJGe/ByczUdXTXt8RzQGlfJ3onYJytlo3gsE4UhCFYfJfyi8),Upstate 2023.pdf (https://v5.airtableusercontent.com/v3/u/42/42/1749600000000/wsNdxLYajRuA9lrCOoLNlg/HIbf7bEyGDY6yRBCs-IFPq6ibpCAO3QClJCFKqvcMTKm4wHJ1UbCNRg03mqiZR5YPFz6gdVmD7TVZz2z9atK6ArqsZ8G02CBHcoCh6VCS63IDuyroH2ORhwykxCM-BgTHQtOGxNp0ifrQ1VSeBN2kQ/fpwjcOkhUaalwg5XhUzwj2Za6QkLTWzFr7eHpJl17B8),,,,,,4/10/2025 4:36pm,,,"""Upstate Niagara Cooperative, Inc.""","Hudson Dairy, Depew Dairy, ""Upstate Niagara Cooperative, Inc."", Latina Boulevard, Renzi Foodservice",,,,,
"Frozen Yogurt Mix, Low Fat Vanilla","Dairy, Eggs, & Cheese",Ice Cream & Frozen Yogurt,1 Gal.,4/cs,Upstate Niagara Cooperative Inc.,9446,"Upstate Niagara Cooperative Inc.,Latina Boulevard,Renzi Foodservice,Depew Dairy,Hudson Dairy",,Yes,NY Grown & Certified ,Upstate Niagara Cooperative Certificate.pdf (https://v5.airtableusercontent.com/v3/u/42/42/1749600000000/oSLLuxiohSZ2B0ouBNVPOQ/MwKv5G_c5d_TVm0tsiXr6L5Eyr_KSTb2qbDrctYtdya6JhqNumiJPrV76uFF-a9cAnYasXv-X5CDILR7lYlAIWr2FFb8T0aZ2HajsfP6J1YvxEWq45umI-N7Zh6F5b68UlXrxYW1fSZr5gMMexC0MfK4jWo9u5lHhqVcUS4OHESJIdzg9zq9vKI0xK7HMJGe/ByczUdXTXt8RzQGlfJ3onYJytlo3gsE4UhCFYfJfyi8),Upstate 2023.pdf (https://v5.airtableusercontent.com/v3/u/42/42/1749600000000/wsNdxLYajRuA9lrCOoLNlg/HIbf7bEyGDY6yRBCs-IFPq6ibpCAO3QClJCFKqvcMTKm4wHJ1UbCNRg03mqiZR5YPFz6gdVmD7TVZz2z9atK6ArqsZ8G02CBHcoCh6VCS63IDuyroH2ORhwykxCM-BgTHQtOGxNp0ifrQ1VSeBN2kQ/fpwjcOkhUaalwg5XhUzwj2Za6QkLTWzFr7eHpJl17B8),,,,,,4/10/2025 4:36pm,,,"""Upstate Niagara Cooperative, Inc.""","Hudson Dairy, Depew Dairy, ""Upstate Niagara Cooperative, Inc."", Latina Boulevard, Renzi Foodservice",,,,,
"Ice Cream Mix, Vanilla Custard, Gallon","Dairy, Eggs, & Cheese",Ice Cream & Frozen Yogurt,1 Gal.,4/cs,Upstate Niagara Cooperative Inc.,7001,"Upstate Niagara Cooperative Inc.,Latina Boulevard,Renzi Foodservice,Depew Dairy,Hudson Dairy,US Foods Buffalo",,Yes,NY Grown & Certified ,Mercers Dairy NY GC cert.pdf (https://v5.airtableusercontent.com/v3/u/42/42/1749600000000/lW4L4un3ElJtmzTUq_KP7g/u1PNSsmsRs5w7PPJLwnI9sqwg-5ub_tdBOAb7faLo5_2DDZV34iGF6_Q_xiwnjKL1Gzoqr5xX6WqoZ7AgyfwKfeUEJcngi94MsbNG-Xk74QV3vmUtvBH70cAj48unNLDAzBwuTh0FRMmr9_an3cGUaKva5gB7F4kH2IMHpcVRRE/ct4RpXOjLxKTWtVr4zIsEi9JPaH_-HT-IVsm3VRqFaI),Upstate 2023.pdf (https://v5.airtableusercontent.com/v3/u/42/42/1749600000000/wsNdxLYajRuA9lrCOoLNlg/HIbf7bEyGDY6yRBCs-IFPq6ibpCAO3QClJCFKqvcMTKm4wHJ1UbCNRg03mqiZR5YPFz6gdVmD7TVZz2z9atK6ArqsZ8G02CBHcoCh6VCS63IDuyroH2ORhwykxCM-BgTHQtOGxNp0ifrQ1VSeBN2kQ/fpwjcOkhUaalwg5XhUzwj2Za6QkLTWzFr7eHpJl17B8),,,,,,4/11/2024 3:31pm,,,,,,,,,
"Ice Cream Mix, Vanilla Soft Serve, Gallon","Dairy, Eggs, & Cheese",Ice Cream & Frozen Yogurt,1 Gal.,4/cs,Upstate Niagara Cooperative Inc.,7108,"Upstate Niagara Cooperative Inc.,Latina Boulevard,Renzi Foodservice,Depew Dairy,Hudson Dairy,US Foods Buffalo",,Yes,NY Grown & Certified ,Mercers Dairy NY GC cert.pdf (https://v5.airtableusercontent.com/v3/u/42/42/1749600000000/lW4L4un3ElJtmzTUq_KP7g/u1PNSsmsRs5w7PPJLwnI9sqwg-5ub_tdBOAb7faLo5_2DDZV34iGF6_Q_xiwnjKL1Gzoqr5xX6WqoZ7AgyfwKfeUEJcngi94MsbNG-Xk74QV3vmUtvBH70cAj48unNLDAzBwuTh0FRMmr9_an3cGUaKva5gB7F4kH2IMHpcVRRE/ct4RpXOjLxKTWtVr4zIsEi9JPaH_-HT-IVsm3VRqFaI),Upstate 2023.pdf (https://v5.airtableusercontent.com/v3/u/42/42/1749600000000/wsNdxLYajRuA9lrCOoLNlg/HIbf7bEyGDY6yRBCs-IFPq6ibpCAO3QClJCFKqvcMTKm4wHJ1UbCNRg03mqiZR5YPFz6gdVmD7TVZz2z9atK6ArqsZ8G02CBHcoCh6VCS63IDuyroH2ORhwykxCM-BgTHQtOGxNp0ifrQ1VSeBN2kQ/fpwjcOkhUaalwg5XhUzwj2Za6QkLTWzFr7eHpJl17B8),,,,,,4/11/2024 3:31pm,,,,,,,,,
"Ice Cream Mix, Vanilla, Reduced Fat, Gallon","Dairy, Eggs, & Cheese",Ice Cream & Frozen Yogurt,1 Gal.,4/cs,Upstate Niagara Cooperative Inc.,7120,"Upstate Niagara Cooperative Inc.,Latina Boulevard,Renzi Foodservice,Depew Dairy,Hudson Dairy,US Foods Buffalo",,Yes,NY Grown & Certified ,Mercers Dairy NY GC cert.pdf (https://v5.airtableusercontent.com/v3/u/42/42/1749600000000/lW4L4un3ElJtmzTUq_KP7g/u1PNSsmsRs5w7PPJLwnI9sqwg-5ub_tdBOAb7faLo5_2DDZV34iGF6_Q_xiwnjKL1Gzoqr5xX6WqoZ7AgyfwKfeUEJcngi94MsbNG-Xk74QV3vmUtvBH70cAj48unNLDAzBwuTh0FRMmr9_an3cGUaKva5gB7F4kH2IMHpcVRRE/ct4RpXOjLxKTWtVr4zIsEi9JPaH_-HT-IVsm3VRqFaI),Upstate 2023.pdf (https://v5.airtableusercontent.com/v3/u/42/42/1749600000000/wsNdxLYajRuA9lrCOoLNlg/HIbf7bEyGDY6yRBCs-IFPq6ibpCAO3QClJCFKqvcMTKm4wHJ1UbCNRg03mqiZR5YPFz6gdVmD7TVZz2z9atK6ArqsZ8G02CBHcoCh6VCS63IDuyroH2ORhwykxCM-BgTHQtOGxNp0ifrQ1VSeBN2kQ/fpwjcOkhUaalwg5XhUzwj2Za6QkLTWzFr7eHpJl17B8),,,,,,4/11/2024 3:31pm,,,,,,,,,
"Butter, Salted, Brick, 5 lb.","Dairy, Eggs, & Cheese",Butter,5 lb.,,Ronnybrook Dairy,,Hudson Harvest,,Still Under Review,NY Grown & Certified ,,,,,,,,5/3/2024 2:06pm,,,,,,,,,
"Butter, Unsalted, 36/1 lb.","Dairy, Eggs, & Cheese",Butter,1 lb. ,36/cs,Upstate Niagara Cooperative Inc.,8018,"Upstate Niagara Cooperative Inc.,Latina Boulevard,Renzi Foodservice,Depew Dairy,Hudson Dairy",,Yes,NY Grown & Certified ,Upstate Niagara Cooperative Certificate.pdf (https://v5.airtableusercontent.com/v3/u/42/42/1749600000000/oSLLuxiohSZ2B0ouBNVPOQ/MwKv5G_c5d_TVm0tsiXr6L5Eyr_KSTb2qbDrctYtdya6JhqNumiJPrV76uFF-a9cAnYasXv-X5CDILR7lYlAIWr2FFb8T0aZ2HajsfP6J1YvxEWq45umI-N7Zh6F5b68UlXrxYW1fSZr5gMMexC0MfK4jWo9u5lHhqVcUS4OHESJIdzg9zq9vKI0xK7HMJGe/ByczUdXTXt8RzQGlfJ3onYJytlo3gsE4UhCFYfJfyi8),Upstate 2023.pdf (https://v5.airtableusercontent.com/v3/u/42/42/1749600000000/wsNdxLYajRuA9lrCOoLNlg/HIbf7bEyGDY6yRBCs-IFPq6ibpCAO3QClJCFKqvcMTKm4wHJ1UbCNRg03mqiZR5YPFz6gdVmD7TVZz2z9atK6ArqsZ8G02CBHcoCh6VCS63IDuyroH2ORhwykxCM-BgTHQtOGxNp0ifrQ1VSeBN2kQ/fpwjcOkhUaalwg5XhUzwj2Za6QkLTWzFr7eHpJl17B8),,,,,,4/11/2024 3:31pm,,,"""Upstate Niagara Cooperative, Inc.""","Hudson Dairy, Depew Dairy, ""Upstate Niagara Cooperative, Inc."", Latina Boulevard, Renzi Foodservice",,,,,
"Butter, Quarters, 1 lb.","Dairy, Eggs, & Cheese",Butter,1 lb.,36,Upstate Niagara Cooperative Inc.,8028,"Upstate Niagara Cooperative Inc.,Latina Boulevard,Renzi Foodservice,Depew Dairy,Hudson Dairy",,Yes,NY Grown & Certified ,Upstate Niagara Cooperative Certificate.pdf (https://v5.airtableusercontent.com/v3/u/42/42/1749600000000/oSLLuxiohSZ2B0ouBNVPOQ/MwKv5G_c5d_TVm0tsiXr6L5Eyr_KSTb2qbDrctYtdya6JhqNumiJPrV76uFF-a9cAnYasXv-X5CDILR7lYlAIWr2FFb8T0aZ2HajsfP6J1YvxEWq45umI-N7Zh6F5b68UlXrxYW1fSZr5gMMexC0MfK4jWo9u5lHhqVcUS4OHESJIdzg9zq9vKI0xK7HMJGe/ByczUdXTXt8RzQGlfJ3onYJytlo3gsE4UhCFYfJfyi8),Upstate 2023.pdf (https://v5.airtableusercontent.com/v3/u/42/42/1749600000000/wsNdxLYajRuA9lrCOoLNlg/HIbf7bEyGDY6yRBCs-IFPq6ibpCAO3QClJCFKqvcMTKm4wHJ1UbCNRg03mqiZR5YPFz6gdVmD7TVZz2z9atK6ArqsZ8G02CBHcoCh6VCS63IDuyroH2ORhwykxCM-BgTHQtOGxNp0ifrQ1VSeBN2kQ/fpwjcOkhUaalwg5XhUzwj2Za6QkLTWzFr7eHpJl17B8),,,,,,4/11/2024 3:31pm,,,"""Upstate Niagara Cooperative, Inc.""","Hudson Dairy, Depew Dairy, ""Upstate Niagara Cooperative, Inc."", Latina Boulevard, Renzi Foodservice",,,,,
"Butter, Salted, Solid, 1lb.","Dairy, Eggs, & Cheese",Butter,1 lb.,,Upstate Niagara Cooperative Inc.,8020,"Upstate Niagara Cooperative Inc.,Latina Boulevard,Renzi Foodservice,Depew Dairy,Hudson Dairy",,Yes,NY Grown & Certified ,Upstate Niagara Cooperative Certificate.pdf (https://v5.airtableusercontent.com/v3/u/42/42/1749600000000/oSLLuxiohSZ2B0ouBNVPOQ/MwKv5G_c5d_TVm0tsiXr6L5Eyr_KSTb2qbDrctYtdya6JhqNumiJPrV76uFF-a9cAnYasXv-X5CDILR7lYlAIWr2FFb8T0aZ2HajsfP6J1YvxEWq45umI-N7Zh6F5b68UlXrxYW1fSZr5gMMexC0MfK4jWo9u5lHhqVcUS4OHESJIdzg9zq9vKI0xK7HMJGe/ByczUdXTXt8RzQGlfJ3onYJytlo3gsE4UhCFYfJfyi8),Upstate 2023.pdf (https://v5.airtableusercontent.com/v3/u/42/42/1749600000000/wsNdxLYajRuA9lrCOoLNlg/HIbf7bEyGDY6yRBCs-IFPq6ibpCAO3QClJCFKqvcMTKm4wHJ1UbCNRg03mqiZR5YPFz6gdVmD7TVZz2z9atK6ArqsZ8G02CBHcoCh6VCS63IDuyroH2ORhwykxCM-BgTHQtOGxNp0ifrQ1VSeBN2kQ/fpwjcOkhUaalwg5XhUzwj2Za6QkLTWzFr7eHpJl17B8),,,,,,4/11/2024 3:31pm,,,,,,,,,
"Butter, Salted, Solid, 1lb.","Dairy, Eggs, & Cheese",Butter,1 lb.,36/cs,Upstate Niagara Cooperative Inc.,8019,"Upstate Niagara Cooperative Inc.,Latina Boulevard,Renzi Foodservice,Depew Dairy,Hudson Dairy",,Yes,NY Grown & Certified ,Upstate Niagara Cooperative Certificate.pdf (https://v5.airtableusercontent.com/v3/u/42/42/1749600000000/oSLLuxiohSZ2B0ouBNVPOQ/MwKv5G_c5d_TVm0tsiXr6L5Eyr_KSTb2qbDrctYtdya6JhqNumiJPrV76uFF-a9cAnYasXv-X5CDILR7lYlAIWr2FFb8T0aZ2HajsfP6J1YvxEWq45umI-N7Zh6F5b68UlXrxYW1fSZr5gMMexC0MfK4jWo9u5lHhqVcUS4OHESJIdzg9zq9vKI0xK7HMJGe/ByczUdXTXt8RzQGlfJ3onYJytlo3gsE4UhCFYfJfyi8),,,,,,,4/11/2024 3:31pm,,,,,,,,,
"Eggnog, Original, Half Gallon ","Dairy, Eggs, & Cheese",Other,Half Gallon,9/cs,Byrne Dairy,60685,"Upstate Niagara Cooperative Inc.,Latina Boulevard,Renzi Foodservice,Depew Dairy,Hudson Dairy,US Foods Buffalo",,Yes,NY Grown & Certified ,,,,,,,,4/11/2024 3:32pm,,,,,,,,,
"Eggnog, Original, Quart","Dairy, Eggs, & Cheese",Other,Quart,16/cs,Byrne Dairy,60690,"Upstate Niagara Cooperative Inc.,Latina Boulevard,Renzi Foodservice,Depew Dairy,Hudson Dairy,US Foods Buffalo",,Yes,NY Grown & Certified ,,,,,,,,4/11/2024 3:32pm,,,,,,,,,
"Cappuccino, Vanilla, Low Fat, Pint","Dairy, Eggs, & Cheese",Other,Pint,12/cs,Upstate Niagara Cooperative Inc.,5886,"Upstate Niagara Cooperative Inc.,Latina Boulevard,Renzi Foodservice,Depew Dairy,Hudson Dairy,US Foods Buffalo",,Yes,NY Grown & Certified ,Upstate Niagara Cooperative Certificate.pdf (https://v5.airtableusercontent.com/v3/u/42/42/1749600000000/oSLLuxiohSZ2B0ouBNVPOQ/MwKv5G_c5d_TVm0tsiXr6L5Eyr_KSTb2qbDrctYtdya6JhqNumiJPrV76uFF-a9cAnYasXv-X5CDILR7lYlAIWr2FFb8T0aZ2HajsfP6J1YvxEWq45umI-N7Zh6F5b68UlXrxYW1fSZr5gMMexC0MfK4jWo9u5lHhqVcUS4OHESJIdzg9zq9vKI0xK7HMJGe/ByczUdXTXt8RzQGlfJ3onYJytlo3gsE4UhCFYfJfyi8),Upstate 2023.pdf (https://v5.airtableusercontent.com/v3/u/42/42/1749600000000/wsNdxLYajRuA9lrCOoLNlg/HIbf7bEyGDY6yRBCs-IFPq6ibpCAO3QClJCFKqvcMTKm4wHJ1UbCNRg03mqiZR5YPFz6gdVmD7TVZz2z9atK6ArqsZ8G02CBHcoCh6VCS63IDuyroH2ORhwykxCM-BgTHQtOGxNp0ifrQ1VSeBN2kQ/fpwjcOkhUaalwg5XhUzwj2Za6QkLTWzFr7eHpJl17B8),,,,,,4/11/2024 3:32pm,,,,,,,,,
"Eggnog, Pint","Dairy, Eggs, & Cheese",Other,Pint,12/cs,Upstate Niagara Cooperative Inc.,5896,"Upstate Niagara Cooperative Inc.,Latina Boulevard,Renzi Foodservice,Depew Dairy,Hudson Dairy,US Foods Buffalo",,Yes,NY Grown & Certified ,Upstate Niagara Cooperative Certificate.pdf (https://v5.airtableusercontent.com/v3/u/42/42/1749600000000/oSLLuxiohSZ2B0ouBNVPOQ/MwKv5G_c5d_TVm0tsiXr6L5Eyr_KSTb2qbDrctYtdya6JhqNumiJPrV76uFF-a9cAnYasXv-X5CDILR7lYlAIWr2FFb8T0aZ2HajsfP6J1YvxEWq45umI-N7Zh6F5b68UlXrxYW1fSZr5gMMexC0MfK4jWo9u5lHhqVcUS4OHESJIdzg9zq9vKI0xK7HMJGe/ByczUdXTXt8RzQGlfJ3onYJytlo3gsE4UhCFYfJfyi8),Upstate 2023.pdf (https://v5.airtableusercontent.com/v3/u/42/42/1749600000000/wsNdxLYajRuA9lrCOoLNlg/HIbf7bEyGDY6yRBCs-IFPq6ibpCAO3QClJCFKqvcMTKm4wHJ1UbCNRg03mqiZR5YPFz6gdVmD7TVZz2z9atK6ArqsZ8G02CBHcoCh6VCS63IDuyroH2ORhwykxCM-BgTHQtOGxNp0ifrQ1VSeBN2kQ/fpwjcOkhUaalwg5XhUzwj2Za6QkLTWzFr7eHpJl17B8),,,,,,4/11/2024 3:32pm,,,,,,,,,
"Eggnog, Half Gallon","Dairy, Eggs, & Cheese",Other,Half Gallon,9/cs,Upstate Niagara Cooperative Inc.,5918,"Upstate Niagara Cooperative Inc.,Latina Boulevard,Renzi Foodservice,Depew Dairy,Hudson Dairy,US Foods Buffalo",,Yes,NY Grown & Certified ,Upstate Niagara Cooperative Certificate.pdf (https://v5.airtableusercontent.com/v3/u/42/42/1749600000000/oSLLuxiohSZ2B0ouBNVPOQ/MwKv5G_c5d_TVm0tsiXr6L5Eyr_KSTb2qbDrctYtdya6JhqNumiJPrV76uFF-a9cAnYasXv-X5CDILR7lYlAIWr2FFb8T0aZ2HajsfP6J1YvxEWq45umI-N7Zh6F5b68UlXrxYW1fSZr5gMMexC0MfK4jWo9u5lHhqVcUS4OHESJIdzg9zq9vKI0xK7HMJGe/ByczUdXTXt8RzQGlfJ3onYJytlo3gsE4UhCFYfJfyi8),Upstate 2023.pdf (https://v5.airtableusercontent.com/v3/u/42/42/1749600000000/wsNdxLYajRuA9lrCOoLNlg/HIbf7bEyGDY6yRBCs-IFPq6ibpCAO3QClJCFKqvcMTKm4wHJ1UbCNRg03mqiZR5YPFz6gdVmD7TVZz2z9atK6ArqsZ8G02CBHcoCh6VCS63IDuyroH2ORhwykxCM-BgTHQtOGxNp0ifrQ1VSeBN2kQ/fpwjcOkhUaalwg5XhUzwj2Za6QkLTWzFr7eHpJl17B8),,,,,,4/11/2024 3:32pm,,,,,,,,,
"Eggnog, Quart","Dairy, Eggs, & Cheese",Other,Quart,16/cs,Upstate Niagara Cooperative Inc.,5921,"Upstate Niagara Cooperative Inc.,Latina Boulevard,Renzi Foodservice,Depew Dairy,Hudson Dairy,US Foods Buffalo",,Yes,NY Grown & Certified ,Upstate Niagara Cooperative Certificate.pdf (https://v5.airtableusercontent.com/v3/u/42/42/1749600000000/oSLLuxiohSZ2B0ouBNVPOQ/MwKv5G_c5d_TVm0tsiXr6L5Eyr_KSTb2qbDrctYtdya6JhqNumiJPrV76uFF-a9cAnYasXv-X5CDILR7lYlAIWr2FFb8T0aZ2HajsfP6J1YvxEWq45umI-N7Zh6F5b68UlXrxYW1fSZr5gMMexC0MfK4jWo9u5lHhqVcUS4OHESJIdzg9zq9vKI0xK7HMJGe/ByczUdXTXt8RzQGlfJ3onYJytlo3gsE4UhCFYfJfyi8),Upstate 2023.pdf (https://v5.airtableusercontent.com/v3/u/42/42/1749600000000/wsNdxLYajRuA9lrCOoLNlg/HIbf7bEyGDY6yRBCs-IFPq6ibpCAO3QClJCFKqvcMTKm4wHJ1UbCNRg03mqiZR5YPFz6gdVmD7TVZz2z9atK6ArqsZ8G02CBHcoCh6VCS63IDuyroH2ORhwykxCM-BgTHQtOGxNp0ifrQ1VSeBN2kQ/fpwjcOkhUaalwg5XhUzwj2Za6QkLTWzFr7eHpJl17B8),,,,,,4/11/2024 3:32pm,,,,,,,,,
"Premium Eggnog, Quart","Dairy, Eggs, & Cheese",Other,Quart,16/cs,Upstate Niagara Cooperative Inc.,5924,"Upstate Niagara Cooperative Inc.,Latina Boulevard,Renzi Foodservice,Depew Dairy,Hudson Dairy,US Foods Buffalo",,Yes,NY Grown & Certified ,Upstate Niagara Cooperative Certificate.pdf (https://v5.airtableusercontent.com/v3/u/42/42/1749600000000/oSLLuxiohSZ2B0ouBNVPOQ/MwKv5G_c5d_TVm0tsiXr6L5Eyr_KSTb2qbDrctYtdya6JhqNumiJPrV76uFF-a9cAnYasXv-X5CDILR7lYlAIWr2FFb8T0aZ2HajsfP6J1YvxEWq45umI-N7Zh6F5b68UlXrxYW1fSZr5gMMexC0MfK4jWo9u5lHhqVcUS4OHESJIdzg9zq9vKI0xK7HMJGe/ByczUdXTXt8RzQGlfJ3onYJytlo3gsE4UhCFYfJfyi8),Upstate 2023.pdf (https://v5.airtableusercontent.com/v3/u/42/42/1749600000000/wsNdxLYajRuA9lrCOoLNlg/HIbf7bEyGDY6yRBCs-IFPq6ibpCAO3QClJCFKqvcMTKm4wHJ1UbCNRg03mqiZR5YPFz6gdVmD7TVZz2z9atK6ArqsZ8G02CBHcoCh6VCS63IDuyroH2ORhwykxCM-BgTHQtOGxNp0ifrQ1VSeBN2kQ/fpwjcOkhUaalwg5XhUzwj2Za6QkLTWzFr7eHpJl17B8),,,,,,4/11/2024 3:32pm,,,,,,,,,
"Apples: Cortland, Empire, Fuji, Gala, Gingergold, Honeycrisp, Macoun, McIntosh, Red Delicious, RubyFrost, Snapdragon","Produce, Fresh",Fresh Fruit,,48-198 ct.; 40 lb. bushel,"""United Apple Sales, LLC""",,"""United Apple Sales, LLC"",Brigiotta's Farmland Produce,""James Desiderio, Inc""",,Yes,,,"United Apple Sales list.xlsx (https://v5.airtableusercontent.com/v3/u/42/42/1749600000000/Hamd3-SS23TmTITSZudn4A/iu63bTEEyWvqGet8S5rfZA7r5oaxI7c_EG75bUxpA5PTrf-Pl5mA0I5XQr64RvhI8Z73aW-9AG1Sts8RFXaUKZSSbzAjFaAXLYQq4SyfYmvbhdmxnL25TjlIF9zepVrcqN-r7z9r9nz7wb29X7IOQDOJbdvQA_73j6CsDaeXE88/x-4kCmLvgA-sdh1vgGXhpYfb9MEWr6rZjZvEG0EkGhw),United Apple Sales LLC growers.docx (https://v5.airtableusercontent.com/v3/u/42/42/1749600000000/e7T-zDlBbSKBghwXGNRCng/X_9laxlb_DVjl1NBOOfqzdghFXjjeWobFmTpavmdkUj1T8TR9lu10kMQ58D92PxEvtaInRgzFAYiiqDy4rYn6vTpJUo8q3jYIBsBZOq3r0r85bP7JOglMN2optPYUOYndgKkelxthLOsqMyFDpRpmR2UhUOMbklKWw6r8Vh75sU5NCZ36JRzZcQXWCKX7jwB/9uHw2xI14vdMFMjC5JZQZN666AQIIdNDY_zBP9yMR5g)",,,checked,,,5/22/2024 3:34pm,,,,,,,,,
"Apples: Snapdragon, Rubyfrost","Produce, Fresh",Fresh Fruit,,45-70 ct.; 27 lb. case,"""United Apple Sales, LLC""",,"""United Apple Sales, LLC"",Brigiotta's Farmland Produce,""James Desiderio, Inc""",,Yes,,,"United Apple Sales list.xlsx (https://v5.airtableusercontent.com/v3/u/42/42/1749600000000/Hamd3-SS23TmTITSZudn4A/iu63bTEEyWvqGet8S5rfZA7r5oaxI7c_EG75bUxpA5PTrf-Pl5mA0I5XQr64RvhI8Z73aW-9AG1Sts8RFXaUKZSSbzAjFaAXLYQq4SyfYmvbhdmxnL25TjlIF9zepVrcqN-r7z9r9nz7wb29X7IOQDOJbdvQA_73j6CsDaeXE88/x-4kCmLvgA-sdh1vgGXhpYfb9MEWr6rZjZvEG0EkGhw),United Apple Sales LLC growers.docx (https://v5.airtableusercontent.com/v3/u/42/42/1749600000000/e7T-zDlBbSKBghwXGNRCng/X_9laxlb_DVjl1NBOOfqzdghFXjjeWobFmTpavmdkUj1T8TR9lu10kMQ58D92PxEvtaInRgzFAYiiqDy4rYn6vTpJUo8q3jYIBsBZOq3r0r85bP7JOglMN2optPYUOYndgKkelxthLOsqMyFDpRpmR2UhUOMbklKWw6r8Vh75sU5NCZ36JRzZcQXWCKX7jwB/9uHw2xI14vdMFMjC5JZQZN666AQIIdNDY_zBP9yMR5g)",,,checked,,,5/22/2024 3:34pm,,,,,,,,,
Butterhead Lettuce,"Produce, Fresh",Fresh Vegetables,5 lb,5 lb,Gotham Greens,,"Driscoll Foods - Metro NY,Ace Endico,Hudson Harvest",,Yes,NY Grown & Certified ,,GG_Flyer46.pdf (https://v5.airtableusercontent.com/v3/u/42/42/1749600000000/mM1I4cQO4HpF8NKO6CUJgw/Sz3Lmyn-SiSlHSboE2LYgVnHMTNrkgMqKOk0oH4k0eygZNEfjLlfJ3hJairZ5cIWy54yhy0jDlPGAmEjk-ViUyT30PjQvMOrL0AzkOL2-H8ZXn-7e8ifYvjjUN9_FlpgtVy5ccBGWduzaWdAE6kzZg2FAF5J154xQbpfCyic0V8/MDu8jL6jIHekMYe6wJP6Yq34H3PiMG3rOO_kKrV7xbk),,checked,checked,,,3/5/2025 5:01pm,,,,,,,,,
Crispy Green Leaf Lettuce,"Produce, Fresh",Fresh Vegetables,5 lb,5 lb,Gotham Greens,,"Driscoll Foods - Metro NY,Ace Endico,Hudson Harvest",,Yes,NY Grown & Certified ,,GG_Flyer46.pdf (https://v5.airtableusercontent.com/v3/u/42/42/1749600000000/mM1I4cQO4HpF8NKO6CUJgw/Sz3Lmyn-SiSlHSboE2LYgVnHMTNrkgMqKOk0oH4k0eygZNEfjLlfJ3hJairZ5cIWy54yhy0jDlPGAmEjk-ViUyT30PjQvMOrL0AzkOL2-H8ZXn-7e8ifYvjjUN9_FlpgtVy5ccBGWduzaWdAE6kzZg2FAF5J154xQbpfCyic0V8/MDu8jL6jIHekMYe6wJP6Yq34H3PiMG3rOO_kKrV7xbk),,checked,checked,,,3/5/2025 5:00pm,,,,,,,,,
Basil,"Produce, Fresh",Fresh Vegetables,1 kilo,1 kilo,Gotham Greens,,"Driscoll Foods - Metro NY,Ace Endico,Hudson Harvest",,Yes,NY Grown & Certified ,,GG_Flyer46.pdf (https://v5.airtableusercontent.com/v3/u/42/42/1749600000000/mM1I4cQO4HpF8NKO6CUJgw/Sz3Lmyn-SiSlHSboE2LYgVnHMTNrkgMqKOk0oH4k0eygZNEfjLlfJ3hJairZ5cIWy54yhy0jDlPGAmEjk-ViUyT30PjQvMOrL0AzkOL2-H8ZXn-7e8ifYvjjUN9_FlpgtVy5ccBGWduzaWdAE6kzZg2FAF5J154xQbpfCyic0V8/MDu8jL6jIHekMYe6wJP6Yq34H3PiMG3rOO_kKrV7xbk),,checked,checked,,,3/5/2025 5:01pm,,,,,,,,,
Spring Mix,"Produce, Fresh",Fresh Vegetables,5 lb,5 lb,Gotham Greens,,"Driscoll Foods - Metro NY,Ace Endico,Hudson Harvest",,Yes,NY Grown & Certified ,,GG_Flyer46.pdf (https://v5.airtableusercontent.com/v3/u/42/42/1749600000000/mM1I4cQO4HpF8NKO6CUJgw/Sz3Lmyn-SiSlHSboE2LYgVnHMTNrkgMqKOk0oH4k0eygZNEfjLlfJ3hJairZ5cIWy54yhy0jDlPGAmEjk-ViUyT30PjQvMOrL0AzkOL2-H8ZXn-7e8ifYvjjUN9_FlpgtVy5ccBGWduzaWdAE6kzZg2FAF5J154xQbpfCyic0V8/MDu8jL6jIHekMYe6wJP6Yq34H3PiMG3rOO_kKrV7xbk),,checked,checked,,,3/5/2025 5:02pm,,,,,,,,,
Brooklyn Crunch Lettuce,"Produce, Fresh",Fresh Vegetables,5 lb,5 lb,Gotham Greens,,"Driscoll Foods - Metro NY,Ace Endico,Hudson Harvest",,Yes,NY Grown & Certified ,,GG_Flyer46.pdf (https://v5.airtableusercontent.com/v3/u/42/42/1749600000000/mM1I4cQO4HpF8NKO6CUJgw/Sz3Lmyn-SiSlHSboE2LYgVnHMTNrkgMqKOk0oH4k0eygZNEfjLlfJ3hJairZ5cIWy54yhy0jDlPGAmEjk-ViUyT30PjQvMOrL0AzkOL2-H8ZXn-7e8ifYvjjUN9_FlpgtVy5ccBGWduzaWdAE6kzZg2FAF5J154xQbpfCyic0V8/MDu8jL6jIHekMYe6wJP6Yq34H3PiMG3rOO_kKrV7xbk),,checked,checked,,,3/5/2025 5:02pm,,,,,,,,,
Romaine Lettuce ,"Produce, Fresh",Fresh Vegetables,5 lb,5 lb,Gotham Greens,,"Driscoll Foods - Metro NY,Ace Endico,Hudson Harvest",,Yes,NY Grown & Certified ,,GG_Flyer46.pdf (https://v5.airtableusercontent.com/v3/u/42/42/1749600000000/mM1I4cQO4HpF8NKO6CUJgw/Sz3Lmyn-SiSlHSboE2LYgVnHMTNrkgMqKOk0oH4k0eygZNEfjLlfJ3hJairZ5cIWy54yhy0jDlPGAmEjk-ViUyT30PjQvMOrL0AzkOL2-H8ZXn-7e8ifYvjjUN9_FlpgtVy5ccBGWduzaWdAE6kzZg2FAF5J154xQbpfCyic0V8/MDu8jL6jIHekMYe6wJP6Yq34H3PiMG3rOO_kKrV7xbk),,checked,checked,,,3/5/2025 5:02pm,,,,,,,,,